Episode,Reward,Steps,Duration(s),ActorLoss,CriticLoss,Entropy,AdvantageMean,AdvantageStd,ValueMean
1,-49.34239539921358,300,95.82,0.163705,15314.142019,0.011726,0.0,1.0,-249.2963
2,-104.29726254385349,300,42.8,-0.002195,22512.261655,0.01,0.0,1.0,-319.74176
3,-100.74206988297897,300,44.95,-0.00096,27351.28403,0.01,0.0,1.0,-355.68735
4,-101.86737715146806,300,45.78,-0.003015,28313.708711,0.01,-0.0,1.0,-357.4778
5,-107.89310588401493,300,48.25,-0.000533,17916.637302,0.01,-0.0,1.0,-275.10333
6,-110.53864342727978,300,46.4,-0.000496,16160.050005,0.01,0.0,1.0,-253.6334
7,-106.14910291728471,300,50.76,-0.00204,21797.264531,0.01,0.0,1.0,-305.99033
8,-102.93804095735912,300,55.32,0.001394,24707.562134,0.01,-0.0,1.0,-336.4598
9,-95.23951961338334,300,52.29,3.5e-05,38821.953945,0.01,0.0,1.0,-438.22015
10,-117.37362877021965,300,51.86,-0.004216,8525.250267,0.01,-0.0,1.0,-166.73602
11,-101.50580307739402,300,51.81,-0.001821,28839.749648,0.01,-0.0,1.0,-358.1993
12,-115.46568717477804,300,51.74,0.000505,10105.512715,0.01,0.0,1.0,-193.1163
13,-95.66179216406495,300,51.19,-0.001959,38501.978286,0.01,-0.0,1.0,-430.76605
14,-94.15330931694571,300,51.58,-0.002394,40825.414902,0.01,-0.0,1.0,-443.61142
15,-100.39653734312824,300,51.55,0.00196,28230.728594,0.01,0.0,1.0,-363.42963
16,-92.92787137105317,300,51.29,0.001057,37776.75749,0.01,0.0,1.0,-432.24786
17,-102.11832103082106,300,51.34,0.001685,24707.655801,0.01,0.0,1.0,-340.40808
18,-104.63133844270209,300,51.3,-0.000584,22304.872588,0.01,-0.0,1.0,-314.10095
19,-93.42171540580631,300,51.56,0.000818,38176.424639,0.01,0.0,1.0,-433.96402
20,-115.54729462456739,300,54.63,0.00485,10620.504855,0.01,0.0,1.0,-194.72351
21,-102.13836971109693,300,51.9,0.001781,25811.197988,0.01,0.0,1.0,-341.04358
22,-101.7373092816275,300,51.65,0.000137,26068.192666,0.01,-0.0,1.0,-348.44363
23,-95.34434467048101,300,52.69,0.000987,40362.538137,0.01,-0.0,1.0,-443.92874
24,-96.30243754561931,300,51.4,-0.003244,37521.521924,0.01,0.0,1.0,-422.2708
25,-95.17171246262151,300,55.32,0.000503,41016.811904,0.01,-0.0,1.0,-449.32715
26,-94.05214675896495,300,52.3,-0.005278,39055.44207,0.01,-0.0,1.0,-435.25043
27,-99.7621518212427,300,51.74,-0.005659,32297.716406,0.01,-0.0,1.0,-381.36166
28,-108.86424324833422,300,51.79,-0.004926,16626.920674,0.01,-0.0,1.0,-263.8988
29,-95.46607390925573,300,51.8,0.002808,38951.577126,0.01,0.0,1.0,-441.17822
30,-106.78403381130661,300,51.81,-0.00204,19524.916287,0.01,0.0,1.0,-290.32028
31,-104.06652480516108,300,52.24,-0.000131,23656.209824,0.01,0.0,1.0,-326.43744
32,-93.58560900379082,300,52.04,0.000429,39452.715239,0.01,-0.0,1.0,-439.64417
33,-99.05748805066982,300,51.97,0.002967,31141.619727,0.01,0.0,1.0,-380.81534
34,-114.15351121942037,300,52.15,0.000568,10678.569673,0.01,-0.0,1.0,-201.77977
35,-111.74646523510157,300,52.05,0.003324,13392.644481,0.01,-0.0,1.0,-231.96872
36,-100.1022771420498,300,51.8,-0.000563,30529.132732,0.01,0.0,1.0,-376.8615
37,-111.15411987002896,300,51.93,-0.00507,14620.13769,0.01,0.0,1.0,-242.70477
38,-114.30203844976565,300,52.32,-0.000261,11109.599641,0.01,0.0,1.0,-206.5182
39,-104.2992350662805,300,51.86,-0.000524,22804.619739,0.01,-0.0,1.0,-321.08243
40,-100.85192572578933,300,52.09,-0.001579,28302.029687,0.01,0.0,1.0,-358.22888
41,-110.47868898777996,300,52.16,-0.003612,16322.51168,0.01,0.0,1.0,-256.45105
42,-94.98245302677124,300,51.54,-0.000948,39122.831299,0.01,0.0,1.0,-441.5418
43,-112.02835169880628,300,52.15,-0.002642,13903.198105,0.01,0.0,1.0,-232.53188
44,-106.64725754043933,300,52.1,-0.001834,19707.691252,0.01,-0.0,1.0,-290.76105
45,-112.69975218384309,300,52.64,-0.003388,14272.801067,0.01,0.0,1.0,-230.84276
46,-105.66357485107494,300,52.23,-0.000431,20330.460293,0.01,0.0,1.0,-297.57623
47,-101.07282145463965,300,51.87,0.000552,28506.798711,0.01,0.0,1.0,-360.4621
48,-102.17853358762443,300,52.3,-0.000284,26756.223047,0.01,-0.0,1.0,-348.93723
49,-108.69366008570553,300,52.1,-0.000846,16473.182375,0.01,0.0,1.0,-263.9862
50,-97.21276930140573,300,51.69,0.004071,33364.248433,0.01,0.0,1.0,-402.0617
51,-96.57783046078501,300,51.98,-0.000195,36991.828135,0.01,0.0,1.0,-418.99493
52,-102.63218166513622,300,52.04,-0.001867,24379.103477,0.01,0.0,1.0,-334.75418
53,-114.79370305620301,300,52.48,-0.00067,10281.667246,0.01,0.0,1.0,-195.45721
54,-111.23778548892179,300,52.38,0.000862,13925.193517,0.01,0.0,1.0,-239.13019
55,-100.6609236302418,300,52.63,-0.002103,29977.469375,0.01,-0.0,1.0,-370.67548
56,-100.11802994984814,300,52.14,-0.000475,31704.963408,0.01,0.0,1.0,-379.11533
57,-102.69574856961218,300,52.61,0.002045,25186.288752,0.01,0.0,1.0,-337.94098
58,-92.87944538626357,300,53.76,-0.000847,38196.136763,0.01,0.0,1.0,-431.4329
59,-94.22524722751992,300,52.71,-0.000498,38158.151523,0.01,0.0,1.0,-435.27414
60,-94.41837783428694,300,52.2,0.000385,40453.141572,0.01,0.0,1.0,-444.27512
61,-110.610872418827,300,52.88,-0.000495,14641.093076,0.01,0.0,1.0,-247.53873
62,-112.46917720326812,300,52.75,-0.003177,13611.107849,0.01,0.0,1.0,-232.55807
63,-112.2815397565397,300,52.47,-0.000129,13872.177878,0.01,-0.0,1.0,-229.27225
64,-95.36117321230955,300,51.99,-0.000399,41992.301934,0.01,-0.0,1.0,-449.9876
65,-101.63902839584661,300,52.33,-0.003169,27511.346997,0.01,0.0,1.0,-351.4776
66,-95.17665259824348,300,51.81,-0.002209,42044.332959,0.01,0.0,1.0,-453.95932
67,-99.75953268112357,300,53.15,0.0025,30549.923044,0.01,-0.0,1.0,-378.48596
68,-105.55330078170985,300,52.58,-0.000367,20748.874778,0.01,0.0,1.0,-300.27158
69,-99.15072932118392,300,52.28,-0.001969,30586.518467,0.01,-0.0,1.0,-376.09036
70,-113.40098272939183,300,57.31,0.001778,12462.793107,0.01,0.0,1.0,-221.4487
71,-107.40713840032024,300,52.26,0.000874,19196.218677,0.01,-0.0,1.0,-290.37848
72,-102.54616090979728,300,52.66,-0.001779,26437.189341,0.01,-0.0,1.0,-346.32755
73,-102.47452703020886,300,52.24,-0.002173,24755.21032,0.01,0.0,1.0,-337.10965
74,-94.06479745002474,300,52.51,-0.001932,38622.175,0.01,0.0,1.0,-437.07504
75,-109.18427014904296,300,52.26,-0.002179,18083.387988,0.01,0.0,1.0,-273.16537
76,-98.16021343975888,300,52.41,-0.000349,34082.879927,0.01,0.0,1.0,-400.44363
77,-99.27363701113701,300,52.48,0.002122,30736.485298,0.01,-0.0,1.0,-379.40222
78,-106.7729085729085,300,52.19,0.00497,19445.99246,0.01,0.0,1.0,-291.761
79,-115.50318276000095,300,52.5,0.004593,10322.835527,0.01,-0.0,1.0,-191.76521
80,-93.14080107602831,300,52.48,-0.001082,38364.914805,0.01,0.0,1.0,-432.4516
81,-106.21355012832291,300,52.34,-0.002062,20012.966973,0.01,0.0,1.0,-293.03903
82,-99.85888812366083,300,52.3,-0.001145,28792.488999,0.01,0.0,1.0,-367.24695
83,-114.55384409361683,300,52.64,-0.000966,11170.875339,0.01,0.0,1.0,-201.71509
84,-97.33180464316828,300,52.14,-0.000516,35328.292363,0.01,-0.0,1.0,-409.77896
85,-102.95110398860402,300,52.58,0.000683,25318.142261,0.01,-0.0,1.0,-336.44412
86,-115.07620847166295,300,52.5,0.00085,10983.456349,0.01,-0.0,1.0,-201.30739
87,-112.64011060488332,300,52.5,0.001898,12318.094141,0.01,0.0,1.0,-221.29036
88,-107.36777742459557,300,52.37,0.000152,18831.712107,0.01,0.0,1.0,-285.92725
89,-112.74632425655149,300,52.55,-0.003402,12754.005435,0.01,0.0,1.0,-225.13211
90,-106.49559316945684,300,52.67,-2e-06,21067.651965,0.01,0.0,1.0,-301.5951
91,-92.93062001130188,300,52.02,-0.001458,38812.612117,0.01,-0.0,1.0,-434.38223
92,-99.22772244590423,300,52.32,-0.002921,31449.64583,0.01,0.0,1.0,-381.59653
93,-98.29687021732472,300,52.33,-0.00262,33162.651289,0.01,-0.0,1.0,-394.24924
94,-101.13101204351206,300,52.19,-0.004709,29341.207661,0.01,0.0,1.0,-362.66974
95,-117.84499099385455,300,53.01,0.000738,7909.51683,0.01,-0.0,1.0,-162.18819
96,-100.25015657742931,300,52.58,0.001117,28600.743975,0.01,0.0,1.0,-364.27783
97,-102.84589013679923,300,52.73,0.000613,25237.811572,0.01,0.0,1.0,-337.72705
98,-116.96660721433449,300,52.72,-0.00344,9344.290367,0.01,-0.0,1.0,-175.23265
99,-94.62516216948039,300,52.26,-0.0012,41443.915259,0.01,-0.0,1.0,-448.73218
100,-107.57464593487319,300,52.49,0.000817,18978.822461,0.01,-0.0,1.0,-285.84827
101,-109.72456440865533,300,53.28,0.001441,16214.67597,0.01,-0.0,1.0,-256.91885
102,-110.6476798874527,300,52.72,-2.4e-05,14636.666147,0.01,-0.0,1.0,-243.59396
103,-93.92372766122764,300,52.57,-0.003268,38459.94126,0.01,0.0,1.0,-433.56854
104,-99.09648289421018,300,52.34,-0.000383,33037.946289,0.01,-0.0,1.0,-390.24576
105,-102.81884109156836,300,52.53,-0.001841,25349.961589,0.01,-0.0,1.0,-338.90616
106,-95.22795996091457,300,52.63,-0.001037,40238.723379,0.01,-0.0,1.0,-443.35568
107,-99.84479968684508,300,52.37,-0.002715,32047.635928,0.01,0.0,1.0,-379.85947
108,-104.650370252643,300,52.71,-0.000555,22018.545405,0.01,0.0,1.0,-315.81256
109,-101.20955828683107,300,52.51,-0.000529,27515.05584,0.01,-0.0,1.0,-356.5763
110,-93.64264586423674,300,52.57,-0.000589,40673.456299,0.01,0.0,1.0,-443.6375
111,-97.18874467283555,300,52.65,-0.001509,36590.864141,0.01,0.0,1.0,-414.54794
112,-103.78252572343483,300,52.49,-0.001617,23077.418098,0.01,0.0,1.0,-321.915
113,-101.30758046667142,300,52.64,0.000367,27592.74397,0.01,0.0,1.0,-355.21323
114,-113.39805838101285,300,53.25,-8.4e-05,11719.464941,0.01,0.0,1.0,-211.36038
115,-97.73742023969305,300,52.0,-0.000634,32892.480112,0.01,-0.0,1.0,-394.29092
116,-103.84046260978081,300,52.83,-0.000474,23246.954639,0.01,0.0,1.0,-322.66626
117,-94.99794418544425,300,52.52,-0.004027,41875.512354,0.01,0.0,1.0,-450.35928
118,-114.40976636999368,300,53.26,-0.003124,10710.550779,0.01,0.0,1.0,-198.91475
119,-113.78575351416264,300,53.05,-0.000311,11241.34719,0.01,-0.0,1.0,-204.83781
120,-93.27692602010791,300,52.33,0.00222,37514.184219,0.01,-0.0,1.0,-431.31384
121,-99.1242144639872,300,52.56,0.002589,31952.071025,0.01,0.0,1.0,-388.9914
122,-106.4961815120906,300,52.89,-0.00325,21021.602905,0.01,-0.0,1.0,-301.47583
123,-94.57926438040072,300,52.47,0.001914,40242.17751,0.01,-0.0,1.0,-443.88058
124,-116.51081944150125,300,54.1,0.001176,9210.837026,0.01,0.0,1.0,-179.5182
125,-95.39882331473248,300,52.39,0.000189,40036.821638,0.01,0.0,1.0,-444.75134
126,-108.02505533187353,300,53.72,-0.000448,18373.181658,0.01,0.0,1.0,-278.27744
127,-108.03634450566271,300,53.38,0.000582,17546.768794,0.01,0.0,1.0,-276.4751
128,-102.90854023922209,300,52.54,1.6e-05,24122.944072,0.01,0.0,1.0,-330.37158
129,-115.22585882131337,300,53.57,-0.001805,10731.528958,0.01,0.0,1.0,-195.6942
130,-101.83986602622966,300,52.95,0.00059,27273.708867,0.01,0.0,1.0,-351.91187
131,-110.81585287608024,300,53.25,8.7e-05,14569.814434,0.01,-0.0,1.0,-243.61258
132,-95.2370652916107,300,52.5,0.001408,39367.767861,0.01,0.0,1.0,-444.34708
133,-103.98626062489697,300,52.76,-0.003066,23473.939631,0.01,0.0,1.0,-323.6496
134,-99.83898601398595,300,53.04,-0.00251,29447.034355,0.01,0.0,1.0,-369.6494
135,-106.03288155447241,300,53.97,0.000911,21557.224663,0.01,0.0,1.0,-307.42355
136,-110.62619287278378,300,53.13,0.00079,15036.500094,0.01,0.0,1.0,-248.1952
137,-100.28703909726636,300,53.21,0.000304,29021.244229,0.01,0.0,1.0,-364.71225
138,-112.67868133549956,300,53.15,0.001403,13955.928833,0.01,-0.0,1.0,-231.61424
139,-108.0289362152999,300,57.25,-0.003289,18702.061704,0.01,0.0,1.0,-283.0102
140,-108.71135510112778,300,53.3,0.000174,18304.859868,0.01,-0.0,1.0,-279.04526
141,-94.67770007770012,300,52.7,6.9e-05,40672.783301,0.01,0.0,1.0,-447.5647
142,-98.83053613053619,300,53.86,-0.003073,33347.802954,0.01,-0.0,1.0,-392.7246
143,-106.02968025240757,300,54.55,-0.002908,21823.472778,0.01,0.0,1.0,-308.00775
144,-102.85108868404319,300,52.8,-0.000996,26786.818359,0.01,0.0,1.0,-347.76624
145,-113.99103358762456,300,53.1,0.000341,10460.508381,0.01,-0.0,1.0,-201.7574
146,-110.32785165171519,300,53.29,-0.001926,15463.458174,0.01,0.0,1.0,-249.65094
147,-114.98500300204843,300,53.05,-0.00075,11211.812283,0.01,-0.0,1.0,-200.05756
148,-93.93294542158176,300,53.14,-0.002452,38179.212461,0.01,-0.0,1.0,-433.92953
149,-109.39735702008434,300,52.75,-0.002136,16120.709014,0.01,0.0,1.0,-258.7099
150,-106.36945857173127,300,53.03,-0.002363,20716.394409,0.01,-0.0,1.0,-298.81342
151,-100.25296496432863,300,52.93,-0.002786,29705.304106,0.01,0.0,1.0,-372.7699
152,-100.38581208353929,300,52.98,0.000214,29966.811235,0.01,-0.0,1.0,-371.33957
153,-95.0591939205575,300,53.21,-0.002744,41803.707432,0.01,0.0,1.0,-450.28818
154,-102.51227131454411,300,52.9,0.000134,24646.817817,0.01,-0.0,1.0,-335.2603
155,-93.73846889642347,300,52.96,-0.001118,40422.90293,0.01,0.0,1.0,-442.75052
156,-97.80074580301854,300,52.58,-0.003401,33918.294004,0.01,0.0,1.0,-397.29416
157,-111.4885006828189,300,53.11,-0.001607,13652.313835,0.01,0.0,1.0,-232.53156
158,-100.09160250523884,300,53.06,0.000684,28590.775771,0.01,-0.0,1.0,-365.7791
159,-100.83341221068498,300,52.6,-0.000956,29982.682939,0.01,-0.0,1.0,-370.27405
160,-99.18870229097496,300,53.02,-0.001586,31941.363384,0.01,0.0,1.0,-382.47928
161,-107.70286371877283,300,52.96,-0.000525,19073.336697,0.01,0.0,1.0,-281.46335
162,-97.07502177956724,300,52.34,-5.7e-05,35065.520181,0.01,0.0,1.0,-408.25415
163,-110.70871771326321,300,53.32,-0.0023,14466.57127,0.01,0.0,1.0,-240.32805
164,-99.39803159803158,300,52.76,0.001709,30286.506519,0.01,-0.0,1.0,-378.5981
165,-114.20615714252082,300,53.38,-0.002635,10703.950005,0.01,-0.0,1.0,-203.20029
166,-93.51213739963738,300,53.05,0.000114,38559.020156,0.01,0.0,1.0,-436.36157
167,-108.70211585552495,300,53.24,-0.001997,16436.003165,0.01,0.0,1.0,-261.7115
168,-106.30027577641216,300,53.1,0.001527,21895.364756,0.01,0.0,1.0,-306.92203
169,-96.9074992347719,300,53.33,-0.000306,34692.5248,0.01,-0.0,1.0,-405.49512
170,-115.6948938687575,300,53.29,0.00036,9160.383766,0.01,-0.0,1.0,-180.77437
171,-104.37915989734174,300,53.21,0.002097,22079.682495,0.01,-0.0,1.0,-318.79956
172,-105.94080549080545,300,53.22,0.00052,21453.636646,0.01,0.0,1.0,-307.80637
173,-99.2917723269996,300,52.84,-0.001792,31140.660056,0.01,0.0,1.0,-379.42276
174,-100.43328565374021,300,53.19,-0.000417,30832.793657,0.01,0.0,1.0,-374.2303
175,-115.68079277624727,300,53.16,-0.002817,10026.523206,0.01,-0.0,1.0,-187.01318
176,-114.50798073979898,300,53.09,-0.006092,11636.554496,0.01,0.0,1.0,-203.13179
177,-112.36381619222531,300,53.19,-0.000647,12727.114353,0.01,0.0,1.0,-224.5981
178,-97.21625344352613,300,117.1,-0.005018,34031.135142,0.01,0.0,1.0,-403.20667
179,-96.57552064938429,300,141.82,0.001238,34809.186553,0.01,-0.0,1.0,-410.35272
180,-97.04437733983185,300,141.68,-0.004739,37399.077832,0.01,-0.0,1.0,-417.86072
181,-107.78969620446892,300,92.09,-0.004005,18393.390774,0.01,0.0,1.0,-277.34952
182,-108.93791469473288,300,46.85,-0.002857,16070.296101,0.01,-0.0,1.0,-260.3254
183,-109.16003449412537,300,48.04,-0.002728,15865.172974,0.01,-0.0,1.0,-257.29202
184,-110.28622589531675,300,51.99,-0.000153,14564.963162,0.01,0.0,1.0,-243.95164
185,-95.59145946645947,300,53.05,0.001545,39200.978843,0.01,-0.0,1.0,-440.84338
186,-96.37348749735122,300,53.36,-0.00092,38810.926396,0.01,-0.0,1.0,-429.4021
187,-108.85975371429925,300,53.57,0.000704,16150.795048,0.01,0.0,1.0,-262.51865
188,-102.79765899084077,300,52.71,-0.002584,25108.541311,0.01,-0.0,1.0,-336.7424
189,-100.97634680134678,300,57.31,-0.004541,28189.268672,0.01,0.0,1.0,-357.837
190,-97.7538123072214,300,52.65,-0.000461,33846.239922,0.01,0.0,1.0,-399.62152
191,-116.69438587506767,300,53.26,-7e-06,8713.089124,0.01,-0.0,1.0,-175.58617
192,-114.27030414871335,300,53.3,0.000662,10747.217617,0.01,0.0,1.0,-201.76425
193,-102.07232317345957,300,52.77,-0.00152,28024.812729,0.01,-0.0,1.0,-352.66263
194,-94.22707994867085,300,53.1,-0.001659,41819.898066,0.01,0.0,1.0,-452.36963
195,-104.39572031503853,300,53.14,-0.000655,24038.672344,0.01,-0.0,1.0,-325.78693
196,-114.4659982694074,300,53.15,-0.005214,10777.442626,0.01,0.0,1.0,-202.38223
197,-100.85461020461025,300,53.23,-0.000972,28552.798286,0.01,0.0,1.0,-360.15482
198,-94.82788226083682,300,52.93,-0.003026,39486.39353,0.01,0.0,1.0,-441.04245
199,-98.92161769207223,300,53.24,-0.000258,32540.750356,0.01,0.0,1.0,-389.50708
200,-117.17277289209113,300,54.1,-0.003745,8559.614751,0.01,-0.0,1.0,-170.04657
201,-102.54078989192627,300,57.3,-0.004019,26722.606123,0.01,0.0,1.0,-345.93015
202,-99.39338224906406,300,53.61,-0.004485,31979.320786,0.01,-0.0,1.0,-383.05072
203,-97.53630830449015,300,53.58,-0.00204,33107.246108,0.01,0.0,1.0,-397.05716
204,-110.44274534388175,300,53.45,0.00158,15830.581846,0.01,-0.0,1.0,-255.39778
205,-116.50744419721696,300,53.92,-0.001824,9780.010347,0.01,0.0,1.0,-183.877
206,-94.89100415577694,300,53.71,-0.000804,40958.194165,0.01,0.0,1.0,-449.73563
207,-96.21440247462971,300,53.3,0.001167,37930.308704,0.01,0.0,1.0,-428.86142
208,-111.64982723505449,300,53.64,0.000433,14852.671343,0.01,0.0,1.0,-245.71307
209,-109.98414653528292,300,53.43,-0.004145,15319.465779,0.01,0.0,1.0,-250.24321
210,-105.66806526806528,300,54.07,-0.003647,21413.514795,0.01,-0.0,1.0,-305.8211
211,-105.82154028631305,300,53.27,-0.002405,21922.439702,0.01,0.0,1.0,-308.76746
212,-113.74505015186833,300,53.82,0.000112,12177.194581,0.01,0.0,1.0,-217.79109
213,-112.6427306279579,300,53.51,-0.00206,11821.339198,0.01,0.0,1.0,-215.60818
214,-107.4428533587625,300,54.09,-0.001955,19180.592388,0.01,0.0,1.0,-284.99957
215,-96.92776306185395,300,53.16,-0.0001,34231.103838,0.01,-0.0,1.0,-405.74103
216,-111.23353729603735,300,53.58,0.000217,14304.723696,0.01,-0.0,1.0,-236.52838
217,-96.26337795201431,300,53.32,-0.001049,38160.873281,0.01,-0.0,1.0,-430.33896
218,-114.62466771444046,300,53.74,0.000601,10082.869061,0.01,0.0,1.0,-193.40494
219,-115.9314641166914,300,53.6,-0.005519,10294.051768,0.01,0.0,1.0,-184.74097
220,-92.365662452026,300,53.25,-0.005986,38381.01064,0.01,0.0,1.0,-425.52246
221,-94.28330772762592,300,53.19,-0.002356,40552.123047,0.01,-0.0,1.0,-445.30057
222,-93.68344193685108,300,53.1,-0.003043,40173.835183,0.01,0.0,1.0,-441.85678
223,-102.61937557392099,300,53.47,-0.002936,26582.583384,0.01,0.0,1.0,-345.25842
224,-111.81468031127123,300,53.79,-0.005141,14408.281949,0.01,0.0,1.0,-232.27266
225,-98.46335793835797,300,53.43,-0.000152,31068.611333,0.01,0.0,1.0,-384.38235
226,-101.42003749617383,300,53.57,0.002303,28496.992446,0.01,-0.0,1.0,-360.67554
227,-101.32086394245493,300,53.01,-0.002187,26287.764312,0.01,0.0,1.0,-349.86288
228,-95.74111687975322,300,53.67,-0.00196,41588.70606,0.01,-0.0,1.0,-445.3803
229,-105.02168832850643,300,53.2,-0.002331,22473.37625,0.01,0.0,1.0,-312.58792
230,-104.56037060582513,300,53.08,-0.005081,22073.487007,0.01,-0.0,1.0,-312.36295
231,-118.4030494337313,300,54.11,-0.002823,7252.801602,0.01,0.0,1.0,-147.83784
232,-94.54212315462314,300,53.06,-0.00169,41933.641006,0.01,0.0,1.0,-452.0791
233,-109.89786059899693,300,53.26,-0.000312,16760.200232,0.01,0.0,1.0,-261.0987
234,-96.50095418049962,300,53.2,-0.000929,35189.622656,0.01,0.0,1.0,-416.43307
235,-101.08340632431545,300,53.03,-0.002958,26957.764448,0.01,0.0,1.0,-352.0567
236,-101.05698918085278,300,52.95,-0.004368,30818.313887,0.01,0.0,1.0,-368.07962
237,-103.54447446492905,300,53.34,-0.001658,25026.551855,0.01,0.0,1.0,-333.33685
238,-99.1188487438488,300,52.86,3.1e-05,31187.973281,0.01,-0.0,1.0,-382.11432
239,-98.4319488592216,300,53.22,-0.004071,31880.307957,0.01,0.0,1.0,-388.3279
240,-114.84024451978999,300,53.41,7e-05,10491.542344,0.01,-0.0,1.0,-194.85411
241,-102.58967089308001,300,53.18,0.001165,25814.732222,0.01,0.0,1.0,-340.3925
242,-114.31525187775188,300,54.27,-0.00328,10651.442722,0.01,0.0,1.0,-197.89302
243,-116.12390778413506,300,53.19,-0.002155,9491.328564,0.01,0.0,1.0,-179.45909
244,-108.99640431117703,300,53.72,-0.003089,18038.261733,0.01,-0.0,1.0,-273.26376
245,-116.42435868004048,300,53.44,-0.001153,8889.159863,0.01,0.0,1.0,-173.9523
246,-95.41226042476042,300,52.78,-0.00056,40944.172715,0.01,-0.0,1.0,-450.44473
247,-98.98606254856246,300,53.34,-0.000128,32029.863369,0.01,0.0,1.0,-386.1329
248,-115.08507952485222,300,53.06,-0.000538,10135.319189,0.01,0.0,1.0,-194.9485
249,-101.40939229121048,300,52.94,-0.002091,27055.794434,0.01,0.0,1.0,-350.27145
250,-112.5387014080196,300,53.35,-0.003088,13140.493298,0.01,0.0,1.0,-228.78773
251,-111.57552388688744,300,53.1,-0.001379,13458.044038,0.01,0.0,1.0,-231.08324
252,-101.6608206187752,300,53.67,0.003114,26196.709072,0.01,-0.0,1.0,-350.14694
253,-106.0185026253208,300,53.66,-0.001389,20925.357871,0.01,-0.0,1.0,-301.80795
254,-109.1450498575498,300,53.47,-0.002413,15678.412642,0.01,0.0,1.0,-256.34024
255,-102.71493313084213,300,53.04,0.000345,25485.356201,0.01,-0.0,1.0,-339.42368
256,-108.05200666337036,300,53.75,-0.000252,18506.721438,0.01,0.0,1.0,-282.55725
257,-104.65900673400667,300,53.5,-0.001448,22389.376763,0.01,-0.0,1.0,-313.57022
258,-115.24200807609898,300,53.03,-0.000855,9944.525282,0.01,-0.0,1.0,-190.93175
259,-104.49287454969271,300,53.09,-0.002808,21995.966484,0.01,0.0,1.0,-312.4285
260,-94.66214240305155,300,53.23,0.003424,38809.327217,0.01,-0.0,1.0,-441.44275
261,-109.54519113041842,300,53.05,-0.002798,17487.904771,0.01,-0.0,1.0,-266.60162
262,-103.55803283416923,300,53.53,-0.001336,23162.245498,0.01,-0.0,1.0,-324.52286
263,-94.17412322525966,300,52.78,-0.001317,38480.086665,0.01,0.0,1.0,-437.4321
264,-95.00713898895717,300,53.06,-0.000662,39118.654023,0.01,0.0,1.0,-441.48572
265,-104.73833380424288,300,57.73,-0.000384,22216.201533,0.01,0.0,1.0,-313.17337
266,-94.1925699300699,300,53.12,0.000149,40495.484224,0.01,-0.0,1.0,-444.14114
267,-98.31728650137748,300,52.71,0.000898,33185.069844,0.01,0.0,1.0,-396.41574
268,-104.03996315132675,300,56.23,-0.002705,24391.072686,0.01,0.0,1.0,-324.60266
269,-106.47027766005041,300,54.11,-0.001004,21671.065503,0.01,0.0,1.0,-305.61765
270,-102.86568099409008,300,53.26,-0.001438,24483.506465,0.01,0.0,1.0,-335.7059
271,-106.28059411127597,300,53.28,-0.001643,20477.716626,0.01,0.0,1.0,-296.3636
272,-107.75278336982888,300,53.13,-0.003438,19257.810476,0.01,-0.0,1.0,-285.84875
273,-110.99448506039417,300,53.26,-0.005145,14049.395996,0.01,0.0,1.0,-236.3137
274,-107.56346889642342,300,53.43,-0.000829,19846.643599,0.01,0.0,1.0,-291.4825
275,-101.72702226224956,300,53.14,-0.000576,27458.107146,0.01,0.0,1.0,-355.7346
276,-104.09848955758049,300,53.71,-0.004439,23792.304873,0.01,-0.0,1.0,-323.69113
277,-114.86785483035479,300,52.82,0.000366,11491.091777,0.01,0.0,1.0,-206.32336
278,-107.37278790233339,300,53.21,0.000614,19275.345684,0.01,0.0,1.0,-283.93338
279,-115.22195056626867,300,53.17,-0.000231,9678.605962,0.01,-0.0,1.0,-191.06548
280,-110.12516687857598,300,53.0,-0.001638,15947.180796,0.01,0.0,1.0,-255.15807
281,-101.60595023663201,300,53.28,-0.002401,25962.636968,0.01,0.0,1.0,-344.37402
282,-110.65758282121918,300,52.96,0.002877,15066.923308,0.01,0.0,1.0,-248.7539
283,-112.3416348802712,300,53.4,-0.001496,12843.118555,0.01,0.0,1.0,-224.53183
284,-107.33907224929958,300,53.09,0.000291,19446.255044,0.01,-0.0,1.0,-286.48636
285,-109.5653295778296,300,53.02,-0.000104,16618.267415,0.01,-0.0,1.0,-263.50024
286,-112.23878676037772,300,53.09,-0.001605,12431.378707,0.01,0.0,1.0,-222.93889
287,-106.82709613618708,300,52.9,5.8e-05,19416.318562,0.01,-0.0,1.0,-291.91388
288,-112.44729403593047,300,53.0,-0.002547,13426.439714,0.01,0.0,1.0,-227.28899
289,-106.3801252619435,300,53.22,-0.000281,19254.794321,0.01,-0.0,1.0,-289.66486
290,-104.03670210261119,300,52.44,0.001643,23290.801487,0.01,0.0,1.0,-322.23938
291,-97.14630836335381,300,52.82,0.002128,34594.997632,0.01,-0.0,1.0,-413.61407
292,-115.64317916931554,300,53.88,0.000932,10112.142373,0.01,-0.0,1.0,-191.64235
293,-113.04658384544746,300,53.21,-0.001418,12252.75929,0.01,-0.0,1.0,-218.38895
294,-93.31692537260716,300,53.09,-0.001771,37579.270493,0.01,-0.0,1.0,-428.6101
295,-103.35720874243603,300,53.28,0.001231,24317.099038,0.01,0.0,1.0,-330.84723
296,-114.8630129971039,300,53.1,0.000112,11108.583125,0.01,0.0,1.0,-203.44583
297,-115.54065009065006,300,53.47,-0.001112,10251.310399,0.01,-0.0,1.0,-192.58093
298,-101.83093816957457,300,52.86,-0.001923,27465.838356,0.01,0.0,1.0,-348.64853
299,-115.75767494290218,300,53.55,-0.004123,10104.331875,0.01,-0.0,1.0,-188.32521
300,-102.10275923571382,300,53.2,0.001266,25894.97269,0.01,-0.0,1.0,-343.98514
301,-112.819831767559,300,53.04,0.001248,12296.221348,0.01,0.0,1.0,-218.34998
302,-98.05661421911428,300,52.97,-0.001984,34503.070679,0.01,0.0,1.0,-402.8337
303,-111.8067234112689,300,53.23,-0.003741,12860.236372,0.01,0.0,1.0,-225.59335
304,-100.64548662616838,300,53.19,-0.000116,29745.765698,0.01,-0.0,1.0,-367.92102
305,-97.05150985378265,300,52.94,-0.004744,37700.919956,0.01,-0.0,1.0,-419.10803
306,-101.53511366579541,300,53.16,0.000161,26688.960029,0.01,0.0,1.0,-349.4429
307,-100.34510489510495,300,53.13,0.000639,29008.904648,0.01,-0.0,1.0,-367.75778
308,-110.84648201125482,300,52.94,0.001065,13843.743242,0.01,-0.0,1.0,-238.72427
309,-96.34020684702507,300,53.04,-0.001384,37506.728813,0.01,0.0,1.0,-419.12228
310,-113.06529337665702,300,53.72,-0.00342,11766.207415,0.01,-0.0,1.0,-216.79585
311,-100.21443926443925,300,53.51,-0.001768,30764.763516,0.01,0.0,1.0,-375.08365
312,-103.66326346212713,300,53.71,-0.004719,23780.448379,0.01,0.0,1.0,-325.0486
313,-103.57516540698356,300,53.53,-0.00394,23985.860117,0.01,0.0,1.0,-325.1386
314,-97.55315273951639,300,53.25,-0.000693,34134.321943,0.01,-0.0,1.0,-402.02835
315,-109.66408225612774,300,53.59,-0.00276,15071.06978,0.01,0.0,1.0,-249.90857
316,-103.174777495232,300,53.28,0.001103,25968.724067,0.01,-0.0,1.0,-339.77548
317,-108.82551800051806,300,53.45,-0.003637,17540.019027,0.01,-0.0,1.0,-270.44815
318,-103.98693844034752,300,53.21,-0.001456,22967.7454,0.01,-0.0,1.0,-320.5069
319,-96.03344635162821,300,52.92,-0.001428,36870.823628,0.01,0.0,1.0,-419.7472
320,-113.68317440135613,300,53.71,-0.001315,11564.536526,0.01,0.0,1.0,-209.19249
321,-107.85542252360432,300,54.02,-0.00233,18934.168486,0.01,-0.0,1.0,-283.85095
322,-108.35823944573939,300,53.3,-0.004227,18044.248333,0.01,0.0,1.0,-273.74625
323,-113.7770587577406,300,54.12,-0.002653,11535.140112,0.01,0.0,1.0,-208.67151
324,-113.32246062018787,300,53.61,-0.006686,13137.338606,0.01,0.0,1.0,-219.7249
325,-111.23584799039347,300,53.79,-0.002595,15221.227051,0.01,0.0,1.0,-245.42911
326,-115.72924142355961,300,53.41,-0.002945,9608.636793,0.01,-0.0,1.0,-183.15443
327,-97.13122807327349,300,54.96,0.001688,33391.988062,0.01,0.0,1.0,-402.08792
328,-110.860434178616,300,54.22,-0.002979,14408.005328,0.01,0.0,1.0,-240.41461
329,-95.00181153022059,300,54.24,-0.001833,41646.922324,0.01,0.0,1.0,-448.54312
330,-116.10324603847333,300,53.73,0.001711,8727.625767,0.01,0.0,1.0,-177.94012
331,-107.72984477643571,300,53.43,-0.001234,18581.350635,0.01,0.0,1.0,-281.1179
332,-105.05659979750887,300,53.32,-0.001437,22928.104065,0.01,0.0,1.0,-318.25616
333,-106.59825057097785,300,53.55,-0.000701,19412.887126,0.01,-0.0,1.0,-287.73608
334,-100.10835216971576,300,53.34,-0.001813,31806.117476,0.01,-0.0,1.0,-379.88388
335,-113.29267882790607,300,53.45,2e-05,11360.225784,0.01,0.0,1.0,-210.8779
336,-110.14404799745706,300,57.87,-0.002537,15876.078127,0.01,0.0,1.0,-255.48051
337,-95.81532781191875,300,53.0,-0.002524,39096.726846,0.01,0.0,1.0,-440.09308
338,-109.44463486849857,300,53.72,-0.002233,15940.34281,0.01,0.0,1.0,-256.06458
339,-115.58509276918365,300,53.47,-0.002882,10718.149021,0.01,-0.0,1.0,-193.89066
340,-95.54720780061689,300,53.55,-0.00227,39324.830625,0.01,0.0,1.0,-435.72913
341,-110.62316404134593,300,54.11,-0.000959,15028.726665,0.01,0.0,1.0,-247.22708
342,-93.2226616397071,300,53.23,-0.00101,38985.560742,0.01,0.0,1.0,-437.4067
343,-94.9498793294247,300,53.55,-0.003551,42307.70127,0.01,-0.0,1.0,-452.91745
344,-115.44974512019965,300,53.77,0.002022,11055.470996,0.01,0.0,1.0,-199.32927
345,-104.42452438134254,300,53.43,0.002271,22472.06667,0.01,0.0,1.0,-315.78455
346,-96.71743366061553,300,53.35,-0.002602,35671.384517,0.01,0.0,1.0,-412.83646
347,-98.03349138235502,300,53.14,-0.001571,34122.522524,0.01,0.0,1.0,-402.3657
348,-94.31715258647078,300,53.1,0.002039,37138.557681,0.01,-0.0,1.0,-434.17484
349,-94.27329677897853,300,53.71,-0.004359,39874.254307,0.01,-0.0,1.0,-440.50937
350,-100.2283755386028,300,52.99,-0.003601,31899.623896,0.01,-0.0,1.0,-378.23492
351,-95.22349838713474,300,53.18,-0.001593,40353.446694,0.01,0.0,1.0,-442.30692
352,-99.93095847754934,300,53.25,-0.002417,30053.57793,0.01,0.0,1.0,-371.6979
353,-116.35497221633582,300,53.22,0.003013,8798.242916,0.01,-0.0,1.0,-177.50963
354,-117.13184084434086,300,53.69,-0.002505,8466.105565,0.01,0.0,1.0,-168.01988
355,-110.73804007440377,300,53.51,0.000312,14443.9577,0.01,0.0,1.0,-245.03015
356,-101.03047903275177,300,53.34,-0.002033,28791.334951,0.01,0.0,1.0,-362.1157
357,-116.55624690965598,300,53.83,-0.001215,8906.066289,0.01,0.0,1.0,-176.13222
358,-98.01906212474397,300,53.15,-0.00368,33100.716267,0.01,0.0,1.0,-394.29715
359,-112.98928680746866,300,53.55,-0.000874,11795.836187,0.01,0.0,1.0,-214.98224
360,-98.37489051352688,300,53.52,-0.003779,33163.988672,0.01,-0.0,1.0,-390.10382
361,-93.59086700336698,300,53.13,0.001785,38780.39542,0.01,0.0,1.0,-441.262
362,-92.39704151067787,300,53.35,-0.001854,37156.647681,0.01,0.0,1.0,-424.71698
363,-113.86250588636958,300,53.82,-0.005914,11325.080447,0.01,-0.0,1.0,-206.352
364,-98.45172029149299,300,53.63,-0.00302,34222.243516,0.01,0.0,1.0,-397.2448
365,-117.74277683595872,300,53.99,0.000794,7789.786586,0.01,0.0,1.0,-164.18225
366,-109.40344558640015,300,53.9,-0.002836,16483.457681,0.01,0.0,1.0,-258.64993
367,-108.9723231734596,300,53.76,-0.002088,16155.515759,0.01,-0.0,1.0,-261.61777
368,-100.60812171834897,300,53.45,-0.000657,30139.641184,0.01,-0.0,1.0,-370.63245
369,-100.08745644086555,300,53.27,-0.000671,28656.966719,0.01,0.0,1.0,-363.8451
370,-100.89385757340307,300,53.58,-0.002695,27872.523262,0.01,0.0,1.0,-354.99368
371,-116.56378558310378,300,53.73,0.000498,8771.230793,0.01,0.0,1.0,-173.34024
372,-106.85110133973768,300,53.45,-0.002144,20106.165483,0.01,0.0,1.0,-291.148
373,-112.62914606437343,300,53.53,0.000366,12158.266382,0.01,0.0,1.0,-221.00159
374,-111.9757093075275,300,53.62,-0.000331,14125.294097,0.01,0.0,1.0,-235.6742
375,-113.21034912057634,300,53.53,0.003596,10901.234619,0.01,0.0,1.0,-208.8588
376,-97.16534723693817,300,53.17,-0.00205,33762.292654,0.01,-0.0,1.0,-401.86108
377,-109.15840073226433,300,53.76,0.001556,16755.430913,0.01,0.0,1.0,-267.1499
378,-109.46153816722001,300,53.67,-0.001699,17001.514297,0.01,0.0,1.0,-267.21082
379,-102.81738951284409,300,53.58,-0.000222,24800.536482,0.01,0.0,1.0,-335.26505
380,-105.3249914647642,300,53.35,-0.003472,22844.63627,0.01,-0.0,1.0,-316.34125
381,-108.17123772691959,300,53.44,-0.000436,18097.499082,0.01,0.0,1.0,-276.62976
382,-115.68058587035858,300,53.67,-0.000653,10243.964866,0.01,0.0,1.0,-189.5221
383,-95.96123207600479,300,56.67,-0.000788,37459.604102,0.01,-0.0,1.0,-426.24088
384,-109.37198529584897,300,55.67,0.000104,17491.483296,0.01,0.0,1.0,-270.34625
385,-94.85051682324413,300,53.38,-0.004394,41936.353135,0.01,-0.0,1.0,-446.99493
386,-97.55673665560037,300,53.53,-0.00103,33598.732129,0.01,-0.0,1.0,-398.41367
387,-92.4671031409668,300,53.11,0.001772,37084.674146,0.01,0.0,1.0,-427.51205
388,-116.07909485295855,300,54.61,0.001095,9515.582469,0.01,-0.0,1.0,-183.06696
389,-109.98041457700546,300,53.23,-0.000428,15383.350835,0.01,-0.0,1.0,-252.44073
390,-105.6041442984625,300,53.82,0.000816,20968.665757,0.01,0.0,1.0,-306.51755
391,-94.07213422099788,300,53.81,-0.001352,39965.914658,0.01,-0.0,1.0,-442.34317
392,-104.83714564055472,300,53.59,-0.000274,22676.941533,0.01,0.0,1.0,-316.09402
393,-116.28901986061082,300,53.77,-7.7e-05,9118.214707,0.01,-0.0,1.0,-179.45416
394,-98.02751701160793,300,53.99,0.000897,31654.827861,0.01,0.0,1.0,-391.24075
395,-97.82865072637799,300,53.36,-4.9e-05,34835.049722,0.01,0.0,1.0,-406.43484
396,-110.84431759318127,300,54.21,-0.004121,14603.425613,0.01,-0.0,1.0,-240.22343
397,-117.64179234065597,300,53.5,-0.000165,7775.722438,0.01,-0.0,1.0,-158.41899
398,-100.71258888417978,300,53.06,-0.000262,29035.71271,0.01,-0.0,1.0,-365.86426
399,-108.95372577758943,300,53.58,-0.002081,17329.34666,0.01,0.0,1.0,-269.85226
400,-116.08309522968614,300,53.64,-0.000607,8702.471439,0.01,-0.0,1.0,-175.19453
401,-102.34224794565709,300,53.79,0.00182,27577.320145,0.01,-0.0,1.0,-351.59427
402,-95.30416696098517,300,53.02,-0.003184,41491.404326,0.01,0.0,1.0,-450.5796
403,-107.69171699512603,300,58.52,0.002006,17961.147578,0.01,-0.0,1.0,-278.79327
404,-94.81904005085825,300,53.5,-0.002692,41809.62374,0.01,-0.0,1.0,-451.3836
405,-106.90964481646296,300,53.5,-0.000341,19027.561313,0.01,0.0,1.0,-285.64487
406,-110.96306097101558,300,53.83,-0.003139,15167.95467,0.01,-0.0,1.0,-249.10606
407,-106.0018874643874,300,53.61,-0.004154,20619.854988,0.01,-0.0,1.0,-299.6037
408,-111.05579365920278,300,53.75,-0.001538,15004.681401,0.01,-0.0,1.0,-248.15482
409,-106.35224300110659,300,53.88,-0.000818,19815.909154,0.01,-0.0,1.0,-292.56604
410,-101.39413482140758,300,53.69,-0.005464,27944.004001,0.01,-0.0,1.0,-352.40884
411,-107.95472969791146,300,53.76,-0.003042,19636.580254,0.01,0.0,1.0,-287.35095
412,-116.66883226201412,300,56.81,-0.000987,8897.360007,0.01,0.0,1.0,-174.70224
413,-96.68750147159233,300,53.03,-0.001334,35911.818545,0.01,0.0,1.0,-411.40723
414,-97.9083212662758,300,53.37,-4.2e-05,34187.832847,0.01,0.0,1.0,-404.9139
415,-104.04394881213061,300,53.71,0.000369,23398.860248,0.01,0.0,1.0,-322.8561
416,-111.4595126674673,300,53.88,0.001422,13660.027881,0.01,0.0,1.0,-235.47763
417,-95.6766885050976,300,53.45,-0.004419,40675.43311,0.01,0.0,1.0,-446.42322
418,-109.31749517317698,300,53.52,-0.00132,16277.305342,0.01,0.0,1.0,-261.5253
419,-93.45320365661279,300,53.77,-0.000383,38649.03575,0.01,0.0,1.0,-437.0992
420,-96.33670681170679,300,53.33,-0.000575,37205.015752,0.01,0.0,1.0,-419.76077
421,-100.01132331473244,300,53.6,0.002325,29518.106978,0.01,0.0,1.0,-372.4579
422,-110.73105736855739,300,54.22,0.000581,14678.575452,0.01,0.0,1.0,-250.08199
423,-101.61107520425698,300,53.94,0.001337,27467.320308,0.01,-0.0,1.0,-351.16434
424,-116.58860810906263,300,54.05,-0.001768,8677.194449,0.01,-0.0,1.0,-170.44576
425,-92.44809546514097,300,53.63,0.0046,36996.667356,0.01,0.0,1.0,-428.49515
426,-105.51483247392339,300,53.72,-0.003867,21638.939072,0.01,-0.0,1.0,-305.6575
427,-99.48965411692684,300,53.72,-0.003371,30713.792949,0.01,0.0,1.0,-374.86533
428,-110.33327623554892,300,53.65,-0.002111,15240.904233,0.01,0.0,1.0,-249.03873
429,-111.11802229756776,300,54.04,-0.001355,14003.851526,0.01,-0.0,1.0,-239.34914
430,-100.59477496409315,300,53.82,-0.001688,27218.480806,0.01,0.0,1.0,-357.4388
431,-110.92406730474916,300,53.69,-0.002477,15183.984386,0.01,0.0,1.0,-246.30081
432,-113.51578724306002,300,54.27,-0.00029,12106.153329,0.01,0.0,1.0,-212.73518
433,-97.8182889501071,300,53.78,-0.001044,34148.259268,0.01,0.0,1.0,-399.2764
434,-92.73665295142567,300,53.65,0.001388,37131.901899,0.01,0.0,1.0,-429.19556
435,-115.43283446351629,300,53.95,0.002,9809.65365,0.01,0.0,1.0,-191.01935
436,-97.16799992936359,300,53.63,-0.004184,36113.356445,0.01,0.0,1.0,-416.0544
437,-111.31089920180821,300,53.77,-0.004988,13772.07967,0.01,0.0,1.0,-232.35454
438,-95.45971633585273,300,53.92,-0.000589,41749.813628,0.01,-0.0,1.0,-454.52713
439,-104.32010901556363,300,53.23,-0.003164,23123.451649,0.01,0.0,1.0,-318.95538
440,-99.37980386616756,300,53.88,-0.003192,32669.290254,0.01,0.0,1.0,-383.59653
441,-103.56499111158199,300,53.47,-0.000238,24018.546995,0.01,-0.0,1.0,-328.51712
442,-98.33058351581079,300,53.46,-0.001854,33704.675947,0.01,-0.0,1.0,-398.31067
443,-109.94500100068282,300,53.88,-9.2e-05,15400.761777,0.01,-0.0,1.0,-252.07506
444,-105.76347242824511,300,53.67,-0.005273,21102.476978,0.01,0.0,1.0,-302.7742
445,-97.89132113677567,300,53.81,-0.000988,34734.890361,0.01,0.0,1.0,-403.9495
446,-95.51122265781355,300,53.54,-0.002833,42145.435518,0.01,0.0,1.0,-452.09845
447,-106.810427997928,300,53.79,5.1e-05,19900.555762,0.01,-0.0,1.0,-291.39844
448,-116.0340850227214,300,54.05,0.001858,8923.253329,0.01,0.0,1.0,-182.96193
449,-97.15754485413582,300,53.37,0.000592,36168.711538,0.01,0.0,1.0,-414.9745
450,-112.5198635539545,300,53.72,-0.000257,12113.357224,0.01,-0.0,1.0,-218.87898
451,-102.4980342468979,300,53.72,-0.003503,25549.903677,0.01,-0.0,1.0,-337.98962
452,-102.65771585317042,300,53.76,-0.003256,24664.759995,0.01,0.0,1.0,-333.686
453,-107.71668550304912,300,53.96,-0.002832,20156.893643,0.01,0.0,1.0,-291.20615
454,-101.89042434837893,300,53.45,-0.000673,26164.074355,0.01,-0.0,1.0,-347.85553
455,-114.50795483977294,300,54.65,0.000786,11422.278831,0.01,0.0,1.0,-208.25517
456,-93.62870105483742,300,53.74,-0.003074,38623.212285,0.01,-0.0,1.0,-436.17157
457,-98.1587500882955,300,54.27,0.002776,33780.230029,0.01,-0.0,1.0,-401.1392
458,-103.24541569541567,300,55.51,-0.004471,25328.840862,0.01,0.0,1.0,-332.1592
459,-93.47054696145604,300,54.12,-0.000204,38636.648223,0.01,-0.0,1.0,-436.95593
460,-98.74680016952752,300,53.53,-0.000986,31724.946094,0.01,0.0,1.0,-389.2782
461,-112.56561536106987,300,54.02,-0.002719,13865.898402,0.01,0.0,1.0,-231.92432
462,-102.82362935885665,300,53.61,-0.002414,24586.114077,0.01,0.0,1.0,-331.81506
463,-99.2829598431871,300,53.81,-0.000244,30949.120576,0.01,-0.0,1.0,-378.7651
464,-95.48981569777027,300,53.56,0.002134,38047.520271,0.01,0.0,1.0,-440.84833
465,-96.3356752254479,300,53.45,-0.003621,35859.283467,0.01,0.0,1.0,-413.51373
466,-104.94524145887786,300,54.04,0.000855,22547.534146,0.01,0.0,1.0,-313.47156
467,-112.7879679663771,300,53.86,-0.002153,12173.267104,0.01,-0.0,1.0,-220.66046
468,-100.23129135174591,300,53.56,-0.00152,29745.935728,0.01,0.0,1.0,-369.4746
469,-97.00243430811615,300,53.47,-0.002104,35107.325291,0.01,-0.0,1.0,-407.11844
470,-115.47597301688214,300,58.39,0.003605,10435.307025,0.01,0.0,1.0,-196.63235
471,-112.07869369687556,300,54.02,-0.002959,13384.19769,0.01,0.0,1.0,-227.55414
472,-117.32001277342194,300,54.13,0.000174,8520.159668,0.01,0.0,1.0,-171.12686
473,-115.01923488968944,300,53.61,-0.000226,10591.075825,0.01,-0.0,1.0,-197.4926
474,-95.53774075251347,300,53.54,-0.003533,41203.001719,0.01,0.0,1.0,-442.43442
475,-110.31488927738926,300,54.07,-0.000118,16733.029224,0.01,0.0,1.0,-258.27567
476,-102.91823126368578,300,53.6,-0.001834,24649.015237,0.01,0.0,1.0,-336.4873
477,-111.02357755880485,300,54.11,-0.00209,14656.136511,0.01,0.0,1.0,-241.83018
478,-112.33577352781894,300,53.6,-0.003349,11862.117805,0.01,0.0,1.0,-218.66162
479,-94.4091583080219,300,53.62,-0.003941,37918.632129,0.01,0.0,1.0,-434.3979
480,-104.72220279720268,300,53.71,-0.003453,24477.354399,0.01,-0.0,1.0,-326.22018
481,-93.93430899908181,300,53.26,-0.004051,38738.386006,0.01,-0.0,1.0,-433.2681
482,-114.9714678839679,300,53.98,-0.001896,10591.640206,0.01,-0.0,1.0,-193.26991
483,-117.49518082927167,300,56.03,-0.003042,7742.591692,0.01,0.0,1.0,-160.19704
484,-98.98719744060652,300,53.82,0.00122,30444.39665,0.01,0.0,1.0,-378.90924
485,-101.28483023710308,300,53.55,0.001287,26119.987388,0.01,0.0,1.0,-350.81717
486,-99.70208436344788,300,53.35,-0.000136,31309.136553,0.01,-0.0,1.0,-379.1587
487,-114.73490764286223,300,53.87,0.000174,10464.361703,0.01,-0.0,1.0,-196.81956
488,-104.41332144286686,300,53.78,-0.001182,22804.500732,0.01,-0.0,1.0,-320.9177
489,-110.8654996939088,300,54.38,-0.001718,15339.589922,0.01,0.0,1.0,-250.74937
490,-98.45909591250496,300,55.57,-0.000116,31322.809224,0.01,0.0,1.0,-386.4953
491,-103.71810088060089,300,53.5,-0.000587,23444.500322,0.01,-0.0,1.0,-327.3358
492,-93.37250859409956,300,53.42,-0.000941,38192.44085,0.01,0.0,1.0,-434.3281
493,-111.7124952909044,300,53.86,-0.001723,13959.01343,0.01,0.0,1.0,-230.69893
494,-101.88230204139292,300,53.73,-0.002425,26326.157161,0.01,-0.0,1.0,-345.666
495,-104.77320436297711,300,54.17,-0.002677,24472.437471,0.01,0.0,1.0,-324.41223
496,-106.51391832073645,300,53.79,0.00054,20354.914766,0.01,0.0,1.0,-297.66165
497,-110.0466968637423,300,53.74,-0.000243,15785.401323,0.01,0.0,1.0,-251.73407
498,-116.36040710131617,300,53.94,-0.001935,9900.129475,0.01,0.0,1.0,-184.93399
499,-92.5784514727696,300,53.35,-0.002775,37363.554004,0.01,0.0,1.0,-427.95557
500,-105.80655182359725,300,54.57,0.000319,21309.0427,0.01,-0.0,1.0,-306.01538
501,-110.79546160909796,300,53.63,-0.002199,14738.749249,0.01,-0.0,1.0,-244.55292
502,-96.52337183019006,300,53.78,1e-05,37410.583711,0.01,-0.0,1.0,-427.21918
503,-94.92799792799791,300,53.5,0.002774,39037.509248,0.01,-0.0,1.0,-442.94562
504,-101.531696922606,300,53.53,-0.000416,27483.646221,0.01,0.0,1.0,-353.39685
505,-113.13624620329168,300,54.0,-0.003392,12677.037021,0.01,0.0,1.0,-221.54869
506,-116.3626492194674,300,54.1,-0.001383,9253.167893,0.01,0.0,1.0,-178.55447
507,-113.7763853570672,300,53.62,-0.0019,10723.939773,0.01,-0.0,1.0,-202.9803
508,-101.17789697676066,300,53.91,-0.001154,28319.398252,0.01,-0.0,1.0,-360.16977
509,-96.1156886463705,300,53.61,0.000117,34896.287354,0.01,-0.0,1.0,-420.50256
510,-113.35621129712037,300,53.94,-0.000377,12104.194377,0.01,0.0,1.0,-214.57648
511,-92.3548082809446,300,53.91,0.001354,36467.904768,0.01,0.0,1.0,-425.13687
512,-97.98787908219725,300,53.72,-0.000752,33437.960156,0.01,-0.0,1.0,-399.017
513,-109.84870676461583,300,53.97,-0.001741,16619.749695,0.01,-0.0,1.0,-261.63144
514,-103.32823191118644,300,53.52,-0.003225,25698.791333,0.01,-0.0,1.0,-338.70245
515,-113.04212021143839,300,53.85,-0.002079,12188.911727,0.01,-0.0,1.0,-215.09784
516,-97.17759942078125,300,53.96,-0.003514,34142.81166,0.01,0.0,1.0,-403.22928
517,-109.09029043347229,300,53.81,0.003165,17453.47786,0.01,0.0,1.0,-271.29932
518,-108.98845918391373,300,53.77,-0.002846,17662.37991,0.01,-0.0,1.0,-273.08447
519,-108.33342221751316,300,53.68,-0.000203,18672.590161,0.01,0.0,1.0,-278.86514
520,-110.22269548633183,300,53.67,-0.002678,15959.543821,0.01,-0.0,1.0,-257.46573
521,-110.4971539403358,300,53.85,-0.003335,16082.477375,0.01,0.0,1.0,-253.60992
522,-95.08527583527585,300,56.67,-0.000322,39383.991123,0.01,-0.0,1.0,-438.58615
523,-96.0288323208778,300,53.58,-0.001546,39572.033867,0.01,0.0,1.0,-437.5942
524,-97.08963263167801,300,54.01,-0.000235,34492.550659,0.01,-0.0,1.0,-411.79984
525,-101.90057598125786,300,53.55,-0.005216,28180.398916,0.01,0.0,1.0,-354.67944
526,-96.28230145275604,300,53.95,0.000146,37769.55489,0.01,-0.0,1.0,-421.99796
527,-103.91170239692966,300,53.83,0.002021,23470.952661,0.01,0.0,1.0,-327.55786
528,-107.48410032728209,300,55.31,-0.001139,18302.976812,0.01,0.0,1.0,-281.8107
529,-93.50007328530056,300,53.79,-0.003804,40057.554336,0.01,0.0,1.0,-437.6071
530,-112.6464096089096,300,53.77,0.000386,13896.829213,0.01,0.0,1.0,-231.47453
531,-103.78781021167383,300,53.5,-0.001542,22853.570962,0.01,-0.0,1.0,-321.45456
532,-107.89086406018222,300,53.85,-0.000858,18592.728405,0.01,-0.0,1.0,-278.90204
533,-94.02041687268962,300,53.46,-0.001014,40787.663389,0.01,0.0,1.0,-446.42285
534,-102.36032998987545,300,53.69,-0.004685,25130.299263,0.01,0.0,1.0,-336.55695
535,-115.76709696027874,300,53.71,-0.001308,8958.619992,0.01,-0.0,1.0,-180.88773
536,-95.9542434837889,300,58.03,-0.002478,36494.898184,0.01,-0.0,1.0,-424.70657
537,-95.57208771867857,300,54.62,-0.003866,39440.736338,0.01,-0.0,1.0,-436.0768
538,-93.3477976148431,300,53.42,-0.00089,37353.71645,0.01,-0.0,1.0,-428.30975
539,-115.67783075510344,300,53.97,-0.002078,9965.097195,0.01,0.0,1.0,-186.98625
540,-111.51150137741043,300,53.9,-0.003206,14669.252158,0.01,0.0,1.0,-236.45195
541,-106.90938758211485,300,53.82,-0.002652,19289.174453,0.01,0.0,1.0,-288.1993
542,-106.97717148171697,300,53.94,0.002019,19819.314956,0.01,-0.0,1.0,-293.41782
543,-116.37295478090925,300,54.27,-0.002632,9042.180829,0.01,0.0,1.0,-177.77711
544,-110.6982199618564,300,54.49,-0.00041,16054.51655,0.01,0.0,1.0,-255.13055
545,-97.706290174472,300,61.54,-0.003997,33531.433008,0.01,0.0,1.0,-397.84988
546,-111.09480822208103,300,90.26,-0.000981,14601.705217,0.01,-0.0,1.0,-239.09721
547,-108.07197322879138,300,88.5,-0.00347,18412.218057,0.01,0.0,1.0,-277.3206
548,-104.39634485884487,300,145.79,-0.000903,23028.164478,0.01,-0.0,1.0,-319.36304
549,-106.68015793129435,300,139.7,-0.001671,21140.985239,0.01,0.0,1.0,-298.81024
550,-98.33108974358973,300,138.77,-0.001173,32528.346392,0.01,-0.0,1.0,-389.4759
551,-104.42376562831112,300,138.88,-0.000947,22869.194067,0.01,-0.0,1.0,-317.53067
552,-112.12504091026821,300,140.39,0.000271,14600.561655,0.01,-0.0,1.0,-238.93367
553,-94.59062831108281,300,139.16,-0.002429,40322.431152,0.01,0.0,1.0,-444.5011
554,-101.67440959713682,300,140.16,0.001883,27979.016699,0.01,0.0,1.0,-358.19547
555,-104.73733577029037,300,140.6,-0.002733,22261.661543,0.01,0.0,1.0,-314.0627
556,-106.61026082503358,300,138.27,-0.002663,19442.136802,0.01,-0.0,1.0,-286.83456
557,-99.32327205622666,300,139.34,-0.001449,32152.833823,0.01,-0.0,1.0,-386.1071
558,-96.23314379223463,300,101.92,-0.004723,36907.405166,0.01,0.0,1.0,-428.79456
559,-103.24725341998068,300,194.86,-0.002917,24381.209365,0.01,0.0,1.0,-332.79837
560,-93.83914582891853,300,193.18,-0.000808,39999.810732,0.01,0.0,1.0,-443.4067
561,-102.1138941866215,300,187.21,0.001682,26365.522041,0.01,0.0,1.0,-348.45996
562,-113.70270861293587,300,170.3,-0.001812,10878.438148,0.01,-0.0,1.0,-204.5542
563,-112.95921305125849,300,69.41,-0.001087,11408.121261,0.01,-0.0,1.0,-212.35403
564,-107.63462480280667,300,45.95,-0.001843,17623.833125,0.01,-0.0,1.0,-277.36398
565,-101.92240528831435,300,47.67,0.000599,26851.152173,0.01,-0.0,1.0,-350.1059
566,-94.86664547573635,300,47.41,-0.00329,41876.480908,0.01,0.0,1.0,-451.2315
567,-107.35469555696837,300,48.65,-0.00186,19880.162651,0.01,0.0,1.0,-286.11066
568,-95.23691842669118,300,52.83,-0.000338,41340.144951,0.01,0.0,1.0,-449.02188
569,-115.81700160109247,300,53.83,-0.000831,10146.011522,0.01,0.0,1.0,-189.4465
570,-96.64160839160837,300,52.94,-0.00381,35262.639609,0.01,-0.0,1.0,-409.01004
571,-116.29512225989504,300,53.59,-0.003693,8602.079614,0.01,0.0,1.0,-173.2792
572,-95.61090508817782,300,53.05,-0.007159,38882.862168,0.01,0.0,1.0,-434.87442
573,-95.3458439287984,300,52.93,0.001127,37644.737178,0.01,0.0,1.0,-432.51843
574,-99.09485295848934,300,53.16,-0.004587,32413.426709,0.01,-0.0,1.0,-383.47293
575,-115.52866191048001,300,58.0,-0.001062,9512.02899,0.01,-0.0,1.0,-182.43451
576,-102.1718917025735,300,53.11,-0.002899,26604.722485,0.01,-0.0,1.0,-344.02267
577,-114.98339307998403,300,53.49,0.000449,11321.269495,0.01,0.0,1.0,-204.30722
578,-105.98000988910078,300,53.08,-0.001426,20327.865842,0.01,0.0,1.0,-300.64462
579,-117.55168291304658,300,53.62,-0.006432,8066.469156,0.01,-0.0,1.0,-161.08582
580,-93.9277403993313,300,75.1,0.000644,39721.780771,0.01,-0.0,1.0,-442.648
581,-96.39710567210567,300,97.92,-0.003791,37388.260078,0.01,0.0,1.0,-422.63416
582,-107.90732941301127,300,89.99,-0.002943,18068.404648,0.01,-0.0,1.0,-274.63104
583,-94.15015804902173,300,79.01,0.001087,40072.227622,0.01,0.0,1.0,-442.4538
584,-94.744246956747,300,80.38,-0.004054,40051.458042,0.01,-0.0,1.0,-442.44376
585,-99.00561647948017,300,78.22,-0.000727,32586.736709,0.01,0.0,1.0,-385.1638
586,-105.15175325516232,300,76.77,-0.001508,23004.097859,0.01,0.0,1.0,-317.24503
587,-102.46487161828065,300,75.98,-0.002139,26102.900103,0.01,-0.0,1.0,-342.0805
588,-110.84238480374846,300,75.41,-0.003302,14495.767754,0.01,-0.0,1.0,-240.47403
589,-113.44768400791132,300,76.78,-0.004126,12198.911459,0.01,0.0,1.0,-211.29256
590,-105.12057021261568,300,75.12,-0.002158,22661.46791,0.01,-0.0,1.0,-314.01868
591,-106.18445792423068,300,75.53,-0.00092,21002.964043,0.01,0.0,1.0,-300.45676
592,-97.6972448847449,300,75.0,0.000772,34095.292417,0.01,-0.0,1.0,-403.04135
593,-95.4118195356832,300,74.82,-0.002221,39899.060332,0.01,0.0,1.0,-438.738
594,-98.56353188057733,300,74.68,-0.000188,34023.847871,0.01,0.0,1.0,-398.16412
595,-96.73976330908151,300,74.52,0.000502,37052.090698,0.01,0.0,1.0,-422.8896
596,-110.05952561748013,300,74.77,0.000701,15180.645831,0.01,-0.0,1.0,-247.82631
597,-111.73990752513478,300,74.8,0.000377,13153.466865,0.01,0.0,1.0,-230.62643
598,-99.44959766664319,300,74.32,0.000946,30366.902798,0.01,0.0,1.0,-377.86057
599,-111.39538008288015,300,75.49,-0.005163,14302.845518,0.01,-0.0,1.0,-235.0074
600,-107.56145487509127,300,75.59,-0.001485,18680.864099,0.01,-0.0,1.0,-281.43463
601,-100.68238239033695,300,76.03,-0.001952,28748.113237,0.01,0.0,1.0,-362.51868
602,-108.41605978196878,300,76.1,0.000638,16599.51715,0.01,-0.0,1.0,-266.16638
603,-108.65357861835139,300,74.6,-0.003245,17583.203291,0.01,0.0,1.0,-269.7576
604,-116.28338954816222,300,74.6,-0.004628,9636.080051,0.01,0.0,1.0,-185.713
605,-103.26606419674596,300,74.23,-0.002626,25302.13251,0.01,0.0,1.0,-333.86197
606,-116.43975359657173,300,77.4,0.000225,9309.312189,0.01,0.0,1.0,-180.7051
607,-103.73618351345624,300,74.62,0.000228,24985.437788,0.01,-0.0,1.0,-333.74475
608,-106.57655723905727,300,76.25,-0.001017,20023.987451,0.01,0.0,1.0,-294.14783
609,-113.656950330814,300,81.53,-0.002882,12692.751721,0.01,0.0,1.0,-218.81506
610,-103.06633084928545,300,83.59,-0.000529,24785.616882,0.01,-0.0,1.0,-336.56152
611,-115.21518742200561,300,53.36,-0.00154,10589.752926,0.01,-0.0,1.0,-193.90752
612,-98.50974164724164,300,46.76,-0.00544,31776.035488,0.01,-0.0,1.0,-384.66934
613,-112.42591415318691,300,48.26,-0.000246,13214.073309,0.01,-0.0,1.0,-225.47536
614,-111.88301929551925,300,48.07,0.000809,13708.465654,0.01,0.0,1.0,-235.41396
615,-110.63245596995594,300,48.29,0.001501,13785.369319,0.01,0.0,1.0,-240.9061
616,-112.78585034494127,300,52.47,-0.002006,12154.05697,0.01,0.0,1.0,-216.57784
617,-99.45067075180715,300,55.42,-0.001677,30955.67292,0.01,0.0,1.0,-377.8134
618,-112.54169315532957,300,53.7,-0.001303,12798.171648,0.01,0.0,1.0,-221.8073
619,-115.77224753361119,300,53.85,-0.0019,9659.598621,0.01,0.0,1.0,-183.56322
620,-102.6548171104989,300,55.18,0.001009,24429.83125,0.01,0.0,1.0,-334.52533
621,-101.84777524663893,300,53.4,-0.002388,25444.412251,0.01,0.0,1.0,-342.0308
622,-100.93433901956628,300,53.11,-0.001188,27698.547373,0.01,0.0,1.0,-355.8401
623,-93.57857214334481,300,53.45,-0.002013,40006.301514,0.01,0.0,1.0,-441.23193
624,-105.11879841538926,300,53.64,-0.00097,22917.876714,0.01,0.0,1.0,-317.46616
625,-107.80159579477755,300,53.69,0.001272,18200.7896,0.01,0.0,1.0,-279.83954
626,-102.5682683478138,300,54.03,0.001302,24568.182773,0.01,0.0,1.0,-335.45624
627,-95.89067922817928,300,53.4,-0.003382,38644.424082,0.01,0.0,1.0,-432.05917
628,-104.65654269972448,300,53.62,-0.003074,23383.756458,0.01,0.0,1.0,-319.3488
629,-107.386883697111,300,58.28,-0.00286,19278.997764,0.01,0.0,1.0,-284.20786
630,-94.85926838313209,300,53.64,-0.002143,38965.312373,0.01,-0.0,1.0,-439.50125
631,-112.98412092957544,300,54.07,-0.003017,12106.26822,0.01,-0.0,1.0,-215.20938
632,-95.61407283793643,300,53.33,-0.003753,39499.223271,0.01,0.0,1.0,-434.7491
633,-111.40657124861674,300,53.92,0.001084,14617.973269,0.01,0.0,1.0,-242.94336
634,-97.79713010053916,300,53.53,0.001938,32810.870361,0.01,-0.0,1.0,-396.6754
635,-98.46297473570195,300,53.36,-0.00278,33352.051094,0.01,0.0,1.0,-391.0571
636,-107.62315609474705,300,53.95,-0.002897,19136.218865,0.01,0.0,1.0,-284.50772
637,-110.6659938546302,300,54.34,-0.002228,15498.895759,0.01,-0.0,1.0,-250.32231
638,-111.39979162251888,300,54.48,-0.001601,15177.442107,0.01,-0.0,1.0,-246.93364
639,-103.26705634432905,300,53.72,0.000646,24984.366914,0.01,0.0,1.0,-335.8261
640,-112.18493324856959,300,53.8,-0.005777,13485.792728,0.01,0.0,1.0,-230.67122
641,-103.01441866214593,300,53.53,-0.000552,25959.356519,0.01,0.0,1.0,-342.1396
642,-109.71229809752535,300,54.23,-0.003176,15667.864221,0.01,0.0,1.0,-252.81036
643,-93.36395511054603,300,53.45,-0.0001,38681.180449,0.01,0.0,1.0,-436.6822
644,-98.75530626780625,300,53.56,-0.000426,32832.790913,0.01,-0.0,1.0,-391.44785
645,-94.117433366297,300,53.46,-0.000929,38104.958047,0.01,-0.0,1.0,-435.45102
646,-103.39882743519107,300,53.52,-0.003528,25193.440898,0.01,-0.0,1.0,-334.0621
647,-108.29920063101879,300,54.13,-0.002414,17601.725286,0.01,0.0,1.0,-275.71457
648,-108.30006092392458,300,53.76,-0.00063,17841.440598,0.01,-0.0,1.0,-276.69846
649,-97.77089455157643,300,54.0,-0.001369,33388.742666,0.01,0.0,1.0,-396.23514
650,-105.19578889124345,300,53.84,0.001929,21331.825328,0.01,0.0,1.0,-309.61743
651,-94.77726536931084,300,53.47,-0.000235,39850.056182,0.01,-0.0,1.0,-444.16714
652,-95.98285359421723,300,53.55,0.001319,37668.330916,0.01,0.0,1.0,-429.49387
653,-103.35833215605946,300,53.43,-0.002488,24746.285432,0.01,0.0,1.0,-335.17807
654,-97.33198064561702,300,53.6,-0.002393,36094.942559,0.01,0.0,1.0,-411.97443
655,-101.44698264698265,300,54.07,-0.002061,28416.858818,0.01,0.0,1.0,-359.73056
656,-95.09886569659294,300,53.03,-0.002856,39915.589883,0.01,-0.0,1.0,-442.75598
657,-115.7328850862942,300,54.01,-0.001856,10229.927822,0.01,0.0,1.0,-194.0263
658,-117.66030408984948,300,53.93,-0.000357,7908.199529,0.01,-0.0,1.0,-164.54402
659,-113.56808439876616,300,54.29,-0.001282,11787.435691,0.01,-0.0,1.0,-210.19693
660,-113.07068411386598,300,54.12,0.000311,11853.905249,0.01,-0.0,1.0,-215.82378
661,-102.82371765439949,300,53.39,0.003308,25802.304072,0.01,0.0,1.0,-342.95782
662,-108.5712268371359,300,54.19,-0.002769,17813.819268,0.01,0.0,1.0,-270.49484
663,-99.74576328553604,300,53.85,-0.002236,31541.678696,0.01,-0.0,1.0,-380.25577
664,-95.95323662028203,300,53.36,-0.003019,37810.534072,0.01,-0.0,1.0,-422.12927
665,-112.08062795790067,300,54.25,-0.000265,13090.92541,0.01,0.0,1.0,-228.92639
666,-108.74408419862962,300,54.22,-0.004656,16817.236786,0.01,-0.0,1.0,-266.29922
667,-99.66154787972972,300,53.61,-0.001155,30296.088008,0.01,0.0,1.0,-372.89758
668,-101.7495464552283,300,53.98,0.00076,26593.479297,0.01,0.0,1.0,-348.34012
669,-114.31655629723814,300,53.79,0.001231,10795.21592,0.01,-0.0,1.0,-203.96754
670,-94.50990293376657,300,53.89,-0.003418,42246.105625,0.01,-0.0,1.0,-452.32745
671,-113.92794701090148,300,56.25,-0.002013,10897.265208,0.01,0.0,1.0,-204.9895
672,-106.93120511643248,300,54.08,-0.001525,19661.366394,0.01,-0.0,1.0,-292.6599
673,-111.38111093451998,300,54.05,-0.000562,13889.490676,0.01,0.0,1.0,-234.21414
674,-116.34519701678792,300,53.75,-0.003526,8961.589707,0.01,-0.0,1.0,-178.40065
675,-97.7071801935438,300,53.72,-0.004373,34538.421602,0.01,-0.0,1.0,-403.64835
676,-110.87721121471122,300,53.78,0.000814,13927.806553,0.01,0.0,1.0,-236.59966
677,-106.20896641237546,300,53.67,-0.001411,19907.833457,0.01,-0.0,1.0,-296.4729
678,-97.98545860704951,300,53.49,-0.003471,32293.84623,0.01,-0.0,1.0,-391.41434
679,-103.53241800287255,300,53.36,-0.00246,24341.719756,0.01,0.0,1.0,-326.819
680,-115.28140996209177,300,54.05,-0.003464,10869.308667,0.01,0.0,1.0,-198.65709
681,-111.81774034046764,300,54.87,-0.003635,13620.230354,0.01,0.0,1.0,-227.1656
682,-102.87349014621739,300,53.47,0.002375,25757.282061,0.01,-0.0,1.0,-343.04306
683,-102.05804784441145,300,54.21,-0.004971,28088.567656,0.01,-0.0,1.0,-353.68066
684,-94.21169032987213,300,53.35,-0.006589,40834.585117,0.01,0.0,1.0,-445.37988
685,-113.44728108591744,300,53.92,-0.001569,11878.788789,0.01,0.0,1.0,-214.1682
686,-96.69813460949823,300,53.99,-0.001502,35453.705615,0.01,-0.0,1.0,-416.57733
687,-113.02628411151144,300,53.98,0.000596,12244.082114,0.01,-0.0,1.0,-219.47823
688,-115.64485825622185,300,54.07,0.00266,10062.960438,0.01,0.0,1.0,-189.95999
689,-112.80896582373853,300,54.09,-0.002215,13526.330405,0.01,0.0,1.0,-227.95593
690,-106.64084698971067,300,54.58,-0.001447,19823.880261,0.01,0.0,1.0,-292.22208
691,-106.83480580866939,300,53.61,-0.000934,21110.39626,0.01,0.0,1.0,-297.08603
692,-105.23935773822139,300,53.63,-0.002372,22905.045686,0.01,0.0,1.0,-315.35303
693,-109.46804466577191,300,54.17,-0.000538,15744.487021,0.01,0.0,1.0,-254.87239
694,-116.07493436697989,300,54.08,-0.001957,9268.052587,0.01,0.0,1.0,-177.05956
695,-95.25419815874363,300,53.32,-0.000848,41392.267803,0.01,0.0,1.0,-444.57068
696,-94.42788255515532,300,59.72,-0.004033,40957.99416,0.01,0.0,1.0,-446.70166
697,-98.28001930729205,300,54.63,0.001316,31934.351519,0.01,0.0,1.0,-391.0457
698,-96.97540292199383,300,53.65,-0.002931,34019.870396,0.01,0.0,1.0,-404.463
699,-111.4673771514681,300,53.96,-0.000889,13237.296565,0.01,0.0,1.0,-228.6648
700,-95.41442749170022,300,53.3,0.001313,41291.361338,0.01,0.0,1.0,-451.3472
701,-112.73606225424403,300,53.92,0.000221,12472.419822,0.01,0.0,1.0,-224.11774
702,-107.13249128817303,300,53.7,-0.004043,19760.172615,0.01,0.0,1.0,-289.20944
703,-95.28666649007553,300,53.53,-0.002557,41316.195898,0.01,0.0,1.0,-450.1052
704,-97.26603859103858,300,53.98,0.000561,34671.211846,0.01,0.0,1.0,-410.57693
705,-115.36234872030323,300,54.08,-2.3e-05,10350.446829,0.01,-0.0,1.0,-195.27534
706,-110.26335676108408,300,53.56,-0.001257,15101.962622,0.01,-0.0,1.0,-248.19656
707,-106.74851692919877,300,53.79,-0.003214,22001.418828,0.01,0.0,1.0,-302.20517
708,-100.01112582703492,300,53.1,-0.001897,29971.114258,0.01,0.0,1.0,-369.98203
709,-107.44962592121688,300,54.02,-0.000352,17976.003203,0.01,0.0,1.0,-282.43207
710,-116.52252419297874,300,53.71,-0.002955,9215.993088,0.01,-0.0,1.0,-180.29707
711,-98.20586547291092,300,53.45,-0.002011,33269.703062,0.01,-0.0,1.0,-397.4972
712,-96.07575463257282,300,53.45,-0.002341,35787.339219,0.01,0.0,1.0,-417.84225
713,-104.0472534199807,300,53.49,0.001357,22284.174856,0.01,0.0,1.0,-317.49542
714,-109.93810659037933,300,53.56,-0.002128,16525.397681,0.01,0.0,1.0,-256.89786
715,-94.7786728002637,300,53.82,-0.00145,42600.379775,0.01,-0.0,1.0,-456.5261
716,-96.17501971933797,300,53.31,-0.001982,37270.639844,0.01,-0.0,1.0,-430.0942
717,-95.95101422146877,300,53.45,0.000674,37493.245781,0.01,-0.0,1.0,-431.30447
718,-103.70096624755708,300,56.52,-0.004084,23820.999463,0.01,0.0,1.0,-323.89108
719,-97.27171864330958,300,82.38,-0.001779,33462.891221,0.01,0.0,1.0,-403.19458
720,-97.31762231875874,300,96.04,0.001359,33259.573311,0.01,-0.0,1.0,-401.47058
721,-94.87585734972099,300,81.95,-0.001364,41413.067686,0.01,0.0,1.0,-448.61548
722,-101.25020984907346,300,85.18,-0.000585,27313.16491,0.01,0.0,1.0,-354.23425
723,-106.79453568317206,300,82.92,-0.001865,19856.39709,0.01,0.0,1.0,-291.13672
724,-103.37081950036493,300,83.19,-0.002544,25103.796167,0.01,-0.0,1.0,-333.33606
725,-113.95024399001673,300,84.9,-0.005602,11637.326097,0.01,0.0,1.0,-210.89122
726,-103.58160303501208,300,84.16,-0.000688,24463.184326,0.01,0.0,1.0,-331.4292
727,-114.48643603870877,300,81.31,-0.001825,11041.014922,0.01,0.0,1.0,-206.84718
728,-100.21064785382973,300,81.57,-0.002402,29035.756177,0.01,0.0,1.0,-363.9877
729,-98.86134303407026,300,81.79,-0.000478,31741.948242,0.01,0.0,1.0,-384.49353
730,-114.00731469708742,300,132.96,0.000705,11743.964656,0.01,0.0,1.0,-213.66496
731,-107.12442284146829,300,196.54,0.00065,18494.289924,0.01,-0.0,1.0,-282.9445
732,-111.79580272421182,300,198.72,-0.002139,15183.787146,0.01,-0.0,1.0,-242.33159
733,-99.89294489180845,300,197.62,-0.001846,30862.464666,0.01,0.0,1.0,-372.9321
734,-107.08456682206683,300,203.2,-0.001627,18867.355439,0.01,-0.0,1.0,-282.62527
735,-111.22951160792073,300,199.45,0.003225,14087.124971,0.01,0.0,1.0,-237.14607
736,-108.43858956699867,300,196.64,0.002276,17582.35208,0.01,-0.0,1.0,-271.99265
737,-108.70627369263728,300,174.34,-0.003068,16571.605981,0.01,0.0,1.0,-263.41043
738,-112.28794030044027,300,150.76,-0.001072,14083.651494,0.01,0.0,1.0,-233.6386
739,-98.56131948859218,300,131.1,-0.00247,32578.196836,0.01,-0.0,1.0,-388.4771
740,-111.52353458830727,300,51.18,-0.002542,13290.774489,0.01,-0.0,1.0,-229.51779
741,-106.89800981846436,300,49.98,0.001848,19016.506118,0.01,0.0,1.0,-289.361
742,-111.80543459066183,300,48.61,-0.002205,13247.866007,0.01,0.0,1.0,-227.09091
743,-95.02066763203132,300,48.51,-0.002653,41715.36292,0.01,0.0,1.0,-447.2749
744,-95.67976118998841,300,92.15,-0.003462,38241.358779,0.01,0.0,1.0,-435.3164
745,-93.5695615831979,300,141.55,-0.001153,39489.164756,0.01,0.0,1.0,-442.0612
746,-106.47371677144403,300,141.4,-0.002835,20529.240442,0.01,0.0,1.0,-299.34225
747,-100.15525152456964,300,142.2,0.00152,30450.279106,0.01,0.0,1.0,-374.27765
748,-95.10451896588262,300,141.72,0.000696,42178.843032,0.01,0.0,1.0,-451.21588
749,-99.96385857408589,300,143.06,-0.001435,31110.533669,0.01,0.0,1.0,-376.10428
750,-99.92054284099743,300,141.7,-0.002806,30506.535781,0.01,-0.0,1.0,-372.83
751,-109.14154128699585,300,142.74,0.000364,17078.204669,0.01,0.0,1.0,-269.97073
752,-107.44817493112951,300,142.04,-0.002145,19707.997358,0.01,0.0,1.0,-289.36426
753,-100.07116444161895,300,61.13,3.8e-05,29722.408125,0.01,0.0,1.0,-368.31915
754,-95.90788420333877,300,157.45,-0.002097,39517.011377,0.01,0.0,1.0,-437.51495
755,-113.44337283087285,300,130.07,0.001551,10847.713896,0.01,0.0,1.0,-207.11348
756,-106.43175814084904,300,122.11,-0.006569,21658.085366,0.01,-0.0,1.0,-300.88794
757,-103.82306426738243,300,183.05,0.000843,22896.797473,0.01,0.0,1.0,-321.0014
758,-114.92630265357532,300,109.03,-0.001158,10234.09172,0.01,0.0,1.0,-193.3187
759,-112.30945144922414,300,151.28,-0.003628,12457.676279,0.01,0.0,1.0,-220.14333
760,-105.41795342704432,300,148.01,-0.000157,22080.155747,0.01,-0.0,1.0,-308.5115
761,-103.10050887664525,300,140.17,-0.001049,25811.142373,0.01,0.0,1.0,-339.42282
762,-100.19107714675899,300,115.76,-0.002261,29802.241816,0.01,-0.0,1.0,-369.70712
763,-109.64815226860681,300,50.19,-0.001309,16236.232925,0.01,-0.0,1.0,-258.70923
764,-94.22240322808504,300,47.75,0.000324,39939.825127,0.01,0.0,1.0,-445.34677
765,-97.49455775705778,300,47.32,0.001302,34965.935605,0.01,0.0,1.0,-408.72894
766,-112.43630624426086,300,47.96,0.001187,12382.03759,0.01,0.0,1.0,-220.93018
767,-100.69416749075842,300,47.82,-0.00379,28984.432402,0.01,0.0,1.0,-364.0468
768,-117.61834428198063,300,52.25,-0.002529,8023.611829,0.01,-0.0,1.0,-162.84595
769,-103.01956923547834,300,53.58,-5.6e-05,25389.592434,0.01,-0.0,1.0,-336.56305
770,-108.47901391537751,300,53.92,-0.002375,18361.568467,0.01,0.0,1.0,-278.4041
771,-96.47703638953637,300,53.31,-0.003235,38140.054707,0.01,0.0,1.0,-423.24646
772,-113.08535942172303,300,53.99,-0.004192,12635.810116,0.01,-0.0,1.0,-217.45439
773,-96.271830778649,300,57.44,0.000772,36565.104778,0.01,0.0,1.0,-419.8458
774,-111.20031138894767,300,53.8,0.000924,14739.26989,0.01,0.0,1.0,-243.81773
775,-113.77688452120273,300,53.64,0.001004,10787.577955,0.01,0.0,1.0,-203.17632
776,-103.34138353229262,300,53.1,-0.001959,23920.325313,0.01,0.0,1.0,-326.85492
777,-101.1315218031127,300,53.27,-0.001199,29676.461057,0.01,-0.0,1.0,-366.54953
778,-93.60357596948506,300,54.33,-0.002063,39219.458486,0.01,-0.0,1.0,-436.6162
779,-117.5194273739729,300,54.21,-0.001461,8344.187783,0.01,-0.0,1.0,-168.41154
780,-97.3341780273599,300,53.46,-0.002133,35102.723867,0.01,-0.0,1.0,-405.3135
781,-97.83072066822064,300,53.49,-0.001563,33295.262979,0.01,0.0,1.0,-398.14337
782,-101.65706011160547,300,53.53,-0.00517,27759.198604,0.01,-0.0,1.0,-351.39978
783,-95.2252186786278,300,53.12,-0.000767,39677.098379,0.01,0.0,1.0,-443.24884
784,-95.7919359680723,300,53.14,-0.00124,37990.227686,0.01,0.0,1.0,-429.11926
785,-116.85569888865342,300,53.84,-0.001341,8410.252045,0.01,0.0,1.0,-170.98256
786,-118.24706476183756,300,53.64,-0.003032,7235.447892,0.01,-0.0,1.0,-152.88728
787,-111.55095064867795,300,53.44,0.002378,13978.714205,0.01,0.0,1.0,-235.88977
788,-100.09828677215043,300,53.72,-0.000389,30250.400713,0.01,0.0,1.0,-372.5924
789,-105.47326852440487,300,53.07,0.000566,20434.630122,0.01,0.0,1.0,-300.77176
790,-100.22793670975491,300,53.26,-0.002441,30823.033345,0.01,0.0,1.0,-372.8766
791,-102.558417214099,300,53.09,-0.002053,26546.719775,0.01,0.0,1.0,-347.87616
792,-106.33415095006,300,53.71,-0.003373,20208.961309,0.01,0.0,1.0,-297.00696
793,-102.87053607167252,300,53.0,-0.001583,25590.004365,0.01,-0.0,1.0,-338.9929
794,-103.08589419839423,300,53.15,-0.000354,24298.216174,0.01,-0.0,1.0,-330.48666
795,-95.25236926373294,300,52.93,-8e-05,39609.959131,0.01,-0.0,1.0,-444.98547
796,-117.60615037319572,300,53.72,-0.000378,8404.113401,0.01,-0.0,1.0,-169.03687
797,-110.99038844152481,300,53.2,-0.000622,14379.32061,0.01,0.0,1.0,-238.97446
798,-100.20499075839989,300,53.15,-0.004075,30049.850298,0.01,0.0,1.0,-368.25485
799,-114.11018930564389,300,53.64,-0.000841,11175.905322,0.01,0.0,1.0,-206.9543
800,-98.8027100845283,300,53.08,0.000886,30916.685967,0.01,0.0,1.0,-381.50635
801,-107.03979156365521,300,53.33,-0.004694,18524.166658,0.01,0.0,1.0,-281.87503
802,-110.97126657013021,300,53.68,-0.000711,14793.048315,0.01,-0.0,1.0,-243.48763
803,-110.6277392220574,300,54.05,-0.002984,15930.653594,0.01,-0.0,1.0,-252.53596
804,-98.22561159379337,300,53.21,-0.0033,33891.976611,0.01,0.0,1.0,-394.74158
805,-107.93740199194743,300,53.27,0.001695,17403.960366,0.01,0.0,1.0,-273.49335
806,-116.57631148312966,300,53.58,-0.002127,8806.206355,0.01,0.0,1.0,-176.04327
807,-108.7183737138283,300,53.62,0.000536,16191.250276,0.01,0.0,1.0,-260.66925
808,-101.682634621271,300,53.53,-0.001966,26491.800273,0.01,0.0,1.0,-346.39487
809,-112.82514421605336,300,53.63,-0.002834,12457.696416,0.01,0.0,1.0,-218.1926
810,-111.37868221845495,300,53.26,-0.001438,14220.007095,0.01,0.0,1.0,-240.82828
811,-94.93242859833771,300,53.56,-0.003517,41558.472627,0.01,0.0,1.0,-452.6578
812,-107.56586023404208,300,53.62,0.000404,17632.164951,0.01,-0.0,1.0,-276.78506
813,-98.16052276847734,300,53.25,0.001058,33339.684868,0.01,0.0,1.0,-398.5021
814,-99.55028548892183,300,55.09,-0.002074,31312.58623,0.01,0.0,1.0,-381.26074
815,-110.53716859739592,300,54.55,0.000954,14834.214968,0.01,0.0,1.0,-249.0356
816,-99.59286395422761,300,53.64,-0.000267,32655.244819,0.01,0.0,1.0,-387.68283
817,-98.31938352051989,300,53.11,0.000874,32556.357786,0.01,0.0,1.0,-392.42282
818,-106.88429163429163,300,54.12,-0.002409,21471.483369,0.01,-0.0,1.0,-300.23926
819,-101.0154993995903,300,53.57,-0.002799,28671.971558,0.01,0.0,1.0,-359.66357
820,-101.14056944738763,300,53.14,-0.002593,27643.504458,0.01,0.0,1.0,-355.78387
821,-103.99219084787273,300,53.44,0.001208,23257.898486,0.01,0.0,1.0,-324.55222
822,-94.22212980622069,300,53.08,-0.004057,41506.498984,0.01,0.0,1.0,-450.81937
823,-112.64759218054675,300,53.36,0.00015,13365.724316,0.01,-0.0,1.0,-229.15459
824,-113.15376492194673,300,53.65,-0.000352,12486.45837,0.01,0.0,1.0,-222.76323
825,-110.70359127404585,300,54.22,-0.005105,14122.892224,0.01,0.0,1.0,-239.33557
826,-99.74498863930685,300,55.76,0.0007,30174.319385,0.01,-0.0,1.0,-372.9681
827,-99.78465747215753,300,53.31,0.002019,29788.276614,0.01,0.0,1.0,-375.2867
828,-115.03557957194325,300,53.3,-0.004413,10611.771177,0.01,-0.0,1.0,-195.27464
829,-111.13305314214402,300,53.43,-0.00368,14845.108984,0.01,0.0,1.0,-241.08217
830,-104.52724888747609,300,53.58,-0.002295,23582.88397,0.01,-0.0,1.0,-323.74176
831,-94.63182377386933,300,53.36,-0.003418,38454.221113,0.01,0.0,1.0,-438.41656
832,-106.97623849214753,300,53.7,-0.001004,19748.119927,0.01,0.0,1.0,-288.9779
833,-112.08965823738552,300,53.4,-0.001609,13169.126099,0.01,0.0,1.0,-226.6589
834,-94.6263641661369,300,53.25,-0.001035,40872.719346,0.01,0.0,1.0,-448.82385
835,-113.60815203315208,300,54.02,-0.000466,11958.594829,0.01,0.0,1.0,-211.67838
836,-92.42963845918389,300,53.83,-9e-06,36982.250625,0.01,0.0,1.0,-425.68613
837,-105.0366897412352,300,53.66,-0.002333,22095.914048,0.01,0.0,1.0,-310.76898
838,-97.12763797650167,300,53.39,-0.003469,35609.859883,0.01,0.0,1.0,-414.18756
839,-103.68284093852274,300,53.39,-0.003113,23769.11562,0.01,-0.0,1.0,-325.16022
840,-106.5954086317723,300,58.38,-0.004748,21538.198228,0.01,0.0,1.0,-301.0746
841,-96.9986164088437,300,53.38,-0.000699,35341.082495,0.01,0.0,1.0,-411.7373
842,-94.35143951166677,300,53.02,-0.004076,41070.328149,0.01,-0.0,1.0,-447.648
843,-104.27690571213294,300,53.11,0.001128,24669.962852,0.01,0.0,1.0,-331.0869
844,-98.91044330248879,300,53.0,-0.003416,33927.801919,0.01,0.0,1.0,-394.77158
845,-96.23145381554468,300,53.26,0.000893,36335.203193,0.01,0.0,1.0,-419.60306
846,-113.76452285088646,300,53.52,-0.001547,10805.374189,0.01,0.0,1.0,-204.94678
847,-110.25625044147766,300,53.44,-0.003024,14948.470979,0.01,0.0,1.0,-247.51688
848,-109.49670216147487,300,53.91,-0.002103,16114.503508,0.01,0.0,1.0,-255.8739
849,-112.30275894139535,300,54.0,0.000737,14483.468372,0.01,0.0,1.0,-237.12816
850,-103.00831125944762,300,53.53,0.000352,24623.19584,0.01,0.0,1.0,-333.0596
851,-101.77140725436175,300,53.25,-0.001093,28062.92,0.01,0.0,1.0,-354.92432
852,-106.79894575121841,300,53.09,-0.000968,18851.392646,0.01,-0.0,1.0,-285.3764
853,-98.78036954627864,300,53.25,-0.000875,31252.946641,0.01,0.0,1.0,-386.5638
854,-104.44165842574937,300,53.24,-0.000857,22548.993306,0.01,-0.0,1.0,-317.38666
855,-95.16132772950957,300,52.9,-0.0033,39957.658501,0.01,0.0,1.0,-446.48392
856,-116.35698358880181,300,53.26,0.002533,8912.934149,0.01,0.0,1.0,-177.61519
857,-103.83071125002954,300,52.88,-0.003894,24531.906038,0.01,0.0,1.0,-326.65155
858,-106.62810035082764,300,53.49,-0.001974,19714.968633,0.01,-0.0,1.0,-293.2614
859,-112.75276953686041,300,53.28,0.002145,12672.11137,0.01,-0.0,1.0,-220.10417
860,-110.11323461891644,300,53.64,-0.000291,14876.414209,0.01,0.0,1.0,-246.68047
861,-113.690318688046,300,55.17,0.001698,12099.804158,0.01,0.0,1.0,-215.88428
862,-96.74515993265994,300,61.21,-0.000291,34860.632778,0.01,-0.0,1.0,-410.71255
863,-114.00697387629205,300,95.14,-0.000782,10773.519457,0.01,0.0,1.0,-200.88908
864,-112.34452773657324,300,80.64,-0.003524,12506.415693,0.01,-0.0,1.0,-224.09142
865,-107.62439841303475,300,73.5,-0.005003,18568.911277,0.01,0.0,1.0,-278.09772
866,-97.78729544865911,300,73.88,-0.002172,32458.389214,0.01,0.0,1.0,-392.0869
867,-112.04843599161777,300,73.07,-0.001819,14438.354915,0.01,-0.0,1.0,-237.14862
868,-97.9501094864731,300,72.86,-0.000373,32146.474878,0.01,-0.0,1.0,-390.7746
869,-97.689751242024,300,71.8,-0.003636,34813.854019,0.01,0.0,1.0,-407.1185
870,-116.66818122954486,300,73.21,-0.001175,8634.885513,0.01,0.0,1.0,-174.14407
871,-107.75115520001881,300,74.07,-0.00264,18871.635708,0.01,0.0,1.0,-279.6388
872,-117.80848490734861,300,73.36,-0.00402,7665.945403,0.01,0.0,1.0,-156.26372
873,-96.22274993524994,300,71.4,-0.001214,37537.903218,0.01,-0.0,1.0,-426.84213
874,-103.76185397094483,300,72.99,0.003414,23639.487402,0.01,0.0,1.0,-327.89175
875,-110.55317952249762,300,72.48,-0.000557,16385.907529,0.01,0.0,1.0,-257.5195
876,-99.92145728850278,300,74.71,-0.00268,29391.70785,0.01,-0.0,1.0,-366.09473
877,-99.06330378375839,300,73.46,-0.003764,32239.729102,0.01,0.0,1.0,-381.71472
878,-95.28671004921003,300,72.79,-6.8e-05,41626.358589,0.01,-0.0,1.0,-448.14853
879,-93.36068199477293,300,52.35,-0.00217,38597.478545,0.01,0.0,1.0,-432.47412
880,-101.26597707847706,300,45.68,-0.005907,28239.093945,0.01,-0.0,1.0,-356.70898
881,-113.03676067198798,300,47.52,0.000224,12898.844508,0.01,-0.0,1.0,-218.8149
882,-112.9250629841539,300,47.59,-0.0011,12995.433036,0.01,0.0,1.0,-223.98169
883,-101.84747827929647,300,47.39,-0.004929,27938.135552,0.01,0.0,1.0,-352.88733
884,-101.7717601422147,300,50.26,-0.001984,26903.631118,0.01,0.0,1.0,-347.45712
885,-101.41633555838104,300,53.25,-0.002299,27203.60375,0.01,-0.0,1.0,-351.1294
886,-116.9853644251372,300,54.0,-0.003746,8707.928341,0.01,0.0,1.0,-170.87378
887,-95.27300275482091,300,53.28,-0.00304,39983.084805,0.01,0.0,1.0,-445.87448
888,-106.96029790916157,300,52.93,-0.001681,19155.39875,0.01,0.0,1.0,-288.59402
889,-109.28411327729509,300,53.48,-0.001535,16251.369966,0.01,-0.0,1.0,-261.145
890,-101.9972316404135,300,86.36,-0.002654,26128.223879,0.01,-0.0,1.0,-344.3614
891,-108.36834751948382,300,72.85,-0.002095,16868.719446,0.01,-0.0,1.0,-267.81726
892,-109.90347825575093,300,73.6,-0.002372,15033.386621,0.01,0.0,1.0,-250.68683
893,-107.83238239033693,300,73.63,-0.001392,19907.937915,0.01,0.0,1.0,-289.97577
894,-108.37689452803095,300,72.8,-0.001355,17496.53176,0.01,0.0,1.0,-270.93073
895,-96.0874558522285,300,73.39,-0.002718,37745.875723,0.01,0.0,1.0,-424.66125
896,-98.57432189023095,300,72.12,-0.001865,31315.781438,0.01,0.0,1.0,-382.45508
897,-107.14833827788375,300,74.8,-0.003543,19305.054875,0.01,0.0,1.0,-282.55414
898,-105.08807980739796,300,75.99,-0.000894,23398.534058,0.01,0.0,1.0,-320.89948
899,-95.34198217607307,300,72.6,-0.003535,43585.297427,0.01,0.0,1.0,-458.8282
900,-116.9732105436651,300,72.84,-0.001905,8410.745726,0.01,0.0,1.0,-170.10286
901,-98.31914482823575,300,71.64,-0.001976,34457.654431,0.01,0.0,1.0,-402.5166
902,-97.99528236914605,300,72.37,-0.001187,33143.445977,0.01,0.0,1.0,-394.15207
903,-108.62634621270988,300,72.99,-0.001085,16634.791926,0.01,0.0,1.0,-265.48856
904,-95.05426055426061,300,72.48,-0.002888,42206.98582,0.01,-0.0,1.0,-454.47354
905,-107.44774699206512,300,72.89,-0.001873,19782.953958,0.01,0.0,1.0,-289.88733
906,-97.9874184737821,300,71.27,-0.000505,33047.02512,0.01,-0.0,1.0,-392.88412
907,-111.10206788161328,300,71.83,-0.001829,14146.069734,0.01,0.0,1.0,-238.61302
908,-94.29227502295686,300,73.06,-0.001586,40177.693442,0.01,0.0,1.0,-445.385
909,-102.37105995856,300,72.31,-0.004381,27258.868296,0.01,-0.0,1.0,-347.73218
910,-94.48823226436855,300,71.86,-0.001873,40266.338789,0.01,0.0,1.0,-444.43848
911,-107.98414859551218,300,72.54,-0.004211,18420.469331,0.01,0.0,1.0,-277.4564
912,-105.50672341126892,300,71.07,-0.0005,20411.779834,0.01,0.0,1.0,-301.77747
913,-117.54520496338677,300,73.52,-0.001452,8041.135184,0.01,-0.0,1.0,-164.14738
914,-97.04168167690892,300,73.3,-0.005119,36834.236738,0.01,0.0,1.0,-418.20193
915,-94.94773227614137,300,73.07,0.000759,40856.60251,0.01,0.0,1.0,-450.77084
916,-110.50355860469499,300,73.59,0.000844,15946.109862,0.01,-0.0,1.0,-255.89662
917,-94.21271455816915,300,72.49,-0.001455,40548.516064,0.01,0.0,1.0,-444.46136
918,-113.03490882013607,300,71.3,-0.000714,12210.236182,0.01,0.0,1.0,-218.28493
919,-104.21124973511336,300,54.46,-0.002212,23059.358281,0.01,0.0,1.0,-320.969
920,-97.32009930305381,300,53.38,-0.001523,36689.849307,0.01,0.0,1.0,-415.78796
921,-102.41541434155071,300,53.89,-0.005426,25440.173105,0.01,-0.0,1.0,-341.86847
922,-108.95077847236931,300,52.8,-0.003658,16271.155854,0.01,0.0,1.0,-263.3781
923,-96.31536018695112,300,55.89,-0.000254,39303.936211,0.01,-0.0,1.0,-432.26483
924,-103.76769648701465,300,55.1,-0.002243,24977.644941,0.01,0.0,1.0,-333.71365
925,-114.97748110475382,300,53.27,-0.003468,10868.598691,0.01,0.0,1.0,-198.45396
926,-99.57222810859173,300,52.77,0.000408,30671.890261,0.01,-0.0,1.0,-376.21887
927,-112.09400120081938,300,53.02,-0.000272,14091.113623,0.01,0.0,1.0,-235.46808
928,-111.16670698829792,300,52.86,-0.000383,14320.741626,0.01,0.0,1.0,-239.92519
929,-97.92670910739098,300,52.83,-0.002555,34327.472554,0.01,0.0,1.0,-397.4632
930,-96.96839078429987,300,53.67,0.003903,35142.140923,0.01,0.0,1.0,-411.7789
931,-115.81210031550948,300,53.19,0.000788,9818.384156,0.01,-0.0,1.0,-183.05487
932,-114.81400367309453,300,58.31,-0.002836,9677.742683,0.01,0.0,1.0,-190.40654
933,-111.56797638388548,300,53.58,0.000351,13250.069321,0.01,-0.0,1.0,-229.6644
934,-93.57672500058867,300,54.33,-0.002068,38308.219756,0.01,0.0,1.0,-433.1798
935,-109.32801499846951,300,53.65,-0.002615,17963.450762,0.01,-0.0,1.0,-271.16638
936,-93.96984530620892,300,52.88,-0.00288,40352.904629,0.01,0.0,1.0,-443.2348
937,-96.26612688658143,300,52.95,-0.004186,37427.567871,0.01,0.0,1.0,-424.25156
938,-112.71476036589667,300,52.82,-0.000981,12543.855793,0.01,0.0,1.0,-221.92343
939,-106.8032086600269,300,53.26,0.003457,20223.944199,0.01,0.0,1.0,-298.87988
940,-102.93124602670056,300,53.03,-0.006095,25591.277324,0.01,0.0,1.0,-334.92108
941,-98.45753896776625,300,53.04,-0.001695,33827.554473,0.01,0.0,1.0,-397.63437
942,-92.82041598973416,300,53.41,-0.000466,38062.40002,0.01,0.0,1.0,-432.6281
943,-99.78461832780013,300,53.24,-0.000972,31391.968491,0.01,-0.0,1.0,-379.21796
944,-101.67676237903505,300,53.18,0.000576,26531.771462,0.01,0.0,1.0,-349.06235
945,-93.77027648277648,300,53.4,0.000742,38849.878433,0.01,-0.0,1.0,-437.24527
946,-114.3669798215253,300,52.95,-0.001728,11174.939798,0.01,0.0,1.0,-201.75446
947,-105.71526983117886,300,53.01,-0.00199,22760.859946,0.01,0.0,1.0,-312.8723
948,-101.63585917449552,300,52.86,-0.004165,27203.696328,0.01,0.0,1.0,-351.64056
949,-97.76339149066423,300,53.06,-0.00311,35302.537295,0.01,0.0,1.0,-403.74942
950,-94.77445521650067,300,53.43,0.001522,41543.535498,0.01,-0.0,1.0,-453.4577
951,-103.98793264815993,300,52.87,-0.002429,23643.592852,0.01,0.0,1.0,-322.51718
952,-107.91248263520993,300,53.46,-0.005369,18261.946758,0.01,0.0,1.0,-278.13437
953,-109.27046867274144,300,53.19,-0.005893,17766.683447,0.01,0.0,1.0,-269.55832
954,-117.5272456499729,300,56.98,-0.001547,8024.790559,0.01,0.0,1.0,-166.2321
955,-97.18322649572656,300,54.44,0.000126,35525.033779,0.01,0.0,1.0,-414.56372
956,-114.2772406465588,300,53.56,-0.001605,11173.25249,0.01,0.0,1.0,-205.3273
957,-105.19831620399798,300,53.24,-0.00079,21081.993311,0.01,0.0,1.0,-304.2872
958,-106.53880206493842,300,53.7,-0.00083,20799.277622,0.01,0.0,1.0,-299.3927
959,-94.65919362623909,300,53.01,-0.000446,39596.167646,0.01,0.0,1.0,-441.66833
960,-107.98728279296462,300,53.17,0.00314,19027.625598,0.01,0.0,1.0,-285.11084
961,-107.81293353111533,300,53.16,-0.003643,17591.175686,0.01,0.0,1.0,-272.90625
962,-103.78159302818389,300,53.37,-0.000161,24495.556558,0.01,0.0,1.0,-332.8591
963,-106.31021785453605,300,53.23,-0.001139,21072.553047,0.01,-0.0,1.0,-297.69788
964,-113.70804666713764,300,53.51,0.000383,11214.384697,0.01,0.0,1.0,-206.63469
965,-100.45272038567498,300,52.99,-0.003198,28811.571543,0.01,0.0,1.0,-364.4446
966,-107.2291872689601,300,53.51,-0.002274,18613.961702,0.01,0.0,1.0,-281.14282
967,-110.88025181888817,300,53.31,-0.002497,13943.625798,0.01,0.0,1.0,-238.88623
968,-102.24852016670201,300,53.27,-0.002582,25475.897068,0.01,0.0,1.0,-342.05417
969,-108.79876062489704,300,53.03,-0.004644,18262.585605,0.01,0.0,1.0,-275.23837
970,-103.16053365826097,300,53.34,0.002127,25482.238853,0.01,-0.0,1.0,-338.5949
971,-115.21602593534408,300,54.08,0.001502,9634.490801,0.01,0.0,1.0,-188.2314
972,-95.42330531421437,300,53.01,-0.00173,42635.641758,0.01,-0.0,1.0,-454.9075
973,-100.89347231051778,300,53.35,-0.00047,28858.235059,0.01,0.0,1.0,-361.14374
974,-111.03613141908589,300,53.06,0.002401,13764.452051,0.01,0.0,1.0,-237.60097
975,-103.42355460196376,300,53.08,0.000694,24577.652036,0.01,0.0,1.0,-332.4173
976,-104.05369428551244,300,53.33,-0.000579,23963.756609,0.01,0.0,1.0,-326.52036
977,-102.82700784064414,300,46.61,-0.000467,25861.86875,0.01,0.0,1.0,-343.79123
978,-98.98004020390381,300,70.6,-0.003064,31563.015088,0.01,-0.0,1.0,-385.46448
979,-97.0900458548186,300,60.71,-0.002361,35189.010137,0.01,-0.0,1.0,-411.42856
980,-113.5571569423843,300,60.0,-0.0046,12271.245676,0.01,0.0,1.0,-218.34962
981,-110.3935735560736,300,61.06,-0.000694,15603.770449,0.01,0.0,1.0,-251.16838
982,-117.35402774834591,300,58.98,0.000146,8300.110054,0.01,-0.0,1.0,-164.97063
983,-113.83373095759464,300,60.14,-0.000732,10867.348474,0.01,0.0,1.0,-202.8611
984,-95.02633885474792,300,58.84,0.002066,41611.907383,0.01,0.0,1.0,-450.13007
985,-99.89458512867606,300,59.52,-0.003108,29135.973555,0.01,-0.0,1.0,-366.1508
986,-96.87865749570291,300,54.08,-0.001131,34809.659385,0.01,-0.0,1.0,-411.04395
987,-101.7368548539003,300,50.41,-0.000351,28028.163018,0.01,0.0,1.0,-358.34515
988,-97.16391272868546,300,39.58,0.000358,34652.617588,0.01,-0.0,1.0,-409.84863
989,-97.78464422782606,300,39.57,-0.001276,34891.451777,0.01,-0.0,1.0,-405.9992
990,-97.90764639401002,300,39.07,-0.002539,33059.10219,0.01,-0.0,1.0,-393.92587
991,-115.34691760259945,300,39.7,-0.001292,9660.533704,0.01,0.0,1.0,-184.84702
992,-108.4617256480893,300,39.09,-0.00064,17891.679766,0.01,0.0,1.0,-272.54825
993,-98.33316557180184,300,38.68,-5.9e-05,32579.148135,0.01,-0.0,1.0,-389.9142
994,-96.44808163217252,300,39.13,0.000149,35956.925762,0.01,0.0,1.0,-415.5101
995,-111.70022662522662,300,38.65,-0.001861,13527.610049,0.01,0.0,1.0,-233.7597
996,-93.92606837606839,300,38.92,-0.002253,39438.209951,0.01,0.0,1.0,-437.4852
997,-103.29400178945632,300,39.1,-0.00344,25124.718926,0.01,-0.0,1.0,-333.3762
998,-103.311728591274,300,39.31,-0.00265,24436.817024,0.01,0.0,1.0,-329.29556
999,-97.34147241647247,300,39.06,-0.000503,33301.132148,0.01,0.0,1.0,-399.65305
1000,-108.78593952343957,300,39.04,0.00112,16790.734004,0.01,0.0,1.0,-267.5205
