Episode,TotalReward,AvgReturn,ActorLoss,CriticLoss,Entropy,IllegalActions,Duration_s
1,-12.83,-5.62,-9.970282554626465,63.508052825927734,1.863675594329834,0,1.47
2,-37.25,-12.46,-23.324817657470703,195.40257263183594,1.9072564840316772,0,1.01
3,-46.95,-15.18,-28.01351547241211,277.91595458984375,1.8717167377471924,0,1.15
4,-38.26,-12.82,-23.00494384765625,203.68394470214844,1.905724048614502,0,1.16
5,-29.41,-10.39,-18.326189041137695,140.22512817382812,1.8940024375915527,0,1.03
6,-39.62,-13.22,-23.061742782592773,209.1310272216797,1.897552490234375,0,1.17
7,-44.3,-14.65,-24.811504364013672,237.819580078125,1.9060444831848145,0,1.48
8,-28.42,-10.04,-16.66950225830078,126.71156311035156,1.9006482362747192,0,1.29
9,-26.63,-9.78,-15.783693313598633,120.2529296875,1.9112015962600708,0,0.98
10,-17.59,-6.98,-9.728033065795898,69.0958251953125,1.8962024450302124,0,1.07
11,-41.18,-13.72,-21.713050842285156,195.0901641845703,1.9085384607315063,0,1.26
12,-26.66,-9.6,-14.070281028747559,108.71781158447266,1.902805209159851,0,1.16
13,-25.49,-9.24,-12.780174255371094,93.50621795654297,1.8863577842712402,0,1.07
14,-35.4,-12.03,-18.294523239135742,153.11410522460938,1.905126929283142,0,1.19
15,-21.54,-8.12,-9.439253807067871,70.02204132080078,1.8852242231369019,0,1.04
16,-28.9,-10.22,-13.603873252868652,109.0919189453125,1.889784336090088,0,1.29
17,-16.63,-6.7,-6.69426155090332,55.92921829223633,1.8925976753234863,0,1.06
18,-27.18,-9.62,-10.810070037841797,78.52828216552734,1.8696930408477783,0,1.22
19,-24.07,-8.85,-9.448280334472656,75.90730285644531,1.8973515033721924,0,1.11
20,-13.95,-6.0,-4.146126747131348,42.44363784790039,1.8756386041641235,0,1.22
21,-25.8,-9.22,-8.611268997192383,65.98511505126953,1.8531954288482666,0,1.02
22,-37.79,-12.69,-13.402656555175781,116.5410385131836,1.837256908416748,0,1.25
23,-28.67,-10.1,-9.583645820617676,77.11518859863281,1.86786687374115,0,1.14
24,-30.58,-10.58,-9.328636169433594,77.87866973876953,1.8336187601089478,0,1.06
25,-11.64,-5.32,0.5031191110610962,34.184200286865234,1.849583387374878,0,1.02
26,-41.51,-13.6,-10.975931167602539,108.76882934570312,1.800681710243225,0,1.8
27,-25.3,-9.07,-5.624063968658447,56.57179641723633,1.8326239585876465,0,1.88
28,-22.55,-8.34,-3.7577946186065674,49.393272399902344,1.8430657386779785,0,1.73
29,-24.13,-8.72,-3.1792476177215576,50.445377349853516,1.8343257904052734,0,1.61
30,-31.16,-10.58,-5.581201553344727,63.63173294067383,1.827186107635498,0,1.75
31,-14.66,-6.12,0.5704951882362366,33.95999526977539,1.8315987586975098,0,1.45
32,-25.01,-8.77,-2.610297441482544,45.738059997558594,1.8470782041549683,0,1.68
33,-13.85,-5.92,0.31845757365226746,30.32386016845703,1.8402957916259766,0,1.46
34,-34.68,-11.56,-6.771994590759277,67.63392639160156,1.817711591720581,0,1.64
35,-35.47,-11.98,-8.270855903625488,73.54554748535156,1.8094836473464966,0,1.98
36,-35.59,-11.95,-8.400273323059082,70.77093505859375,1.8056937456130981,0,1.61
37,-14.24,-6.04,0.9573513865470886,29.91217803955078,1.8330129384994507,0,1.33
38,-15.49,-6.31,0.16800902783870697,28.608753204345703,1.8298218250274658,0,1.57
39,-23.38,-8.59,-3.8218371868133545,35.440223693847656,1.8285675048828125,0,1.42
40,-21.06,-8.0,-2.5793848037719727,33.40434265136719,1.8269586563110352,0,1.58
41,-8.82,-4.48,3.557227373123169,22.633054733276367,1.8313310146331787,0,1.39
42,-20.51,-7.75,-3.316067695617676,29.047258377075195,1.833713173866272,0,1.59
43,-39.05,-12.87,-11.617895126342773,81.0198745727539,1.8069274425506592,0,1.67
44,-24.74,-9.01,-4.241954326629639,33.52480697631836,1.8151276111602783,0,1.62
45,-21.49,-7.99,-2.7848308086395264,27.057567596435547,1.8537940979003906,0,1.82
46,-5.64,-3.46,4.55139684677124,22.15203285217285,1.8489762544631958,0,1.5
47,-24.36,-8.65,-4.823338031768799,26.34722900390625,1.8140206336975098,0,1.51
48,-13.86,-5.85,1.030793309211731,17.788047790527344,1.8478126525878906,0,1.74
49,-41.49,-13.54,-10.3688383102417,70.42552185058594,1.799006700515747,0,1.78
50,-7.93,-4.05,4.481177806854248,21.449195861816406,1.8436368703842163,0,1.66
51,-17.44,-7.06,-1.4969514608383179,15.658613204956055,1.8349344730377197,0,1.64
52,-21.31,-7.88,-2.146307945251465,22.52830696105957,1.830129623413086,0,1.73
53,-24.28,-8.68,-4.224834442138672,23.86248016357422,1.8515198230743408,0,1.68
54,-34.73,-11.77,-9.454474449157715,49.2022705078125,1.8297219276428223,0,1.67
55,-20.25,-7.67,-2.4894940853118896,14.938308715820312,1.8456748723983765,0,1.64
56,-33.07,-11.17,-7.8812785148620605,38.42868423461914,1.8295682668685913,0,1.68
57,-21.13,-7.88,-1.7848663330078125,17.244619369506836,1.841731309890747,0,1.68
58,-13.45,-5.73,2.921318531036377,10.919066429138184,1.834051251411438,0,1.72
59,-26.59,-9.16,-1.5221757888793945,24.316465377807617,1.8382320404052734,0,1.62
60,-10.74,-4.88,3.6744749546051025,9.216425895690918,1.8409135341644287,0,1.45
61,-17.93,-6.98,0.1775403767824173,9.583266258239746,1.843567132949829,0,1.81
62,-24.86,-8.95,-4.041620254516602,15.764629364013672,1.8341302871704102,0,1.85
63,-18.42,-7.23,-2.485689401626587,12.271974563598633,1.8559428453445435,0,1.53
64,-25.08,-9.09,-4.760956764221191,17.900941848754883,1.8347088098526,0,1.65
65,-14.37,-6.09,0.1852072775363922,5.131092548370361,1.8415533304214478,0,1.52
66,-11.58,-5.18,2.5969576835632324,5.903167724609375,1.841485857963562,0,1.48
67,-32.84,-10.97,-5.369261741638184,22.625375747680664,1.8305776119232178,0,1.78
68,-9.17,-4.54,3.4030463695526123,6.629415035247803,1.8406115770339966,0,1.61
69,-24.39,-8.75,-3.2816779613494873,12.701607704162598,1.836140513420105,0,1.7
70,-4.06,-3.22,5.610106468200684,11.219039916992188,1.8297067880630493,0,1.46
71,-29.99,-10.3,-6.815995693206787,20.08291244506836,1.8254685401916504,0,1.7
72,-0.86,-2.29,6.413952350616455,14.605733871459961,1.8184694051742554,0,1.32
73,-16.48,-6.68,-0.920518159866333,2.927743434906006,1.8220192193984985,0,1.48
74,-25.62,-9.26,-5.844625949859619,16.364267349243164,1.8327608108520508,0,1.62
75,-27.94,-9.84,-6.304782867431641,15.9677095413208,1.806176781654358,0,1.64
76,-18.87,-7.46,-3.483266592025757,9.609225273132324,1.8202946186065674,0,1.5
77,-18.49,-7.16,-0.6907978057861328,6.449660778045654,1.805463433265686,0,1.88
78,-16.26,-6.61,-0.681296169757843,4.426650524139404,1.814411997795105,0,1.88
79,-15.06,-6.3,2.2486469745635986,2.9220337867736816,1.800706386566162,0,1.62
80,-9.93,-4.92,2.279186964035034,4.378732681274414,1.8092904090881348,0,1.74
81,-11.11,-5.25,-0.7176892161369324,15.133333206176758,1.7936214208602905,0,1.73
82,-20.34,-8.02,-4.317423343658447,12.62987232208252,1.7949477434158325,0,1.71
83,-5.8,-3.69,5.947207927703857,12.444297790527344,1.7919219732284546,0,1.69
84,-19.5,-7.5,0.2512402832508087,4.408825397491455,1.7976692914962769,0,1.96
85,-7.96,-4.56,1.8868844509124756,7.033540725708008,1.775335669517517,0,1.56
86,-7.6,-4.28,2.0937612056732178,10.906515121459961,1.7794132232666016,0,1.53
87,-21.01,-8.07,-2.630887508392334,4.973817825317383,1.780113935470581,0,1.88
88,0.05,-2.23,6.437146186828613,15.14086627960205,1.7692909240722656,0,1.45
89,-20.67,-7.95,-5.750774383544922,17.694747924804688,1.7946319580078125,0,1.73
90,-5.65,-3.58,6.722672939300537,16.126298904418945,1.7873152494430542,0,1.68
91,8.44,0.15,7.934258460998535,23.075414657592773,1.7529693841934204,0,1.45
92,-2.35,-2.82,5.117253303527832,10.062688827514648,1.759342074394226,0,1.64
93,10.25,0.76,7.859447479248047,23.198307037353516,1.7376633882522583,0,1.41
94,-7.5,-4.11,3.9989778995513916,7.883988380432129,1.7600696086883545,0,1.63
95,-13.54,-5.77,-0.5713425278663635,3.83864426612854,1.763974666595459,0,1.79
96,-11.79,-5.56,-4.114762783050537,14.990436553955078,1.714365005493164,0,1.8
97,-10.95,-5.26,-6.114863872528076,25.239017486572266,1.7008886337280273,0,1.62
98,5.78,-0.66,5.0049567222595215,9.947504043579102,1.6973536014556885,0,1.42
99,-5.32,-3.6,2.6098227500915527,7.028581619262695,1.7212573289871216,0,1.79
100,6.59,-0.14,7.532607078552246,22.22092056274414,1.7174794673919678,0,1.43
101,-4.36,-3.26,2.9751710891723633,6.6492018699646,1.707544207572937,0,1.81
102,1.36,-1.82,3.4184398651123047,10.464831352233887,1.6797327995300293,0,1.95
103,13.3,1.55,7.871438026428223,23.71599578857422,1.6489065885543823,0,1.39
104,-9.67,-4.84,-1.2526211738586426,2.0799169540405273,1.6857234239578247,0,1.63
105,-1.97,-2.71,-1.8319448232650757,5.0334086418151855,1.6914139986038208,0,1.46
106,14.87,1.96,7.704632759094238,23.652645111083984,1.6319514513015747,0,1.51
107,6.24,-0.4,4.195346832275391,7.1694488525390625,1.6567902565002441,0,1.45
108,-3.03,-3.05,-1.3063616752624512,2.946030616760254,1.6771718263626099,0,1.75
109,14.56,2.05,6.389366149902344,16.0445613861084,1.6531345844268799,0,1.57
110,-6.73,-4.14,-2.450246810913086,3.725874900817871,1.6560193300247192,0,1.8
111,2.59,-1.36,0.8999025821685791,1.19795560836792,1.6699899435043335,0,1.63
112,28.12,5.77,7.853421688079834,29.317089080810547,1.5763872861862183,0,1.34
113,-1.95,-2.67,-0.4679885506629944,1.6155891418457031,1.6708852052688599,0,1.72
114,16.53,2.53,5.0788655281066895,11.546438217163086,1.6307119131088257,0,1.37
115,18.09,2.94,6.318222522735596,15.710029602050781,1.608789324760437,0,1.35
116,-0.45,-2.35,-2.4969723224639893,4.778191566467285,1.6467857360839844,0,1.5
117,8.5,0.23,1.1729152202606201,2.9319751262664795,1.6250760555267334,0,1.58
118,17.84,2.77,2.6056458950042725,4.573817729949951,1.5986875295639038,0,1.39
119,2.33,-1.53,-2.201188325881958,3.5021190643310547,1.631650447845459,0,1.76
120,19.25,3.25,3.9950082302093506,6.925466537475586,1.584841251373291,0,1.47
121,10.1,0.55,-0.3108364939689636,2.321747064590454,1.6213146448135376,0,1.38
122,-4.27,-3.32,-4.2589569091796875,7.746715545654297,1.6573240756988525,0,1.8
123,18.59,3.01,3.895923376083374,6.563995838165283,1.580262303352356,0,1.27
124,22.98,4.32,3.099700927734375,5.255919933319092,1.5529015064239502,0,1.43
125,-3.71,-3.24,-4.6735734939575195,8.948969841003418,1.6314717531204224,0,1.68
126,3.87,-1.01,-1.952045202255249,5.738436698913574,1.6065958738327026,0,1.71
127,19.72,3.32,1.884008765220642,2.262068271636963,1.5407682657241821,0,1.54
128,31.4,6.72,4.735117435455322,11.355671882629395,1.4693127870559692,0,1.3
129,-7.38,-4.21,-6.430393695831299,15.622333526611328,1.5995736122131348,0,1.78
130,13.28,1.53,-0.8163695931434631,1.373649001121521,1.5778958797454834,0,1.49
131,13.81,1.75,1.139726996421814,1.5307559967041016,1.5371921062469482,0,1.61
132,18.25,2.88,0.7419596314430237,0.794231653213501,1.5240343809127808,0,1.28
133,18.58,2.99,0.11860939860343933,1.7645143270492554,1.4600468873977661,0,1.55
134,3.55,-1.27,-3.5912983417510986,6.252194404602051,1.5112136602401733,0,1.59
135,25.06,4.88,1.648930311203003,1.7567861080169678,1.4281737804412842,0,1.53
136,10.38,0.78,-0.9441083073616028,0.822685182094574,1.5244380235671997,0,1.98
137,25.73,5.03,1.4419442415237427,1.5552608966827393,1.4119691848754883,0,1.65
138,21.7,3.95,1.3805718421936035,1.879221796989441,1.401707410812378,0,1.6
139,4.41,-0.98,-3.0918285846710205,4.711672782897949,1.4788604974746704,0,1.59
140,19.0,3.1,-0.15001194179058075,0.83693927526474,1.3393924236297607,0,1.6
141,4.37,-0.94,-1.9085005521774292,3.263700485229492,1.4666099548339844,0,1.68
142,14.09,1.83,-0.10803139954805374,0.6705144643783569,1.4258471727371216,0,1.64
143,26.45,5.19,1.3879185914993286,2.623805046081543,1.2497656345367432,0,1.4
144,33.74,7.37,2.2028579711914062,6.057333946228027,1.2282415628433228,0,1.39
145,2.75,-1.21,-0.9933260679244995,1.5715951919555664,1.4607716798782349,0,1.88
146,20.0,3.48,0.8893542289733887,1.3201305866241455,1.3439842462539673,0,1.47
147,36.51,7.92,1.105818748474121,9.476359367370605,1.0544720888137817,0,1.28
148,7.16,-0.18,-0.6505325436592102,1.9812363386154175,1.3409489393234253,0,1.8
149,7.67,-0.07,-0.5852368474006653,0.8437859416007996,1.313550591468811,0,1.86
150,16.47,2.39,-0.2380332052707672,1.3682548999786377,1.2998191118240356,0,1.8
151,29.72,6.12,1.0809797048568726,6.067345142364502,1.0465753078460693,0,1.56
152,26.02,5.02,1.5136773586273193,3.4284703731536865,1.082768201828003,0,1.71
153,32.41,6.88,0.8980762958526611,6.03648042678833,1.0456081628799438,0,1.55
154,15.44,2.11,0.53382807970047,1.1286391019821167,1.1215176582336426,0,1.77
155,16.61,2.53,1.3671867847442627,1.8713042736053467,1.179267406463623,0,2.22
156,31.53,6.63,0.5253167748451233,2.8109443187713623,1.0126208066940308,0,1.8
157,12.6,1.4,-0.5773995518684387,2.6183907985687256,1.1349544525146484,0,2.61
158,29.22,6.0,-0.6198363304138184,0.9654733538627625,0.8606870770454407,0,2.31
159,27.2,5.44,0.01493783388286829,0.30853500962257385,1.0791815519332886,0,3.08
160,31.66,6.65,-0.5435503721237183,0.7640652656555176,0.7880759239196777,0,2.33
161,25.93,5.08,-0.4093940854072571,0.4899291396141052,0.8990128636360168,0,2.49
162,36.68,8.09,-0.09091489762067795,2.628920793533325,0.9149574041366577,0,1.46
163,38.33,8.58,0.00999342743307352,3.4760303497314453,0.8487560749053955,0,1.66
164,41.02,9.4,-0.008601424284279346,5.517477989196777,0.7580382823944092,0,1.67
165,36.61,8.05,-0.36835184693336487,1.046049952507019,0.6631741523742676,0,2.12
166,40.87,9.2,-0.47512802481651306,1.9533467292785645,0.6464897394180298,0,1.69
167,28.63,5.87,0.17605511844158173,0.27387091517448425,0.8802266716957092,0,2.18
168,30.06,6.27,-0.18422988057136536,0.4020349085330963,0.8628142476081848,0,2.36
169,36.72,8.07,-0.8100440502166748,0.9169671535491943,0.7478072047233582,0,2.27
170,26.9,5.36,-0.2987288534641266,1.4600847959518433,0.8185986280441284,0,2.15
171,36.81,8.2,0.10361286997795105,1.003190040588379,0.8022809624671936,0,1.66
172,37.11,8.23,-0.2529398202896118,0.834522008895874,0.6739047765731812,0,1.84
173,39.64,9.05,0.44824373722076416,2.0108025074005127,0.7697528600692749,0,1.75
174,21.46,3.78,0.08968900889158249,4.58619499206543,0.7405168414115906,0,2.8
175,23.03,4.28,-0.15897484123706818,2.4508676528930664,0.8435156345367432,0,2.52
176,43.22,9.94,-0.1650206744670868,2.020770788192749,0.5352486371994019,0,1.71
177,38.45,8.55,-0.03260540962219238,0.2678976058959961,0.5817512273788452,0,2.06
178,43.86,10.12,-0.3949419856071472,2.4302902221679688,0.48809754848480225,0,1.65
179,28.5,5.93,0.3575586676597595,1.0507258176803589,0.7772249579429626,0,2.15
180,24.89,4.84,0.18964523077011108,4.068943977355957,0.6283406019210815,0,2.16
181,43.62,9.95,-0.38267001509666443,1.0512770414352417,0.4585573971271515,0,1.56
182,19.57,3.34,0.28600579500198364,4.990090370178223,0.8631042242050171,0,2.24
183,43.28,9.84,-0.15899373590946198,0.7539026141166687,0.399282842874527,0,1.63
184,22.82,4.22,0.4778972864151001,4.110548496246338,0.5937036871910095,0,2.49
185,34.77,7.52,0.4799528419971466,1.5316596031188965,0.43309688568115234,0,1.82
186,22.78,4.23,0.6803897023200989,3.238666534423828,0.6008902192115784,0,1.84
187,36.93,8.13,0.31836971640586853,0.7209193110466003,0.46208810806274414,0,1.65
188,38.85,8.68,0.15747234225273132,0.7475414872169495,0.5767085552215576,0,1.48
189,37.57,8.32,0.13726115226745605,0.8593817353248596,0.42524468898773193,0,1.6
190,37.02,8.19,0.14603988826274872,0.27899372577667236,0.5423436760902405,0,1.65
191,36.12,7.93,-0.22403419017791748,0.23634637892246246,0.5646656155586243,0,1.57
192,24.68,4.77,0.259732723236084,2.3552675247192383,0.8385077714920044,0,1.69
193,20.73,3.68,-0.371332049369812,3.4278862476348877,0.8910735845565796,0,1.73
194,39.99,9.1,0.13854947686195374,0.7902554273605347,0.6625583171844482,0,1.34
195,33.38,7.18,-0.16672740876674652,0.48492231965065,0.7157509922981262,0,1.35
196,41.48,9.41,-0.3759900629520416,1.067161202430725,0.4618382751941681,0,1.21
197,33.44,7.2,-0.11888150870800018,0.10839170962572098,0.7505289912223816,0,1.58
198,27.65,5.54,-0.21390798687934875,0.5765320658683777,0.7175958156585693,0,1.52
199,17.57,2.81,-0.5642890334129333,2.1877386569976807,0.8964477777481079,0,1.94
200,36.82,8.1,0.3119730055332184,0.9095942378044128,0.6287158727645874,0,1.52
201,32.35,6.88,0.7129070162773132,1.0048835277557373,0.7156411409378052,0,1.6
202,39.05,8.71,0.006278545130044222,1.434105634689331,0.43586283922195435,0,1.42
203,36.4,8.04,0.2920144498348236,1.2004414796829224,0.4757770895957947,0,1.62
204,34.97,7.65,0.7782076001167297,1.719062089920044,0.6829802989959717,0,1.47
205,27.59,5.53,-0.16015419363975525,0.44161346554756165,0.6719834208488464,0,1.67
206,29.59,6.06,-0.11531670391559601,0.39792272448539734,0.563847541809082,0,1.76
207,29.13,6.02,0.10677582770586014,0.13981139659881592,0.7541746497154236,0,1.68
208,36.63,8.1,0.03092036023736,0.32273751497268677,0.6402489542961121,0,1.47
209,24.6,4.67,-0.42091721296310425,1.5824402570724487,0.6056570410728455,0,1.92
210,20.23,3.49,-0.48869094252586365,2.532783031463623,0.80594402551651,0,1.88
211,29.0,5.9,-0.3619653880596161,1.3706737756729126,0.5705171823501587,0,1.88
212,38.91,8.67,-0.18014754354953766,0.41952821612358093,0.5383978486061096,0,1.44
213,36.33,7.97,-0.15250815451145172,0.2604113221168518,0.4844576120376587,0,1.48
214,38.64,8.65,0.01944723352789879,0.9565418362617493,0.6204962134361267,0,1.29
215,43.22,9.99,-0.2962246835231781,1.7068812847137451,0.4810843765735626,0,1.2
216,40.86,9.21,-0.22951185703277588,0.5419740676879883,0.48607051372528076,0,1.49
217,33.05,7.06,-0.279164582490921,0.5698268413543701,0.7003648281097412,0,1.53
218,43.82,10.0,-0.5296889543533325,1.439091444015503,0.3729762136936188,0,1.38
219,41.15,9.31,0.15823403000831604,0.5016794204711914,0.6141051650047302,0,1.33
220,16.42,2.44,-0.8963170051574707,6.3281073570251465,0.8630044460296631,0,1.78
221,22.49,4.14,-0.01779242604970932,4.490715503692627,0.6985856294631958,0,2.12
222,43.96,10.25,-0.1811198592185974,1.3159476518630981,0.42665085196495056,0,1.38
223,34.58,7.52,-0.1049431562423706,0.35028669238090515,0.6272709965705872,0,1.37
224,24.8,4.85,0.7179182767868042,2.1261706352233887,0.8452962636947632,0,1.72
225,42.59,9.72,0.0007142289541661739,0.6782413125038147,0.44653671979904175,0,1.46
226,43.62,10.0,-0.009482502937316895,1.689945101737976,0.39503464102745056,0,1.46
227,28.15,5.74,0.39087969064712524,1.7049568891525269,0.556472897529602,0,1.78
228,27.2,5.46,1.0193737745285034,1.4840632677078247,0.89157634973526,0,1.52
229,30.27,6.32,0.38333559036254883,0.6304556131362915,0.6207153797149658,0,1.73
230,24.3,4.65,0.28637975454330444,0.9105801582336426,0.7548696994781494,0,1.74
231,28.91,5.94,1.0583045482635498,1.3893331289291382,0.8918519020080566,0,1.59
232,34.29,7.41,0.5730574131011963,0.830112099647522,0.6266480684280396,0,1.42
233,36.59,8.08,0.6031342148780823,1.0514767169952393,0.6738090515136719,0,1.43
234,43.7,10.05,0.11874865740537643,1.4900482892990112,0.48785513639450073,0,1.25
235,32.46,6.92,-0.1930270940065384,0.31412896513938904,0.6040987372398376,0,1.46
236,21.41,3.83,-1.2885442972183228,3.160388708114624,1.0203546285629272,0,1.67
237,32.42,6.88,-0.43908393383026123,1.63494074344635,0.45760267972946167,0,1.54
238,43.55,10.11,-0.25106167793273926,1.05569326877594,0.4693925380706787,0,1.23
239,19.38,3.35,-0.743320107460022,2.5168724060058594,0.774279773235321,0,1.81
240,37.17,8.18,-0.4138665795326233,0.669451117515564,0.4485916197299957,0,1.56
241,29.91,6.22,-0.3077412545681,0.5500832796096802,0.6504576206207275,0,1.66
242,39.64,8.88,-0.3140977919101715,0.4951983690261841,0.39967596530914307,0,1.34
243,16.96,2.61,-1.322414755821228,2.207829475402832,0.9821463823318481,0,1.6
244,30.01,6.24,-0.14418107271194458,0.23601683974266052,0.49408650398254395,0,1.62
245,34.38,7.41,0.02973216027021408,0.8701983690261841,0.4176855981349945,0,2.01
246,41.31,9.39,0.7282606959342957,5.462608337402344,0.6031759977340698,0,1.35
247,43.6,9.97,0.180253803730011,5.018434047698975,0.30366334319114685,0,1.29
248,41.66,9.56,0.847335696220398,7.608180522918701,0.6062193512916565,0,1.21
249,27.75,5.64,0.293266236782074,0.7191801071166992,0.6087032556533813,0,1.64
250,30.59,6.44,0.2573443353176117,1.3103744983673096,0.5268710851669312,0,1.69
251,29.5,6.06,-0.0835970863699913,0.15445095300674438,0.5011380910873413,0,1.59
252,29.33,6.07,0.4466889798641205,0.512991189956665,0.8437142968177795,0,1.51
253,27.42,5.52,-0.1289522647857666,0.5020420551300049,0.4438271224498749,0,1.65
254,36.77,8.12,-0.16913147270679474,0.29892152547836304,0.400393009185791,0,1.57
255,46.93,10.92,-0.13892444968223572,2.880202531814575,0.2253865748643875,0,1.24
256,44.51,10.23,-0.17558789253234863,1.9225103855133057,0.21131964027881622,0,1.58
257,43.96,10.2,0.11420179903507233,2.479435920715332,0.3689717650413513,0,1.25
258,26.56,5.3,-0.2447502613067627,2.0958731174468994,0.6474770903587341,0,1.71
259,43.51,9.98,-0.21704035997390747,1.2340089082717896,0.25297921895980835,0,1.43
260,36.14,7.98,0.05711902678012848,0.8282573819160461,0.4800887107849121,0,1.78
261,40.12,9.02,-0.31309136748313904,1.5801291465759277,0.24252887070178986,0,1.34
262,42.4,9.76,0.21573075652122498,0.8430072069168091,0.4591502249240875,0,1.26
263,18.54,3.14,-0.5294162631034851,4.85011625289917,0.6720795035362244,0,1.86
264,27.59,5.55,-0.5015484690666199,3.933962106704712,0.37957459688186646,0,1.85
265,31.47,6.69,-0.021761275827884674,1.1178321838378906,0.4781978726387024,0,1.58
266,45.71,10.64,-0.07752940058708191,1.2484058141708374,0.20936691761016846,0,1.23
267,28.61,5.9,0.21825428307056427,0.8847668170928955,0.5664424300193787,0,1.61
268,45.72,10.59,-0.1975431889295578,2.1980435848236084,0.16843175888061523,0,1.35
269,38.53,8.64,0.3273971974849701,1.3957902193069458,0.386721134185791,0,1.29
270,42.98,9.8,0.01622072048485279,1.1550995111465454,0.1582525372505188,0,1.44
271,37.76,8.43,0.0880998820066452,0.7225632667541504,0.2574491798877716,0,1.52
272,27.39,5.49,-0.124616339802742,1.1533859968185425,0.32343390583992004,0,1.77
273,33.32,7.15,-0.05421563982963562,0.34195250272750854,0.2720194160938263,0,1.57
274,20.39,3.63,-0.41818249225616455,1.5582151412963867,0.4877197742462158,0,1.85
275,39.15,8.74,-0.08477431535720825,0.44702091813087463,0.1425192505121231,0,1.49
276,20.33,3.63,0.07356619834899902,0.8092710375785828,0.5362760424613953,0,1.83
277,25.4,4.99,-0.07293254137039185,0.7592318058013916,0.24829834699630737,0,2.02
278,33.57,7.25,0.05167175456881523,0.7534510493278503,0.23181070387363434,0,1.67
279,31.17,6.59,0.16072876751422882,0.7468114495277405,0.22194989025592804,0,1.83
280,36.16,7.97,0.267206609249115,1.6503361463546753,0.296536386013031,0,1.48
281,38.11,8.55,0.44362732768058777,3.203530788421631,0.35229822993278503,0,1.31
282,33.16,7.1,0.03724844753742218,0.19074532389640808,0.16846787929534912,0,1.81
283,47.07,11.01,-0.008423404768109322,2.9854185581207275,0.12448342889547348,0,1.22
284,28.67,5.9,-0.0817398875951767,0.33034297823905945,0.27089372277259827,0,1.8
285,40.08,9.07,0.18819895386695862,0.814525842666626,0.2905067503452301,0,1.43
286,35.5,7.8,0.0013973356690257788,0.16197064518928528,0.3101559281349182,0,1.56
287,26.04,5.13,-0.24363644421100616,2.166518449783325,0.3689856231212616,0,1.74
288,41.72,9.47,-0.15739743411540985,1.5593390464782715,0.12586753070354462,0,1.39
289,36.46,8.07,-0.0008156935218721628,0.2670859694480896,0.286136269569397,0,1.58
290,22.64,4.29,-0.2401980459690094,1.9175480604171753,0.4361843466758728,0,1.91
291,45.74,10.64,0.04828951135277748,1.6720468997955322,0.17026376724243164,0,1.38
292,43.05,9.89,-0.0911305695772171,0.7617828249931335,0.24624493718147278,0,1.38
293,28.58,5.85,-0.21128997206687927,2.1478521823883057,0.27247315645217896,0,1.7
294,35.15,7.7,-0.12702058255672455,0.574840784072876,0.26327401399612427,0,1.64
295,25.76,5.15,-0.03772595897316933,0.8113266229629517,0.5958014726638794,0,1.64
296,21.92,4.1,-0.1343667209148407,1.4214781522750854,0.499249666929245,0,1.68
297,39.26,8.85,-0.1344524472951889,0.33806920051574707,0.23562461137771606,0,1.38
298,45.97,10.7,-0.06974536180496216,2.4220218658447266,0.18093910813331604,0,1.38
299,37.52,8.29,-0.08240571618080139,0.2908657193183899,0.167080357670784,0,1.62
300,33.03,7.07,-0.062460917979478836,0.13667210936546326,0.20002809166908264,0,1.74
301,30.32,6.42,0.20718960464000702,0.8363997936248779,0.39556947350502014,0,1.51
302,23.12,4.42,0.015734627842903137,0.5427781939506531,0.3606378436088562,0,1.98
303,31.34,6.57,0.008408434689044952,0.2025163620710373,0.15416789054870605,0,1.64
304,39.31,8.85,0.22578364610671997,1.7966402769088745,0.2058275043964386,0,1.51
305,34.04,7.41,0.30984383821487427,1.7933588027954102,0.2973231375217438,0,1.8
306,28.37,5.79,0.07379508763551712,0.49867135286331177,0.2021341621875763,0,1.75
307,41.08,9.34,0.009744450449943542,2.205770969390869,0.15795478224754333,0,1.37
308,25.08,4.9,-0.09230275452136993,0.4605323374271393,0.23368680477142334,0,1.82
309,37.68,8.32,-0.10371343791484833,0.4559524655342102,0.10795477777719498,0,1.58
310,27.69,5.67,0.08303666859865189,0.3145992159843445,0.23339559137821198,0,1.62
311,31.95,6.85,0.1207459568977356,0.583116352558136,0.27470725774765015,0,1.64
312,34.29,7.43,-0.04917868226766586,0.17734526097774506,0.19537033140659332,0,1.63
313,28.8,5.92,-0.1182197853922844,0.9346723556518555,0.16622114181518555,0,1.61
314,45.38,10.46,-0.19522276520729065,1.7951116561889648,0.09916530549526215,0,1.41
315,29.77,6.25,0.14264421164989471,0.4123987555503845,0.3620641827583313,0,1.64
316,39.52,8.91,0.015498040243983269,0.4227871596813202,0.1545906513929367,0,1.5
317,33.95,7.32,-0.0792032852768898,1.5552890300750732,0.11848638951778412,0,1.63
318,42.3,9.65,-0.17553360760211945,0.7849137187004089,0.11986982077360153,0,1.22
319,46.24,10.69,-0.23062819242477417,2.027266025543213,0.0774620920419693,0,1.32
320,35.27,7.71,-0.09137134253978729,0.4083704650402069,0.17135226726531982,0,1.66
321,33.64,7.23,-0.13026835024356842,1.3226125240325928,0.10571476817131042,0,1.8
322,34.99,7.63,-0.023299619555473328,0.5190374851226807,0.10478616505861282,0,1.56
323,22.83,4.34,-0.0424983873963356,0.7722308039665222,0.35490095615386963,0,1.79
324,34.57,7.54,0.5117011666297913,1.8778188228607178,0.39844629168510437,0,1.43
325,43.29,10.0,0.676922082901001,7.95396089553833,0.21690483391284943,0,1.3
326,35.89,7.91,0.28329282999038696,2.3342597484588623,0.22996243834495544,0,1.42
327,30.18,6.3,0.022022061049938202,0.1168377548456192,0.12000758945941925,0,1.63
328,37.77,8.39,0.08107181638479233,1.6148545742034912,0.13403768837451935,0,1.4
329,26.75,5.42,0.07727658748626709,0.5206279754638672,0.2642686367034912,0,1.59
330,42.43,9.79,0.9649677872657776,8.528680801391602,0.2790928781032562,0,1.29
331,34.79,7.6,0.4701727628707886,1.8477386236190796,0.25113269686698914,0,1.49
332,23.13,4.45,-0.01187892071902752,0.3272429406642914,0.3755173683166504,0,1.57
333,38.91,8.77,0.35234424471855164,2.742457151412964,0.24986058473587036,0,1.43
334,33.1,7.1,-0.08684339374303818,0.5997298955917358,0.11447856575250626,0,1.64
335,32.03,6.9,0.2064235806465149,0.7380273938179016,0.34595370292663574,0,1.63
336,25.33,5.0,-0.1543000340461731,1.8024210929870605,0.19495190680027008,0,1.86
337,36.91,8.2,0.006562111433595419,0.19949613511562347,0.16611771285533905,0,1.51
338,34.44,7.5,-0.025307243689894676,0.5756940841674805,0.15482690930366516,0,1.72
339,40.03,9.01,0.03253955766558647,0.4209883213043213,0.13568325340747833,0,1.55
340,44.05,10.23,0.16193240880966187,2.3535661697387695,0.24024611711502075,0,1.47
341,39.78,8.94,0.02806795947253704,0.33713018894195557,0.15522080659866333,0,1.53
342,45.68,10.7,0.014943198300898075,1.7835986614227295,0.13309840857982635,0,1.28
343,44.15,10.15,-0.02893095836043358,0.8066112399101257,0.1083906963467598,0,1.3
344,28.41,5.84,-0.15200376510620117,1.4820164442062378,0.2086164951324463,0,1.64
345,31.88,6.76,-0.15738768875598907,1.569293737411499,0.17181771993637085,0,1.75
346,45.5,10.51,-0.10557826608419418,0.909454345703125,0.11861764639616013,0,1.25
347,33.75,7.3,-0.03903592377901077,0.7195533514022827,0.1694444715976715,0,1.49
348,46.78,10.9,-0.01717441715300083,1.9972468614578247,0.1323123574256897,0,1.5
349,21.03,3.76,-0.6464294791221619,1.5343014001846313,0.5514983534812927,0,1.84
350,42.73,9.76,0.1270003467798233,0.6004118919372559,0.15379883348941803,0,1.26
351,33.51,7.23,-0.05774758383631706,0.3619981110095978,0.14450739324092865,0,1.61
352,31.67,6.71,-0.07005469501018524,0.4638853967189789,0.160270556807518,0,1.76
353,39.6,8.88,0.07665333151817322,0.5551842451095581,0.15205977857112885,0,1.52
354,26.63,5.37,0.20130762457847595,0.4758586585521698,0.41214460134506226,0,1.78
355,44.91,10.41,0.1615314930677414,3.582530975341797,0.16634604334831238,0,1.29
356,46.34,10.83,0.10702472180128098,3.6022701263427734,0.14557664096355438,0,1.16
357,29.73,6.22,0.15380807220935822,0.5889710783958435,0.29966339468955994,0,1.53
358,46.85,10.92,-0.12667696177959442,1.5658296346664429,0.10196474194526672,0,1.26
359,38.04,8.48,-0.023899096995592117,0.3132307529449463,0.14344094693660736,0,1.54
360,42.08,9.62,0.18991050124168396,0.6195029616355896,0.19161070883274078,0,1.37
361,27.51,5.54,-0.2646360397338867,2.7215259075164795,0.21830296516418457,0,1.78
362,34.32,7.44,-0.09222093969583511,1.385309100151062,0.13006611168384552,0,1.48
363,24.23,4.76,-0.13253173232078552,0.9111129641532898,0.3620959520339966,0,1.54
364,29.25,6.04,-0.08657509833574295,1.7211531400680542,0.2458619475364685,0,1.54
365,40.92,9.24,-0.12525098025798798,0.5686447620391846,0.10003126412630081,0,1.4
366,26.63,5.33,-0.1380007117986679,1.7061011791229248,0.16027767956256866,0,1.84
367,44.08,10.29,0.26851922273635864,2.7483348846435547,0.23241810500621796,0,1.36
368,44.15,10.23,0.17735236883163452,3.907277822494507,0.21201592683792114,0,1.22
369,34.65,7.56,0.022754056379199028,0.3488835096359253,0.14015431702136993,0,1.4
370,37.79,8.41,0.08760382980108261,0.536374032497406,0.14760278165340424,0,1.43
371,31.01,6.51,-0.06040516868233681,0.3698398768901825,0.1183173879981041,0,1.86
372,25.29,4.99,-0.08064818382263184,0.26096829771995544,0.1931820660829544,0,1.75
373,23.5,4.53,-0.06408181041479111,0.30214089155197144,0.2236071527004242,0,1.91
374,28.87,6.01,0.07832062989473343,0.7291451692581177,0.21675801277160645,0,1.83
375,41.39,9.41,0.06954892724752426,1.8378074169158936,0.1206182986497879,0,1.37
376,36.62,8.11,0.44053781032562256,3.076450824737549,0.308243066072464,0,1.5
377,28.32,5.75,-0.06823599338531494,0.410733699798584,0.11088375002145767,0,1.8
378,44.01,10.14,0.15225790441036224,3.003065824508667,0.21357057988643646,0,1.26
379,35.96,7.94,0.024782318621873856,0.6318603754043579,0.17174707353115082,0,1.5
380,40.67,9.26,0.3000071942806244,2.288442611694336,0.20838317275047302,0,1.34
381,39.06,8.8,0.0025594171602278948,0.6106435656547546,0.15485228598117828,0,1.46
382,31.56,6.69,-0.10862908512353897,0.8437356948852539,0.13126014173030853,0,1.86
383,43.41,10.0,-0.005470392759889364,0.7392407655715942,0.1498156189918518,0,1.27
384,28.5,5.87,-0.0626029223203659,1.9102455377578735,0.1441672444343567,0,1.69
385,44.06,10.13,-0.03723260387778282,2.3711354732513428,0.08033716678619385,0,1.29
386,37.72,8.37,-0.029923899099230766,2.486271619796753,0.0689925104379654,0,1.41
387,44.41,10.22,-0.1347718983888626,1.3305343389511108,0.09491632133722305,0,1.29
388,43.8,10.07,-0.023486627265810966,0.3894282281398773,0.12614579498767853,0,1.34
389,46.35,10.81,-0.09421074390411377,2.2271599769592285,0.08832801878452301,0,1.32
390,25.68,5.13,0.05416000634431839,0.9715420603752136,0.21497759222984314,0,1.77
391,43.86,10.14,0.10813148319721222,1.7213788032531738,0.1731170117855072,0,1.41
392,29.09,6.06,0.11773937195539474,0.7079094648361206,0.24867266416549683,0,1.54
393,41.38,9.44,0.6549230217933655,3.5925064086914062,0.2765132486820221,0,1.42
394,37.81,8.4,0.036821696907281876,0.1815730333328247,0.09078028053045273,0,1.61
395,26.38,5.29,0.05175508186221123,0.7272042632102966,0.17068026959896088,0,1.72
396,45.33,10.5,0.005472199991345406,1.7172578573226929,0.09338034689426422,0,1.22
397,33.3,7.2,0.3531099855899811,1.3373936414718628,0.3244744837284088,0,1.48
398,30.72,6.5,0.058606501668691635,0.26182591915130615,0.1732400357723236,0,1.51
399,45.52,10.62,0.23503805696964264,1.8629668951034546,0.15441277623176575,0,1.2
400,43.39,9.98,0.128522589802742,0.846491277217865,0.14503157138824463,0,1.37
401,27.35,5.55,-0.06882251054048538,0.3500819802284241,0.2351081371307373,0,1.79
402,40.03,9.03,-0.01902242936193943,0.21093223989009857,0.15340586006641388,0,1.4
403,30.94,6.53,-0.08671104907989502,0.7692434191703796,0.16905371844768524,0,1.67
404,44.5,10.25,-0.0074593015015125275,1.3143963813781738,0.10286292433738708,0,1.35
405,45.98,10.75,0.02778332494199276,2.1142117977142334,0.16661980748176575,0,1.14
406,39.62,8.96,0.05027315020561218,0.341912180185318,0.18219546973705292,0,1.48
407,30.31,6.39,-0.060582101345062256,0.48824477195739746,0.2431127429008484,0,1.47
408,30.85,6.53,-0.01807406172156334,0.4253263771533966,0.2962319552898407,0,1.51
409,44.71,10.32,-0.022466465830802917,0.9549806714057922,0.11193601042032242,0,1.49
410,36.2,8.0,1.0028506517410278,2.1546645164489746,0.59490966796875,0,1.46
411,25.09,4.93,0.12481007725000381,0.6218923926353455,0.6459362506866455,0,1.65
412,42.17,9.6,-0.05684072896838188,0.7686556577682495,0.09327858686447144,0,1.29
413,27.62,5.61,0.06803155690431595,0.1569185107946396,0.5769954919815063,0,1.73
414,35.8,7.93,0.15414318442344666,0.7629228234291077,0.27033761143684387,0,1.56
415,45.17,10.54,0.2981632649898529,2.8142051696777344,0.24056491255760193,0,1.2
416,21.0,3.77,-0.278377890586853,0.6212552189826965,0.8077128529548645,0,1.84
417,27.57,5.61,0.1745951622724533,0.28631433844566345,0.5517111420631409,0,1.69
418,31.74,6.76,-0.012190308421850204,0.10886242985725403,0.3005901873111725,0,1.65
419,24.67,4.79,-0.12325765192508698,0.24576899409294128,0.5693970322608948,0,1.8
420,30.8,6.47,-0.13742278516292572,1.301717758178711,0.12958557903766632,0,1.53
421,32.12,6.84,0.10981862992048264,0.22489263117313385,0.31791290640830994,0,1.51
422,44.41,10.41,0.2615170180797577,2.531520366668701,0.24888086318969727,0,1.42
423,40.92,9.36,0.41683292388916016,3.221538782119751,0.3031025230884552,0,1.33
424,37.99,8.48,0.0027642836794257164,0.37522923946380615,0.14484968781471252,0,1.58
425,28.61,5.92,-0.07306376844644547,0.2091025859117508,0.3348638415336609,0,1.7
426,37.6,8.38,0.0935027152299881,0.504365086555481,0.2706262767314911,0,1.56
427,46.39,10.78,-0.09524282068014145,1.1793235540390015,0.13313575088977814,0,1.23
428,29.17,6.04,-0.29935377836227417,1.6298381090164185,0.1844385415315628,0,1.62
429,44.94,10.4,0.07356622815132141,0.892238438129425,0.19729185104370117,0,1.19
430,39.8,8.98,-0.053251177072525024,0.2107921540737152,0.1820831000804901,0,1.47
431,43.73,10.17,0.2946804165840149,1.1605221033096313,0.29826000332832336,0,1.26
432,47.29,11.04,-0.025421516969799995,2.242237091064453,0.08725918084383011,0,1.23
433,23.07,4.41,0.17930862307548523,1.0227652788162231,0.7922143340110779,0,1.67
434,37.1,8.26,0.06625565141439438,0.4567180275917053,0.28235235810279846,0,1.54
435,45.19,10.55,-0.008865559473633766,0.7872564792633057,0.1730847805738449,0,1.14
436,39.83,8.94,-0.09149984270334244,0.7273484468460083,0.14886608719825745,0,1.39
437,27.77,5.7,0.14165639877319336,0.19896122813224792,0.49172231554985046,0,1.78
438,40.36,9.15,0.048335686326026917,0.432635098695755,0.19323958456516266,0,1.32
439,26.54,5.3,-0.20232702791690826,0.7359718680381775,0.29218047857284546,0,1.6
440,39.26,8.83,-0.044975582510232925,0.2091316431760788,0.1288951188325882,0,1.43
441,36.53,8.02,-0.055757127702236176,0.21248582005500793,0.11728032678365707,0,1.63
442,43.97,10.24,0.38292285799980164,2.385262966156006,0.28521525859832764,0,1.32
443,27.19,5.49,-0.10717497766017914,0.630652666091919,0.13281206786632538,0,1.92
444,22.29,4.2,0.14926202595233917,0.4145049750804901,0.5338255763053894,0,1.77
445,46.3,10.75,0.0008226822828873992,2.5380935668945312,0.10620102286338806,0,1.32
446,33.88,7.35,0.14221124351024628,0.7891044020652771,0.22194239497184753,0,1.49
447,40.37,9.1,0.7180122137069702,3.2384848594665527,0.3766094744205475,0,1.25
448,22.73,4.28,-0.2596859633922577,0.47370442748069763,0.31930094957351685,0,1.82
449,31.8,6.78,0.4264734387397766,1.0296753644943237,0.4366755187511444,0,1.43
450,45.29,10.5,0.09066466242074966,1.5288327932357788,0.15851527452468872,0,1.26
451,45.2,10.48,0.13686898350715637,2.1790571212768555,0.18580764532089233,0,1.22
452,35.65,7.79,-0.0632103756070137,0.6577867269515991,0.10286030173301697,0,1.59
453,31.31,6.66,0.01071842573583126,0.2207951545715332,0.22123992443084717,0,1.65
454,41.9,9.61,0.34199002385139465,1.8871140480041504,0.2758829593658447,0,1.32
455,42.88,9.81,-0.03116588667035103,0.4487674832344055,0.0992918610572815,0,1.39
456,33.06,7.12,-0.06317703425884247,1.8152002096176147,0.11337123811244965,0,1.68
457,33.27,7.13,-0.04577120393514633,2.333393096923828,0.0809134766459465,0,1.73
458,41.83,9.58,0.467449814081192,2.2950799465179443,0.2929478585720062,0,1.5
459,29.41,6.08,-0.047641173005104065,2.39619517326355,0.1096445694565773,0,1.66
460,34.86,7.58,-0.071110300719738,0.8652065992355347,0.10199518501758575,0,1.64
461,46.78,10.85,-0.09857726842164993,1.251587986946106,0.07361727952957153,0,1.32
462,26.81,5.39,0.7025328278541565,0.9877961277961731,0.8087649941444397,0,1.6
463,32.94,7.04,-0.05721617862582207,0.3611541986465454,0.13740527629852295,0,1.74
464,26.14,5.17,-0.14287933707237244,1.231181025505066,0.12557058036327362,0,1.69
465,24.19,4.72,0.13264793157577515,0.6781416535377502,0.3968285918235779,0,1.73
466,29.96,6.23,0.7985650897026062,1.5637977123260498,0.6839447021484375,0,1.46
467,42.93,9.79,0.0589328408241272,1.0459277629852295,0.0906139612197876,0,1.48
468,46.27,10.77,-0.0667140781879425,1.602264165878296,0.11664735525846481,0,1.15
469,32.76,7.04,0.8809971809387207,2.229818820953369,0.5850845575332642,0,1.61
470,17.63,2.84,-0.5627318620681763,0.9817590117454529,0.7130758762359619,0,1.72
471,33.22,7.15,-0.01549333892762661,0.28652745485305786,0.10397795587778091,0,1.83
472,38.5,8.66,0.3005339801311493,1.7649424076080322,0.24390797317028046,0,1.57
473,35.97,7.94,0.751713752746582,2.67980694770813,0.49907195568084717,0,1.43
474,47.75,11.15,-0.013322321698069572,1.3050711154937744,0.08214819431304932,0,1.25
475,29.38,6.13,0.01968413218855858,0.2911227345466614,0.2708342969417572,0,1.8
476,47.14,11.0,-0.04608602449297905,1.0113554000854492,0.09491081535816193,0,1.43
477,37.43,8.27,-0.04822879657149315,0.7809531688690186,0.09700489789247513,0,1.5
478,28.11,5.74,-0.05661841481924057,2.6569457054138184,0.08655694872140884,0,1.93
479,45.01,10.4,0.0073778703808784485,0.4341765344142914,0.09557940065860748,0,1.26
480,31.48,6.69,-0.017653875052928925,0.2998179495334625,0.1769951581954956,0,1.59
481,43.01,9.89,0.3418470621109009,2.123121976852417,0.3113612234592438,0,1.21
482,30.02,6.25,-0.034801557660102844,0.5497643947601318,0.145252987742424,0,1.67
483,35.78,7.85,0.03405960649251938,0.18577167391777039,0.13860076665878296,0,1.67
484,46.99,10.95,-0.026729416102170944,1.079674243927002,0.07869067043066025,0,1.34
485,35.04,7.61,-0.020238419994711876,0.34769752621650696,0.06996934860944748,0,1.77
486,32.43,6.9,-0.01659320667386055,0.29155227541923523,0.1291138380765915,0,1.74
487,29.16,6.02,0.4540571868419647,0.6563316583633423,0.5134766697883606,0,1.67
488,25.97,5.18,-0.018487364053726196,0.31655317544937134,0.19235453009605408,0,1.64
489,43.04,9.86,0.3110824227333069,2.1308231353759766,0.18757358193397522,0,1.34
490,24.09,4.65,-0.16828402876853943,0.13868719339370728,0.28450775146484375,0,1.75
491,27.84,5.73,0.09141694009304047,0.44676482677459717,0.25996580719947815,0,1.75
492,32.83,7.01,-0.02615748532116413,0.11122424155473709,0.1225578561425209,0,1.68
493,46.11,10.75,0.30475398898124695,3.5534379482269287,0.17428027093410492,0,1.37
494,38.82,8.76,0.5240212678909302,4.163515090942383,0.33712026476860046,0,1.4
495,26.13,5.22,-0.05526100471615791,0.2740960121154785,0.23318390548229218,0,1.81
496,33.45,7.26,0.2743202745914459,1.0882648229599,0.2993948459625244,0,1.49
497,21.38,3.94,-0.11035674065351486,0.579558789730072,0.3244088888168335,0,2.02
498,36.34,7.99,1.2449378967285156,2.93942928314209,0.6645333170890808,0,1.54
499,36.4,8.02,0.07058317214250565,0.4082002639770508,0.18049973249435425,0,1.48
500,35.57,7.81,0.11983679980039597,0.5512667298316956,0.2225467711687088,0,1.59
501,25.95,5.17,-0.07389143109321594,1.8250343799591064,0.13385513424873352,0,1.73
502,42.93,9.86,0.2074436992406845,1.5996513366699219,0.30914708971977234,0,1.38
503,21.11,3.87,-0.28169646859169006,0.4611499011516571,0.6439915895462036,0,1.61
504,44.92,10.39,0.04270811006426811,1.102262020111084,0.11787176877260208,0,1.25
505,39.69,8.97,0.23147132992744446,1.2135273218154907,0.30518269538879395,0,1.44
506,45.98,10.74,-0.025448443368077278,1.3664116859436035,0.1684938222169876,0,1.3
507,33.23,7.13,-0.0903482735157013,1.568671703338623,0.10981183499097824,0,1.57
508,27.94,5.67,-0.2177814096212387,3.1877472400665283,0.1129315048456192,0,1.86
509,29.07,6.02,-0.0925908014178276,1.0112497806549072,0.12078101933002472,0,1.79
510,27.1,5.52,-0.1111522912979126,0.891711413860321,0.1563272476196289,0,1.67
511,39.59,8.92,0.37429192662239075,0.9254051446914673,0.37915095686912537,0,1.42
512,45.78,10.64,-0.10687052458524704,1.9247597455978394,0.09527081996202469,0,1.4
513,27.57,5.59,-0.10138442367315292,0.6123690009117126,0.16695529222488403,0,1.91
514,45.99,10.75,0.06308668851852417,1.7589836120605469,0.1494065672159195,0,1.35
515,35.78,7.84,-0.04947802424430847,0.09040188044309616,0.1610131412744522,0,1.56
516,38.39,8.58,0.3441765308380127,1.1103450059890747,0.34371519088745117,0,1.59
517,38.93,8.77,0.19961543381214142,0.8830122947692871,0.289532870054245,0,1.4
518,43.61,10.03,-0.09198752045631409,0.32367435097694397,0.1381233185529709,0,1.43
519,35.81,7.89,0.15055502951145172,0.6699396967887878,0.2428314983844757,0,1.61
520,42.13,9.62,-0.014477873221039772,0.3144947290420532,0.16742156445980072,0,1.32
521,27.81,5.62,0.27049189805984497,0.8277204632759094,0.7653251886367798,0,1.58
522,30.99,6.53,-0.014619773253798485,1.1055344343185425,0.13908977806568146,0,1.66
523,38.76,8.66,-0.11303537338972092,1.1300060749053955,0.0948696956038475,0,1.42
524,32.56,6.96,-0.03462284803390503,0.9893288016319275,0.1094784289598465,0,1.69
525,34.28,7.38,-0.01558078546077013,0.9065912961959839,0.08446304500102997,0,1.55
526,46.11,10.76,-0.015914171934127808,1.3409066200256348,0.1408349871635437,0,1.16
527,42.11,9.61,0.9095697402954102,2.7892627716064453,0.46708500385284424,0,1.29
528,35.66,7.87,0.6648061871528625,2.2056000232696533,0.5184071063995361,0,1.32
529,23.49,4.51,0.46523529291152954,1.37238609790802,0.43979427218437195,0,1.65
530,31.45,6.67,0.05418260768055916,0.5642268061637878,0.1838008463382721,0,1.85
531,32.41,6.9,-0.01544773206114769,0.30678480863571167,0.10288472473621368,0,1.58
532,45.6,10.56,-0.010515579953789711,0.7053079009056091,0.12799757719039917,0,1.27
533,38.57,8.63,0.00479308795183897,0.2315702885389328,0.1624486744403839,0,1.51
534,36.25,8.02,0.1411893516778946,0.49433818459510803,0.25932779908180237,0,1.67
535,34.36,7.52,0.0024216941092163324,0.4974372982978821,0.2148125022649765,0,1.74
536,23.25,4.46,-0.014853110536932945,0.8324100971221924,0.30842337012290955,0,2.0
537,39.34,8.84,-0.050494201481342316,0.5335784554481506,0.11177032440900803,0,2.11
538,46.24,10.81,-0.18050603568553925,2.8589797019958496,0.12522676587104797,0,1.93
539,27.1,5.49,-0.09965784102678299,0.8427264094352722,0.1654534935951233,0,2.24
540,29.82,6.23,0.22963885962963104,0.4330154359340668,0.4606662392616272,0,2.01
541,30.91,6.55,-0.043297793716192245,0.249125137925148,0.1694001704454422,0,2.35
542,40.68,9.24,0.04429655522108078,1.0374468564987183,0.24556173384189606,0,1.89
543,47.73,11.13,-0.1458655446767807,3.5727498531341553,0.07461395114660263,0,1.58
544,37.43,8.3,-0.12877827882766724,0.40850093960762024,0.11934392154216766,0,2.19
545,31.13,6.58,0.03777167573571205,0.2564939260482788,0.18944279849529266,0,2.01
546,29.49,6.11,-0.11555751413106918,0.15684959292411804,0.16383209824562073,0,2.7
547,33.98,7.36,0.2573354244232178,0.7044192552566528,0.3491456210613251,0,1.81
548,31.55,6.75,0.4542546570301056,1.8320599794387817,0.3556298017501831,0,2.1
549,25.93,5.2,-0.051777757704257965,0.502671480178833,0.1630333662033081,0,2.41
550,41.05,9.34,0.390186071395874,1.6029596328735352,0.3426610231399536,0,2.25
551,37.09,8.28,0.7781866788864136,3.504067897796631,0.4762001037597656,0,2.11
552,41.11,9.31,-0.016227882355451584,0.5569424629211426,0.08503846824169159,0,1.81
553,30.2,6.3,-0.07416853308677673,1.1928915977478027,0.10765185207128525,0,2.72
554,41.21,9.35,-0.0012030134676024318,0.30508846044540405,0.10968341678380966,0,2.37
555,31.64,6.73,0.13335692882537842,0.2777160108089447,0.3005836606025696,0,1.97
556,34.17,7.35,0.41700559854507446,0.6682230830192566,0.586499035358429,0,1.93
557,37.74,8.43,0.3270692229270935,1.4835803508758545,0.4925224184989929,0,2.05
558,26.62,5.36,-0.12883707880973816,1.4897027015686035,0.10582197457551956,0,2.41
559,35.31,7.73,0.019771749153733253,0.2842540740966797,0.12137576937675476,0,2.08
560,44.68,10.28,-0.08914020657539368,0.8624549508094788,0.06073202192783356,0,1.76
561,24.25,4.73,-0.005744537338614464,0.6167699098587036,0.24423708021640778,0,2.73
562,36.25,8.01,0.006162651348859072,0.23160462081432343,0.12004557251930237,0,2.34
563,33.0,7.07,0.31739380955696106,0.6794555187225342,0.49643275141716003,0,2.38
564,23.71,4.51,-0.036207884550094604,0.41305792331695557,0.7554953694343567,0,2.6
565,42.32,9.67,0.07592897862195969,0.6643784046173096,0.13192301988601685,0,2.27
566,43.68,10.17,0.19730596244335175,1.388949990272522,0.3115725517272949,0,2.02
567,30.6,6.44,-0.062012139707803726,0.30550527572631836,0.13497604429721832,0,2.79
568,32.12,6.85,0.2784005105495453,0.44600799679756165,0.582014799118042,0,2.22
569,41.83,9.51,0.05899624153971672,0.47049301862716675,0.14696520566940308,0,1.98
570,47.87,11.18,-0.07902567088603973,2.4886529445648193,0.05950215831398964,0,1.72
571,39.81,8.96,-0.08092520385980606,0.5782620906829834,0.09948252141475677,0,1.65
572,45.44,10.56,0.10775424540042877,0.7710044384002686,0.19095171988010406,0,1.76
573,22.0,3.98,-0.7122809886932373,1.5294395685195923,0.8285591006278992,0,2.46
574,43.29,9.96,0.16214901208877563,1.022668480873108,0.29662659764289856,0,1.43
575,21.1,3.87,-0.19551803171634674,1.5956357717514038,0.29297998547554016,0,2.04
576,25.04,4.97,-0.07387968897819519,0.6492049694061279,0.31259918212890625,0,1.89
577,45.39,10.6,-0.08455204963684082,1.9915368556976318,0.14931301772594452,0,1.58
578,40.67,9.23,-0.04612906277179718,0.2891668677330017,0.16106800734996796,0,1.78
579,43.99,10.21,0.033540744334459305,0.725857138633728,0.3278034031391144,0,1.56
580,45.45,10.64,-0.16441737115383148,1.5997685194015503,0.1223478689789772,0,1.43
581,25.86,5.18,-0.10091587901115417,0.6413427591323853,0.17466376721858978,0,1.87
582,20.3,3.57,-0.3141009211540222,0.8151081800460815,0.5089723467826843,0,2.37
583,43.06,9.89,-0.07335676997900009,0.5748451352119446,0.12976078689098358,0,1.64
584,24.26,4.67,0.21337182819843292,0.31923234462738037,0.7303270697593689,0,1.77
585,33.92,7.36,0.03256067633628845,0.24594274163246155,0.1618310958147049,0,1.91
586,41.97,9.58,0.018235420808196068,0.783595085144043,0.11020363867282867,0,1.64
587,32.72,7.01,0.182758629322052,0.45528650283813477,0.22156549990177155,0,2.65
588,38.31,8.53,-0.005651623941957951,0.18928956985473633,0.059546153992414474,0,2.32
589,26.86,5.44,0.1570141464471817,0.5514653921127319,0.2435656189918518,0,2.79
590,46.32,10.88,0.03129903972148895,1.1326744556427002,0.08873781561851501,0,2.09
591,35.69,7.89,0.19260303676128387,1.8231974840164185,0.2949700355529785,0,2.63
592,27.3,5.57,-0.05204597860574722,0.4568957984447479,0.10653168708086014,0,3.28
593,26.76,5.4,-0.07795552909374237,0.4754401743412018,0.16372685134410858,0,2.83
594,37.87,8.45,0.01954258605837822,0.16579537093639374,0.07759779691696167,0,1.79
595,37.04,8.21,-0.01057193148881197,0.34685781598091125,0.07407498359680176,0,1.97
596,33.2,7.16,0.8059350252151489,1.995869517326355,0.6349990963935852,0,1.73
597,33.96,7.4,0.1502976417541504,0.7672762274742126,0.19267021119594574,0,1.68
598,46.26,10.82,-0.07479073107242584,0.6632581353187561,0.07751300930976868,0,1.38
599,46.4,10.76,-0.00029951625037938356,0.9326291084289551,0.04014948382973671,0,1.54
600,34.34,7.52,0.04238516092300415,0.5019585490226746,0.12216266989707947,0,1.71
601,45.56,10.63,-0.00987769104540348,0.50909024477005,0.10450971126556396,0,1.39
602,36.9,8.17,0.04574989899992943,0.5295966863632202,0.10953298956155777,0,1.86
603,36.08,7.96,0.21911652386188507,0.7900095582008362,0.24407987296581268,0,1.95
604,29.06,6.07,0.3255116939544678,0.9138839840888977,0.6430878043174744,0,2.91
605,44.72,10.38,0.47013503313064575,1.9958305358886719,0.25330108404159546,0,1.78
606,44.01,10.15,0.002580102300271392,0.32753682136535645,0.0725475624203682,0,1.37
607,44.71,10.28,-0.01198102068156004,1.2495089769363403,0.03982638940215111,0,1.44
608,27.29,5.59,-0.13667269051074982,1.1338579654693604,0.18747812509536743,0,1.87
609,41.52,9.48,0.03948631137609482,0.8144170641899109,0.1450045108795166,0,1.63
610,26.62,5.36,-0.18922539055347443,2.6862123012542725,0.1507139652967453,0,1.9
611,39.84,9.02,0.4171784520149231,1.7457027435302734,0.29141470789909363,0,1.29
612,43.15,9.87,-0.01383894681930542,1.069693684577942,0.045070718973875046,0,1.49
613,42.71,9.78,-0.048469942063093185,0.36802956461906433,0.06527502834796906,0,1.39
614,44.47,10.4,0.031855508685112,0.5993258953094482,0.16430523991584778,0,1.46
615,33.73,7.36,0.14195184409618378,0.5757534503936768,0.3049028813838959,0,1.51
616,45.66,10.54,-0.06265874207019806,1.136810541152954,0.03540404140949249,0,1.4
617,46.89,10.99,-0.06163735315203667,1.1687912940979004,0.05963214859366417,0,1.51
618,43.33,9.99,0.25955262780189514,2.097499370574951,0.19481469690799713,0,1.51
619,33.21,7.14,-0.03649669513106346,1.2816643714904785,0.053713779896497726,0,1.8
620,45.64,10.66,-0.011251000687479973,1.7922041416168213,0.074153833091259,0,1.51
621,39.27,8.79,-0.056602854281663895,0.34113457798957825,0.05535246431827545,0,1.68
622,40.11,9.01,0.0011908342130482197,0.40094825625419617,0.035503946244716644,0,1.49
623,27.54,5.58,-0.07810138911008835,1.8288092613220215,0.08207181841135025,0,1.79
624,29.93,6.27,-0.021006856113672256,0.25238236784935,0.09793920814990997,0,1.63
625,44.62,10.29,0.09056639671325684,2.23852801322937,0.05692601576447487,0,1.43
626,24.9,4.95,0.1460043489933014,0.9214974045753479,0.3296661674976349,0,1.64
627,25.39,5.05,0.021599216386675835,0.3657641112804413,0.13147646188735962,0,1.66
628,36.04,7.94,1.0418281555175781,4.38817834854126,0.47361862659454346,0,1.52
629,28.99,6.02,0.2091304212808609,0.7290207147598267,0.2838652431964874,0,1.71
630,27.1,5.47,-0.057880252599716187,0.17651937901973724,0.0948621928691864,0,1.93
631,32.06,6.87,0.13784778118133545,0.715330183506012,0.16571824252605438,0,1.66
632,39.79,8.95,0.002583287889137864,0.3208925127983093,0.04353194683790207,0,1.54
633,40.69,9.24,0.3250086009502411,2.8857154846191406,0.21081747114658356,0,1.35
634,44.36,10.35,-0.1409524381160736,0.9414132833480835,0.086954765021801,0,1.16
635,43.99,10.14,0.11385025084018707,0.7138513922691345,0.06813762336969376,0,1.6
636,45.2,10.44,0.10747575759887695,0.8387768268585205,0.06889752298593521,0,1.35
637,23.74,4.6,-0.24515196681022644,1.8884551525115967,0.2129073143005371,0,1.87
638,44.23,10.19,-0.006545984651893377,0.4827524423599243,0.05743589252233505,0,1.48
639,41.35,9.34,-0.011010878719389439,1.4716289043426514,0.03936894237995148,0,1.43
640,34.87,7.6,-0.12359537929296494,1.9993904829025269,0.05246414244174957,0,1.45
641,43.24,9.97,0.29318034648895264,1.5399360656738281,0.23065988719463348,0,1.21
642,29.73,6.18,-0.008038349449634552,3.6635193824768066,0.03543085977435112,0,1.72
643,38.37,8.54,-0.042917247861623764,0.9124805927276611,0.05114610865712166,0,1.67
644,39.9,8.98,0.0037380491849035025,0.45593953132629395,0.08247008174657822,0,1.56
645,37.91,8.46,-0.007564936298877001,0.1455165594816208,0.05776503309607506,0,1.52
646,44.35,10.21,0.011837790720164776,0.6769764423370361,0.0397503599524498,0,1.37
647,23.1,4.41,-0.1252519190311432,0.6542638540267944,0.13331511616706848,0,1.8
648,38.91,8.75,0.4335281252861023,2.7888195514678955,0.26071757078170776,0,1.34
649,45.44,10.61,-0.06131824478507042,1.351618766784668,0.08966681361198425,0,1.26
650,43.5,9.99,0.0032809204421937466,1.875521183013916,0.07059356570243835,0,1.39
651,37.72,8.44,0.04708161950111389,1.910092830657959,0.1158023327589035,0,1.5
652,25.33,5.01,0.08127746731042862,0.2830299437046051,0.20474649965763092,0,1.85
653,29.99,6.29,0.060170210897922516,0.31241992115974426,0.15218469500541687,0,1.71
654,31.4,6.63,-0.010915153659880161,0.28782644867897034,0.04184770956635475,0,1.89
655,43.75,10.22,0.48539936542510986,3.336226463317871,0.3076931834220886,0,1.29
656,32.15,6.84,-0.003362923627719283,0.46534010767936707,0.035962268710136414,0,1.67
657,30.74,6.5,0.004459601826965809,0.1958240568637848,0.07193384319543839,0,1.76
658,26.81,5.39,-0.04978315532207489,0.5866296887397766,0.08451195061206818,0,1.95
659,44.52,10.3,0.018842093646526337,1.4104487895965576,0.11263411492109299,0,1.22
660,30.36,6.33,-0.01705353893339634,0.6280218958854675,0.03673543781042099,0,1.69
661,42.25,9.62,-0.012088353745639324,0.3624587953090668,0.03845571354031563,0,1.4
662,45.67,10.62,0.10273732990026474,1.614393711090088,0.09708970785140991,0,1.29
663,46.49,10.77,0.009235692210495472,1.1889301538467407,0.03911781311035156,0,1.31
664,45.93,10.73,0.1802753061056137,1.7248502969741821,0.12591463327407837,0,1.2
665,30.42,6.37,-0.0029816911555826664,0.6106810569763184,0.037993911653757095,0,1.78
666,34.12,7.37,-0.0024735047481954098,0.4119049906730652,0.048037778586149216,0,1.6
667,44.37,10.29,0.12534190714359283,1.1489369869232178,0.10417421162128448,0,1.21
668,40.28,9.17,0.3282342851161957,2.223883628845215,0.27605777978897095,0,1.4
669,45.52,10.57,0.007624329533427954,0.5589380860328674,0.08322089165449142,0,1.32
670,40.63,9.21,0.1342369168996811,0.4505463242530823,0.11683201044797897,0,1.52
671,38.89,8.71,-0.023125935345888138,0.6790503859519958,0.048057109117507935,0,1.46
672,29.32,6.13,-0.015739114955067635,1.1013776063919067,0.14527627825737,0,1.6
673,23.55,4.5,-0.04926685243844986,0.964421808719635,0.5586867332458496,0,1.64
674,45.83,10.72,-0.044579651206731796,0.6670131087303162,0.12129244208335876,0,1.28
675,40.48,9.12,-0.0029989678878337145,0.8244919180870056,0.030933765694499016,0,1.55
676,26.5,5.37,0.07310786843299866,0.7193683981895447,0.1890491396188736,0,1.64
677,44.65,10.39,0.05299719050526619,1.1239066123962402,0.12961876392364502,0,1.14
678,36.59,8.12,0.09440197795629501,0.5194647312164307,0.14199978113174438,0,1.56
679,27.83,5.64,-0.0038024301175028086,0.9600104689598083,0.030858196318149567,0,1.74
680,25.1,4.97,-0.054650966078042984,0.4657496213912964,0.12148937582969666,0,1.77
681,31.32,6.62,-0.0009378290851600468,0.1466352790594101,0.05759991332888603,0,1.67
682,26.09,5.22,0.10046195238828659,0.3850807845592499,0.2024984061717987,0,1.73
683,44.48,10.23,0.03304779902100563,1.4871811866760254,0.03203137218952179,0,1.32
684,37.53,8.39,0.10267709940671921,2.0836586952209473,0.2168966680765152,0,1.44
685,46.99,10.96,-0.018415210768580437,3.2111127376556396,0.06390010565519333,0,1.29
686,46.46,10.84,0.012932305224239826,3.1719982624053955,0.08302818983793259,0,1.14
687,26.05,5.19,0.09645479917526245,0.49792230129241943,0.4233206808567047,0,1.75
688,37.2,8.19,-0.019444581121206284,0.8393158912658691,0.04219963029026985,0,1.61
689,31.83,6.81,-0.025289412587881088,0.15686866641044617,0.10812550783157349,0,1.5
690,24.36,4.76,-0.012856829911470413,0.4651426076889038,0.21883323788642883,0,1.72
691,45.6,10.64,-0.028727315366268158,3.054609537124634,0.06745092570781708,0,1.3
692,26.29,5.27,-0.05313492566347122,0.4189225137233734,0.11284054070711136,0,1.63
693,42.58,9.73,-0.0054663922637701035,0.529317319393158,0.0637635588645935,0,1.5
694,33.5,7.28,0.09336569905281067,0.6549879312515259,0.20375581085681915,0,1.67
695,27.73,5.68,0.019606590270996094,0.38335660099983215,0.17599695920944214,0,1.76
696,45.94,10.64,-0.011769840493798256,0.7149048447608948,0.03493201360106468,0,1.31
697,41.49,9.38,-0.0052176653407514095,0.23221361637115479,0.029241863638162613,0,1.46
698,45.61,10.65,-0.015448274090886116,1.502597689628601,0.062267862260341644,0,1.27
699,35.99,7.98,0.25933822989463806,2.2005670070648193,0.2531769275665283,0,1.43
700,45.46,10.57,-0.011231597512960434,1.9194767475128174,0.0870996043086052,0,1.2
701,35.92,7.96,0.8318765759468079,3.325925588607788,0.4846964478492737,0,1.48
702,44.0,10.2,0.20624808967113495,2.5918872356414795,0.1379186362028122,0,1.11
703,41.58,9.49,0.007851208560168743,1.1569640636444092,0.08100713044404984,0,1.43
704,46.19,10.8,-0.012643014080822468,0.6111595034599304,0.07813536375761032,0,1.26
705,42.15,9.65,0.22106531262397766,2.3402867317199707,0.1563543677330017,0,1.34
706,36.82,8.18,0.8420992493629456,2.217621326446533,0.5177327394485474,0,1.27
707,35.8,7.87,0.0007773285615257919,1.2025256156921387,0.08421166241168976,0,1.53
708,40.3,9.1,-0.060361992567777634,1.3489658832550049,0.028139203786849976,0,1.49
709,30.08,6.35,-0.1037425696849823,2.203871488571167,0.13240563869476318,0,1.7
710,20.46,3.73,-0.19884854555130005,2.9888646602630615,0.18053928017616272,0,2.1
711,29.87,6.26,0.02204311639070511,1.0167551040649414,0.3124009668827057,0,1.63
712,38.25,8.55,-0.04517658054828644,0.7380602359771729,0.0851723700761795,0,1.55
713,46.72,10.89,-0.060090724378824234,1.9262490272521973,0.047673966735601425,0,1.21
714,31.24,6.64,0.23680393397808075,0.47130700945854187,0.48473992943763733,0,2.18
715,32.03,6.8,-0.026875199750065804,1.1192537546157837,0.02789398282766342,0,2.06
716,31.63,6.77,-0.02836308442056179,0.12236113101243973,0.0748944878578186,0,2.44
717,34.32,7.44,-0.016955651342868805,0.15193137526512146,0.06304702162742615,0,2.17
718,47.42,11.1,0.00015958354924805462,2.4678285121917725,0.025815829634666443,0,1.77
719,45.37,10.59,0.09973085671663284,2.8530571460723877,0.11432915925979614,0,1.57
720,29.89,6.24,0.30905234813690186,1.599135160446167,0.6693176031112671,0,1.46
721,46.17,10.77,-0.032420895993709564,2.6887564659118652,0.04998822882771492,0,1.34
722,42.74,9.77,0.04631616175174713,1.8997774124145508,0.03127098083496094,0,1.42
723,45.18,10.51,0.11346349865198135,3.02877140045166,0.12014273554086685,0,1.21
724,27.51,5.65,0.14282546937465668,1.2696754932403564,0.2420194000005722,0,1.71
725,46.71,10.92,0.0036167639773339033,1.8614856004714966,0.043816227465867996,0,1.36
726,26.73,5.42,0.025808000937104225,0.2814180552959442,0.14150367677211761,0,1.78
727,40.65,9.23,0.03976032882928848,1.1420695781707764,0.10527868568897247,0,1.44
728,45.27,10.58,0.09965908527374268,1.2747188806533813,0.1161217987537384,0,1.43
729,44.99,10.54,-0.03555385395884514,2.1729841232299805,0.05630640685558319,0,1.2
730,34.37,7.44,-0.021768957376480103,1.505007028579712,0.020204797387123108,0,1.68
731,46.54,10.81,-0.002421541605144739,1.0228536128997803,0.028916731476783752,0,1.31
732,35.14,7.7,-0.041394636034965515,0.7853832244873047,0.12550482153892517,0,1.49
733,47.93,11.18,-0.003944396506994963,2.5843701362609863,0.021438727155327797,0,1.23
734,24.36,4.77,-0.12205453217029572,2.2001137733459473,0.14831392467021942,0,1.81
735,44.29,10.26,0.006806701887398958,0.3996564745903015,0.0767151415348053,0,1.4
736,29.74,6.25,0.07959705591201782,1.0491214990615845,0.1624480038881302,0,1.63
737,46.74,10.94,-0.014381005428731441,0.8226943016052246,0.033066559582948685,0,1.35
738,46.01,10.79,0.016869068145751953,0.7576812505722046,0.07225806266069412,0,1.26
739,44.22,10.18,0.006204701494425535,0.3363434970378876,0.029608532786369324,0,1.22
740,30.16,6.39,0.011722533032298088,0.34425318241119385,0.105658158659935,0,1.65
741,27.07,5.47,-0.020022138953208923,0.6249770522117615,0.18173497915267944,0,1.9
742,36.71,8.1,0.0023912470787763596,0.32355234026908875,0.0289349015802145,0,1.4
743,44.19,10.17,0.002782639116048813,0.39027461409568787,0.03296361118555069,0,1.37
744,45.22,10.55,0.08701692521572113,1.1854140758514404,0.10922154784202576,0,1.13
745,43.74,10.04,0.004448460880666971,0.6175935864448547,0.04019802808761597,0,1.51
746,23.06,4.41,-0.04807709902524948,0.34375351667404175,0.12060193717479706,0,1.94
747,28.37,5.79,-0.015648243948817253,0.7459025382995605,0.02281341142952442,0,1.91
748,30.7,6.46,0.0024389035534113646,0.09841644763946533,0.04539727792143822,0,1.79
749,26.8,5.4,-0.0200546495616436,0.26067379117012024,0.06843367218971252,0,1.86
750,31.62,6.8,0.20218557119369507,1.5334422588348389,0.24271813035011292,0,1.65
751,29.67,6.15,-0.008309864439070225,0.11117616295814514,0.028181634843349457,0,1.62
752,44.34,10.32,0.3633037507534027,4.635576248168945,0.1584426313638687,0,1.17
753,43.96,10.12,0.01893293298780918,1.6188971996307373,0.05260370671749115,0,1.28
754,45.07,10.5,-0.14147068560123444,1.5494132041931152,0.08959172666072845,0,1.49
755,25.98,5.2,0.005783778615295887,0.20086048543453217,0.07839889824390411,0,1.77
756,37.46,8.38,0.08559130877256393,1.2644011974334717,0.1220480352640152,0,1.45
757,33.38,7.24,0.03742917254567146,0.3209054470062256,0.08756375312805176,0,1.74
758,37.76,8.39,0.04146101698279381,0.2533314824104309,0.03948847949504852,0,1.5
759,21.42,3.9,0.038542814552783966,0.6157780885696411,0.9341373443603516,0,1.59
760,46.2,10.82,-0.03002491034567356,3.533616065979004,0.036872148513793945,0,1.32
761,44.27,10.36,0.1538606882095337,1.0445959568023682,0.20237290859222412,0,1.36
762,45.04,10.56,0.12266568839550018,0.8191720247268677,0.16573630273342133,0,1.44
763,28.62,5.94,-0.0110621377825737,0.8926741480827332,0.08310484141111374,0,1.75
764,46.65,10.88,0.001445353263989091,1.5331851243972778,0.038315754383802414,0,1.32
765,34.85,7.58,-0.02811320498585701,1.6413905620574951,0.029521293938159943,0,1.4
766,30.17,6.35,-0.05337977409362793,0.9479236006736755,0.04991316795349121,0,1.6
767,37.19,8.27,-0.019710302352905273,0.4254317581653595,0.05270865932106972,0,1.62
768,35.06,7.69,-0.018238883465528488,0.14764238893985748,0.07987324893474579,0,1.56
769,26.09,5.24,-0.10924896597862244,0.6942151188850403,0.10704351961612701,0,1.84
770,26.76,5.42,0.012400561012327671,0.2703445255756378,0.08077869564294815,0,1.69
771,26.48,5.31,-0.016621822491288185,0.12124940007925034,0.06624141335487366,0,1.91
772,30.83,6.57,0.1722206473350525,1.6813942193984985,0.14022190868854523,0,1.66
773,35.56,7.8,0.017416764050722122,0.9561092257499695,0.03658858686685562,0,1.48
774,35.37,7.83,0.1919068843126297,2.989332675933838,0.17747947573661804,0,1.54
775,33.51,7.25,0.005594628397375345,1.1488144397735596,0.03212007135152817,0,1.67
776,36.8,8.14,0.03696707263588905,1.3017115592956543,0.03275987505912781,0,1.6
777,35.52,7.82,0.029754135757684708,1.4117703437805176,0.04545244947075844,0,1.6
778,31.43,6.67,0.030597427859902382,0.40437209606170654,0.037903934717178345,0,1.76
779,31.12,6.6,0.0023405246902257204,0.20992827415466309,0.030758094042539597,0,1.77
780,30.33,6.38,-0.0041544558480381966,0.16976913809776306,0.051320552825927734,0,1.81
781,34.23,7.42,0.01912422478199005,0.37275707721710205,0.0251588337123394,0,1.58
782,44.96,10.44,0.00802696030586958,1.1946271657943726,0.049717698246240616,0,1.39
783,43.96,10.07,0.0008570856880396605,0.9985815286636353,0.016514664515852928,0,1.51
784,32.98,7.05,-0.0023626554757356644,0.8199887275695801,0.02328239567577839,0,1.86
785,43.92,10.26,0.17896394431591034,1.786381483078003,0.23943336308002472,0,1.18
786,38.01,8.55,0.16625313460826874,1.6312986612319946,0.1874694973230362,0,1.43
787,43.5,9.96,-0.0016274204244837165,0.5653970241546631,0.020641343668103218,0,1.45
788,29.83,6.29,0.09314222633838654,0.696311354637146,0.17024077475070953,0,1.56
789,29.33,6.13,-0.11415315419435501,0.9806463718414307,0.07283870130777359,0,1.62
790,44.46,10.24,-0.0019053241703659296,0.3433738052845001,0.024736609309911728,0,1.31
791,44.17,10.18,-0.0010561050148680806,0.19592976570129395,0.02745075523853302,0,1.28
792,39.82,9.05,0.11560351401567459,1.7389243841171265,0.1097375899553299,0,1.46
793,45.1,10.53,0.1324218213558197,1.2828373908996582,0.13505633175373077,0,1.26
794,45.63,10.68,-0.005067823454737663,1.9665337800979614,0.030483633279800415,0,1.4
795,44.75,10.31,-0.0007632444612681866,0.17097865045070648,0.013314108364284039,0,1.49
796,38.78,8.73,0.11637552827596664,1.1501048803329468,0.08319293707609177,0,1.38
797,45.66,10.66,-0.011761059984564781,0.19729089736938477,0.0514569990336895,0,1.39
798,33.77,7.32,-0.016882507130503654,0.7826945781707764,0.025889553129673004,0,1.76
799,29.21,6.08,0.04112992435693741,1.0927097797393799,0.05776309221982956,0,1.66
800,33.49,7.23,0.012650684453547001,0.5111159086227417,0.057954419404268265,0,1.73
801,45.57,10.58,0.02915852516889572,0.9289369583129883,0.035471975803375244,0,1.36
802,38.47,8.6,0.07421846687793732,0.6006312966346741,0.055678486824035645,0,1.37
803,38.34,8.56,0.016200896352529526,0.20101283490657806,0.024802930653095245,0,1.43
804,26.33,5.27,-0.024717610329389572,0.6013006567955017,0.034220341593027115,0,1.94
805,45.72,10.68,-0.06551714241504669,1.0250104665756226,0.05966971814632416,0,1.24
806,29.03,6.06,0.013943101279437542,0.137227401137352,0.10825822502374649,0,1.69
807,27.58,5.6,-0.06394439190626144,0.6765113472938538,0.04477781429886818,0,1.76
808,37.97,8.44,-0.0005070173065178096,0.5087099075317383,0.014510787092149258,0,1.52
809,40.57,9.22,0.043124742805957794,0.7834740877151489,0.05831345170736313,0,1.41
810,33.43,7.28,0.006219544447958469,0.31425735354423523,0.0925612822175026,0,1.52
811,24.84,4.86,-0.019971076399087906,0.8555399775505066,0.055937595665454865,0,1.73
812,35.43,7.8,0.004391775466501713,0.30306005477905273,0.06814754754304886,0,1.63
813,25.14,4.97,-0.08119388669729233,0.4424996078014374,0.0924828052520752,0,1.76
814,43.41,9.94,-0.00023634785611648113,0.6376842856407166,0.01440721657127142,0,1.28
815,38.87,8.76,0.1724529266357422,0.8946291208267212,0.11860771477222443,0,1.5
816,26.38,5.34,0.007254812866449356,0.2783687114715576,0.13961654901504517,0,1.81
817,36.05,7.9,-0.0008005393901839852,0.15689609944820404,0.012890098616480827,0,1.57
818,42.26,9.67,0.01504982728511095,0.6967419385910034,0.06910572946071625,0,1.43
819,45.26,10.45,-0.01904444582760334,0.5562239289283752,0.02023031748831272,0,1.27
820,41.15,9.38,0.0032759851310402155,0.37955570220947266,0.05204680562019348,0,1.37
821,37.47,8.39,0.17746783792972565,0.9823701977729797,0.13014622032642365,0,1.47
822,26.13,5.23,-0.04235835373401642,0.7399938702583313,0.03606878221035004,0,1.87
823,33.42,7.19,-0.0025791863445192575,0.5319408774375916,0.031252145767211914,0,1.76
824,38.87,8.79,0.09718871116638184,0.9323292970657349,0.17145901918411255,0,1.61
825,35.46,7.78,-0.0007878112955950201,0.3233895003795624,0.0322517529129982,0,1.45
826,27.36,5.62,0.019342832267284393,0.5155145525932312,0.15426716208457947,0,1.75
827,40.23,9.08,-0.0006311940378509462,0.2405380755662918,0.01815258525311947,0,1.27
828,32.88,7.05,-0.010475363582372665,0.28644296526908875,0.03528905659914017,0,1.64
829,22.85,4.33,-0.048457905650138855,0.2881649136543274,0.1105874627828598,0,2.05
830,43.8,10.08,0.006320101674646139,0.5755805969238281,0.036115944385528564,0,1.18
831,29.64,6.11,0.17106476426124573,0.28531932830810547,0.6732536554336548,0,1.41
832,32.09,6.81,0.00312143936753273,0.1447559893131256,0.04925182834267616,0,1.71
833,28.68,5.88,-0.002481933683156967,0.1360490918159485,0.03632690757513046,0,1.7
834,35.65,7.86,0.09177596122026443,1.2229912281036377,0.062287501990795135,0,1.5
835,35.38,7.8,0.05850188061594963,1.0434324741363525,0.13759219646453857,0,1.46
836,29.76,6.17,-0.006034495774656534,0.06545398384332657,0.022553594782948494,0,1.59
837,33.48,7.24,0.005764226894825697,0.20605190098285675,0.049552008509635925,0,1.67
838,39.7,8.94,0.0009692122112028301,0.3939235806465149,0.02332514151930809,0,1.62
839,23.62,4.59,0.3622475862503052,0.7809076905250549,0.4073305130004883,0,1.93
840,47.23,11.01,-0.02802003175020218,1.7543786764144897,0.02167585864663124,0,1.21
841,21.23,3.94,-0.0806092694401741,0.26896753907203674,0.26285749673843384,0,1.76
842,27.03,5.49,-0.010854719206690788,0.2856384217739105,0.05836739391088486,0,1.74
843,31.82,6.77,-0.003628087928518653,0.14748500287532806,0.0520518496632576,0,1.59
844,41.86,9.53,-0.0002670132089406252,0.34217140078544617,0.017679020762443542,0,1.56
845,36.18,7.92,-0.00044606695882976055,0.1316794902086258,0.012512958608567715,0,1.62
846,44.94,10.41,0.010107962414622307,0.8469811677932739,0.040232185274362564,0,1.34
847,30.13,6.27,-0.0012248206185176969,0.16830779612064362,0.015804672613739967,0,1.64
848,47.36,11.06,0.0009435676038265228,1.1135811805725098,0.017650717869400978,0,1.2
849,35.43,7.72,0.0004779201408382505,0.14008547365665436,0.025159431621432304,0,1.71
850,36.58,8.17,0.18945632874965668,1.493823528289795,0.1609853208065033,0,1.59
851,43.57,10.0,-0.04921823367476463,0.5450512170791626,0.024576181545853615,0,1.34
852,27.55,5.57,-0.03750888630747795,0.41858407855033875,0.03851452097296715,0,1.8
853,32.44,7.0,0.012284474447369576,0.44286274909973145,0.06986783444881439,0,1.55
854,43.62,10.01,0.018937207758426666,0.26594850420951843,0.015417654067277908,0,1.34
855,36.19,8.03,-0.0007613871712237597,0.28406432271003723,0.08368037641048431,0,1.45
856,40.3,9.09,-0.022065777331590652,0.16114109754562378,0.01232273131608963,0,1.53
857,33.5,7.25,-0.01758306473493576,0.38553673028945923,0.05063677951693535,0,1.68
858,36.36,8.08,0.01683885045349598,0.2088148593902588,0.10088568925857544,0,1.43
859,30.71,6.44,-0.0020136709790676832,1.2135692834854126,0.0158956628292799,0,1.72
860,44.42,10.32,0.037581246346235275,0.7526008486747742,0.10660303384065628,0,1.35
861,27.13,5.51,-0.012870961800217628,0.6882908344268799,0.08050811290740967,0,1.75
862,31.16,6.57,-0.030163029208779335,0.9912961721420288,0.01775849424302578,0,1.7
863,32.18,6.87,-0.020389236509799957,0.49864253401756287,0.042716607451438904,0,1.53
864,29.38,6.13,-0.04075268656015396,0.18918734788894653,0.06826827675104141,0,1.62
865,46.61,10.9,-0.0024275605101138353,1.6736308336257935,0.03678018972277641,0,1.28
866,33.9,7.33,-0.0006739192176610231,0.15649496018886566,0.016287796199321747,0,1.62
867,32.74,7.07,0.023503493517637253,0.604451596736908,0.12014231085777283,0,1.54
868,31.83,6.8,0.02331124246120453,0.46224868297576904,0.04104539006948471,0,1.58
869,45.73,10.62,0.0007750265649519861,1.4681789875030518,0.016514984890818596,0,1.19
870,45.14,10.54,-0.028324881568551064,0.9070483446121216,0.05899083986878395,0,1.32
871,30.3,6.38,0.042498089373111725,0.34737497568130493,0.13142156600952148,0,1.62
872,45.95,10.74,-0.019252898171544075,0.7925927639007568,0.04057689756155014,0,1.21
873,30.5,6.39,-0.0005911472253501415,0.32655569911003113,0.01736934669315815,0,1.76
874,38.88,8.76,0.07830791920423508,0.6121091842651367,0.08833318203687668,0,1.64
875,33.4,7.25,0.11496813595294952,0.31993529200553894,0.09792476892471313,0,1.64
876,31.75,6.74,-0.02595779486000538,0.2922111749649048,0.03454642370343208,0,1.6
877,23.57,4.53,-0.015552954748272896,0.9210176467895508,0.09216433763504028,0,1.94
878,38.91,8.68,-0.0005701484624296427,0.307722270488739,0.01548412162810564,0,1.44
879,27.82,5.72,0.054679740220308304,0.2878269851207733,0.20189151167869568,0,1.94
880,32.07,6.83,-0.006746511906385422,0.11330640316009521,0.03267842158675194,0,1.73
881,41.3,9.38,0.0005774124292656779,0.20723041892051697,0.019454726949334145,0,1.45
882,40.42,9.16,0.03411586582660675,0.5788537859916687,0.05082434043288231,0,1.46
883,42.39,9.66,0.0002059638500213623,0.23916301131248474,0.013151051476597786,0,1.27
884,41.14,9.35,0.011243239045143127,0.42808395624160767,0.030204299837350845,0,1.37
885,34.74,7.59,0.012006031349301338,0.18517819046974182,0.040863294154405594,0,1.64
886,37.37,8.3,-0.03956153988838196,0.15626905858516693,0.025442909449338913,0,1.57
887,31.51,6.71,-0.001770118367858231,0.12953998148441315,0.11961808800697327,0,1.56
888,34.73,7.55,-0.017632989212870598,0.30447307229042053,0.013581876643002033,0,1.71
889,38.35,8.55,-0.0004576559877023101,0.15749050676822662,0.014798792079091072,0,1.48
890,45.74,10.62,0.0015624066581949592,0.43304312229156494,0.028738638386130333,0,1.41
891,36.26,8.03,0.005362057592719793,0.14247232675552368,0.04944247379899025,0,1.53
892,26.06,5.2,-0.0028421643655747175,0.4046929180622101,0.03588003292679787,0,1.82
893,38.04,8.52,0.020941119641065598,0.23527997732162476,0.026590190827846527,0,1.55
894,41.33,9.41,0.002487810794264078,0.38389667868614197,0.042577046900987625,0,1.45
895,35.6,7.85,0.031514476984739304,0.20615947246551514,0.09214965999126434,0,1.58
896,41.98,9.56,0.00015729873848613352,0.13472943007946014,0.0186828151345253,0,1.42
897,43.13,9.88,-0.009091985411942005,0.18140436708927155,0.022344933822751045,0,1.41
898,40.4,9.11,-0.0014141263673081994,0.4323616027832031,0.022779637947678566,0,1.38
899,38.7,8.68,-0.005090208258479834,0.23084017634391785,0.04615849629044533,0,1.54
900,41.75,9.57,0.03667716681957245,0.2788652181625366,0.11804560571908951,0,1.46
901,41.38,9.37,-0.024863073602318764,0.32763439416885376,0.01972617208957672,0,1.45
902,34.73,7.62,-0.03029809147119522,0.16602560877799988,0.13789516687393188,0,1.55
903,46.78,10.94,-0.002815532498061657,1.6813507080078125,0.02019849605858326,0,1.32
904,43.91,10.3,-0.094225212931633,1.881631851196289,0.05367467179894447,0,1.17
905,29.51,6.12,-0.008603543974459171,0.39340731501579285,0.025080550462007523,0,1.77
906,30.05,6.31,0.005524418782442808,0.25692206621170044,0.08981401473283768,0,1.82
907,28.92,5.98,-0.002654838841408491,0.16895383596420288,0.0324600487947464,0,1.84
908,46.33,10.82,0.024264784529805183,0.8183289170265198,0.03228135406970978,0,1.2
909,46.37,10.84,0.009288735687732697,1.0017911195755005,0.028251593932509422,0,1.11
910,41.6,9.44,0.0005562053411267698,0.295846164226532,0.014911861158907413,0,1.35
911,32.02,6.86,0.10252273082733154,0.5874201655387878,0.13612540066242218,0,1.69
912,44.34,10.27,0.03557848930358887,1.112525224685669,0.06360680609941483,0,1.32
913,30.27,6.41,-0.017264733090996742,0.08046376705169678,0.1495094746351242,0,1.47
914,43.97,10.21,0.3129469156265259,2.0777273178100586,0.2076406627893448,0,1.26
915,26.65,5.39,-0.025881296023726463,0.5562142133712769,0.09899196773767471,0,1.93
916,34.32,7.44,-0.012671515345573425,0.37618735432624817,0.038122646510601044,0,1.63
917,45.59,10.63,0.04192937910556793,0.36657512187957764,0.06746617704629898,0,1.45
918,29.03,6.07,-0.008424652740359306,0.43281108140945435,0.10417404770851135,0,1.68
919,25.69,5.15,-0.004246619995683432,1.1023774147033691,0.039242058992385864,0,1.86
920,47.33,11.06,-0.0009536358411423862,1.3138314485549927,0.010481639765202999,0,1.29
921,47.37,11.02,-0.03325103223323822,1.0573300123214722,0.00876543577760458,0,1.31
922,41.43,9.49,0.012148293666541576,0.3798035681247711,0.09943873435258865,0,1.33
923,46.12,10.71,0.005607543047517538,0.2591980993747711,0.02007411979138851,0,1.18
924,41.57,9.44,-0.00033992656972259283,0.13794824481010437,0.027213187888264656,0,1.46
925,25.77,5.17,0.008099761791527271,0.43011459708213806,0.1365632563829422,0,1.57
926,39.31,8.86,0.0007120497757568955,0.17248009145259857,0.03148873522877693,0,1.59
927,42.67,9.83,0.06573007255792618,0.8574480414390564,0.10413694381713867,0,1.49
928,36.77,8.16,0.2607589662075043,0.7021651864051819,0.2969861328601837,0,1.37
929,32.89,7.11,0.09148679673671722,0.45692890882492065,0.1935473382472992,0,1.59
930,29.72,6.18,-0.011555498465895653,0.7382885813713074,0.02944941446185112,0,1.62
931,45.2,10.6,-0.041568487882614136,0.4932017922401428,0.0579928383231163,0,1.18
932,33.23,7.18,-0.020588751882314682,0.18573212623596191,0.09749048203229904,0,1.69
933,30.54,6.45,-0.003204981330782175,0.21370114386081696,0.05061061680316925,0,1.66
934,36.68,8.11,-0.00027594761922955513,0.12038042396306992,0.026696952059864998,0,1.64
935,44.33,10.31,0.05373404920101166,1.4722862243652344,0.1295846700668335,0,1.14
936,40.84,9.22,0.0032298851292580366,0.2851734757423401,0.018775902688503265,0,1.55
937,29.94,6.3,0.033914532512426376,0.3036293685436249,0.10772187262773514,0,1.88
938,35.02,7.66,0.01819855161011219,0.28784269094467163,0.09408249706029892,0,1.63
939,46.01,10.73,0.001641683978959918,1.087794303894043,0.051073189824819565,0,1.22
940,40.33,9.09,-0.007816514000296593,0.19066865742206573,0.028632288798689842,0,1.56
941,47.55,11.12,-0.01619720086455345,0.722756028175354,0.01210353896021843,0,1.63
942,41.54,9.43,0.009648566134274006,0.17164207994937897,0.015131010673940182,0,2.31
943,27.21,5.56,-0.03795146569609642,0.3228505253791809,0.26157525181770325,0,2.57
944,40.83,9.24,-0.0003726030408870429,0.17891228199005127,0.013599686324596405,0,2.13
945,45.24,10.47,0.010754919610917568,0.1686854213476181,0.0223346296697855,0,1.03
946,46.05,10.77,0.08100427687168121,0.7081170678138733,0.06339365988969803,0,1.04
947,39.44,8.9,0.14493504166603088,0.8320903778076172,0.11672944575548172,0,0.89
948,46.51,10.83,-0.03812255337834358,0.27457860112190247,0.03816176950931549,0,0.8
949,32.24,6.89,-0.0557590126991272,0.5888298749923706,0.04483060538768768,0,1.03
950,45.98,10.77,-0.03785734623670578,0.6194751262664795,0.03129683807492256,0,1.03
951,25.27,5.05,-0.03669895604252815,0.5154466032981873,0.14177772402763367,0,1.38
952,46.38,10.83,0.0008804475655779243,0.23962916433811188,0.04172823205590248,0,1.08
953,39.83,9.04,0.1195763498544693,0.8927317261695862,0.13242553174495697,0,1.64
954,31.43,6.63,-0.0009261520463041961,0.753008246421814,0.011114823631942272,0,1.71
955,46.15,10.75,-0.002920667640864849,0.27879294753074646,0.040602587163448334,0,0.93
956,34.52,7.56,0.02556532621383667,0.2046927511692047,0.14972607791423798,0,1.08
957,41.27,9.35,0.002023608423769474,0.1826135665178299,0.014346963725984097,0,1.06
958,46.19,10.69,-0.0002282043860759586,0.29568085074424744,0.008520237170159817,0,0.91
959,44.18,10.31,-0.007216541096568108,0.5198348164558411,0.12687094509601593,0,1.27
960,38.46,8.62,0.00022892389097250998,0.08483907580375671,0.03497234731912613,0,1.06
961,37.95,8.45,-0.000265950191533193,0.10676971077919006,0.02289471961557865,0,1.1
962,36.32,8.05,0.008907319977879524,0.11407767236232758,0.05492720752954483,0,1.19
963,46.35,10.73,-0.00030007160967215896,0.3674525022506714,0.00987134501338005,0,1.16
964,29.15,6.02,-0.0022038896568119526,0.661533534526825,0.024807091802358627,0,1.68
965,29.17,6.06,-0.03283290937542915,0.32554003596305847,0.04999485984444618,0,1.53
966,41.26,9.38,-0.0026170937344431877,0.2873273193836212,0.07511060684919357,0,1.14
967,35.61,7.78,-0.0004666460445150733,0.156334787607193,0.01671646162867546,0,1.52
968,43.6,10.02,0.01285367552191019,0.3021574914455414,0.029638122767210007,0,1.06
969,40.11,9.04,0.00010956186451949179,0.0944598913192749,0.014673993922770023,0,1.07
970,46.48,10.76,-3.7544155929936096e-05,0.28484630584716797,0.007937582209706306,0,0.9
971,28.78,5.89,-0.000588009599596262,0.5737728476524353,0.00897818710654974,0,1.28
972,33.12,7.18,0.008918809704482555,0.1193503588438034,0.1081908792257309,0,1.52
973,40.97,9.3,0.00029211409855633974,0.10834986716508865,0.032264407724142075,0,1.03
974,46.14,10.74,0.013599392026662827,0.3902556300163269,0.03374328091740608,0,0.96
975,28.15,5.8,-0.029689759016036987,0.3525305986404419,0.12435439974069595,0,1.23
976,25.35,5.07,-0.03333685174584389,0.4283124804496765,0.13871698081493378,0,1.43
977,32.64,7.07,-0.01781921274960041,0.07742852717638016,0.0963459387421608,0,1.27
978,26.06,5.2,-0.014377790503203869,0.6564587354660034,0.031419068574905396,0,1.26
979,37.46,8.37,0.01924658566713333,0.13395170867443085,0.0926065668463707,0,1.05
980,30.78,6.46,-0.006453906651586294,0.39039674401283264,0.016017111018300056,0,1.31
981,46.03,10.76,-0.07212607562541962,0.8637043237686157,0.04018135368824005,0,1.19
982,45.46,10.6,-0.07899797707796097,2.1183981895446777,0.03293482959270477,0,0.9
983,35.15,7.63,-6.148953980300575e-05,0.08117351680994034,0.013727552257478237,0,1.17
984,42.25,9.6,0.00010607390140648931,0.435890793800354,0.013041115365922451,0,0.99
985,36.8,8.15,0.018069736659526825,0.48969680070877075,0.03617596998810768,0,1.28
986,47.63,11.08,-9.055213013198227e-06,0.8794336915016174,0.007270679343491793,0,1.07
987,30.61,6.49,0.04924676939845085,0.15985319018363953,0.15687166154384613,0,1.15
988,44.58,10.33,0.006220927461981773,0.5322792530059814,0.046403151005506516,0,0.88
989,36.93,8.17,0.07604875415563583,0.44593697786331177,0.39313068985939026,0,1.02
990,26.78,5.43,-0.006895736791193485,0.3136543929576874,0.10569620132446289,0,1.4
991,43.7,10.12,0.012475205585360527,0.27055782079696655,0.09367034584283829,0,1.14
992,35.3,7.73,-0.0009474167018197477,0.5815249085426331,0.01499615516513586,0,1.12
993,36.91,8.22,0.00025102304061874747,0.2641952931880951,0.07721596211194992,0,1.07
994,36.06,7.92,-0.0011234617559239268,0.7622982263565063,0.01558993011713028,0,1.07
995,40.44,9.11,-0.0004487007681746036,0.4570862352848053,0.00840055663138628,0,1.44
996,32.28,6.89,-0.01305689662694931,0.6128906011581421,0.027678171172738075,0,1.22
997,43.38,9.95,-0.00023705244529992342,0.11918623745441437,0.011129803024232388,0,1.0
998,47.02,11.0,0.000605908571742475,0.3553406596183777,0.01832752302289009,0,0.89
999,27.64,5.64,-0.0019550472497940063,0.24460339546203613,0.058096375316381454,0,1.29
1000,28.67,5.87,-0.0009426481556147337,0.2404824048280716,0.022728879004716873,0,1.32
