Episode,Reward,AvgReturn,ActorLoss,CriticLoss,Entropy,IllegalActions,Duration_s
1,25.93,5.82,11.28001976,44.46539688,1.845933676,0,0.98
2,10.9,1.14,2.315983534,15.40300465,1.905212164,0,0.81
3,23.6,4.95,9.062865257,32.87396622,1.929700136,0,0.81
4,33.55,8.05,14.00232601,61.13755035,1.909830093,0,0.79
5,17.7,3.62,4.964433193,11.27166176,1.912194014,0,0.99
6,19.9,4,5.456021309,17.73880196,1.915346861,0,1.05
7,20.27,4.28,6.105239868,16.83875656,1.934838414,0,0.93
8,13.86,2.49,2.699816942,6.068346977,1.917800665,0,0.88
9,19.46,3.96,4.827715397,13.44021034,1.925715327,0,0.99
10,23.66,4.98,7.222809315,21.80513191,1.931617022,0,0.87
11,20.54,4.12,3.555340528,11.81398487,1.92229712,0,1.05
12,12.67,1.91,-0.286326885,7.039281368,1.908405185,0,0.92
13,24.74,5.36,5.42402935,13.17445374,1.933138847,0,0.85
14,24,5.11,6.633912086,19.17841721,1.927737474,0,0.85
15,11.42,1.78,-1.709998727,8.161172867,1.930817485,0,1.06
16,21.91,4.74,3.434103966,10.01820755,1.934569478,0,0.94
17,3.25,-0.85,-5.862732887,19.33512497,1.926420689,0,1.01
18,13.38,2.3,-2.741535902,8.00639534,1.931017637,0,1.01
19,9.27,0.88,-3.318915844,14.12675762,1.924250484,0,1.05
20,18.06,3.73,-0.690034032,4.067102432,1.922097206,0,1.05
21,29.45,6.88,3.505006552,14.92544937,1.903398275,0,1
22,25.2,5.42,4.544836044,12.66938686,1.919121504,0,0.89
23,32.29,7.62,7.781929016,21.79159737,1.92567265,0,0.81
24,25.51,5.63,4.26400423,12.35881996,1.929220319,0,0.89
25,29.78,6.73,3.64318943,8.409983635,1.916083574,0,0.9
26,20.81,4.3,0.143634632,4.345413208,1.928988695,0,1.04
27,31.84,7.29,6.668437958,17.86491966,1.925640702,0,0.79
28,30.02,6.75,5.153642654,10.38144493,1.924388409,0,0.86
29,15.54,3.01,-0.19834502,0.785025358,1.935044169,0,1.06
30,18.43,3.67,-0.177889153,2.153903961,1.933160424,0,1.02
31,31.2,7.16,4.753513336,9.937990189,1.927381039,0,0.86
32,28.75,6.52,2.007583141,4.474194527,1.938224673,0,0.9
33,24.07,5.24,2.205770493,2.583665609,1.920380235,0,0.85
34,22.56,4.89,0.552285731,1.069399357,1.938890219,0,0.94
35,25.75,5.69,2.174196243,2.12129283,1.925217509,0,0.81
36,33.24,7.81,-1.397614956,5.784761906,1.904549956,0,0.77
37,17.83,3.53,-1.708918095,1.967101455,1.937421441,0,1.04
38,22.99,5.06,-2.501193047,4.067770958,1.935572267,0,0.97
39,14.52,2.81,-8.952111244,22.1803093,1.933209658,0,2.89
40,17.25,3.35,-5.719248772,9.395021439,1.931667686,0,3.68
41,17.9,3.65,-1.485557318,1.249092698,1.935838461,0,3.85
42,25.69,5.67,-2.272778749,4.43850565,1.920470119,0,3.8
43,24.08,5.32,-2.110732794,3.723548174,1.928630114,0,3.67
44,15.28,2.73,-0.792804539,2.0700109,1.93065083,0,3.93
45,33.2,7.85,3.777362108,7.431602955,1.936778307,0,3.83
46,25.09,5.59,2.565256596,3.654072285,1.929066539,0,4.21
47,28.38,6.62,-2.023929119,7.386501312,1.908735752,0,3.78
48,26.64,5.94,-1.333935976,1.288544893,1.922103882,0,3.71
49,32.99,7.79,2.968959332,5.794642925,1.928652525,0,2.91
50,32.75,7.66,1.416791081,4.54631567,1.914072871,0,3.3
51,31.5,7.38,2.281001329,5.816130161,1.920947075,0,3.05
52,31.14,7.47,0.91025275,4.080945969,1.934077144,0,2.94
53,20.55,4.18,-1.334832788,1.265816092,1.923983932,0,4.18
54,26.99,6.03,2.757482767,3.647288084,1.927599072,0,3.45
55,3.4,-1.44,-18.87330818,1391.907837,1.541059613,0,2.96
56,25.47,5.46,1.911913276,2.40702033,1.88198483,0,3.28
57,28.14,6.38,3.833085299,6.964593887,1.926720738,0,3.8
58,34.48,8.2,1.581608295,3.455708504,1.908915758,0,3.03
59,25.09,5.32,-4.525868416,24.39897728,1.868989468,0,3.07
60,27.12,6.19,2.687105179,5.277394772,1.934882402,0,3.56
61,22.07,4.44,-7.630687237,26.1213398,1.862086535,0,3.05
62,24.52,5.51,1.749413848,4.013416767,1.937214375,0,3.67
63,25.07,5.7,-0.392929196,2.731645584,1.93721211,0,3.51
64,29.14,6.76,-1.072327971,2.369588375,1.911305785,0,2.87
65,29.11,6.59,0.258599639,1.170032144,1.925168514,0,3.45
66,31.2,7.1,-0.410415798,4.498942852,1.926428199,0,3.11
67,26.97,6.06,2.855068922,4.94509697,1.937859058,0,3.38
68,29.74,6.91,1.936539054,3.885806799,1.93429327,0,3.22
69,28.92,6.54,3.728597879,5.732378006,1.938103795,0,3.42
70,16.9,2.61,-10.70299721,65.69707489,1.820508838,0,3.1
71,29.31,6.73,2.686704636,3.709834099,1.936056256,0,3.21
72,13.32,2.43,-2.586556435,3.674009085,1.931734562,0,4.28
73,23.95,5.13,0.978308856,1.68145287,1.932968378,0,3.66
74,32.93,7.65,2.280828238,3.633891106,1.917541862,0,3.28
75,29.14,6.84,-1.017955661,3.780349016,1.892748594,0,3.53
76,29.78,6.96,3.352395296,6.53066349,1.937776089,0,3.12
77,30.85,7.1,2.254962683,3.057195663,1.934351444,0,3.11
78,20.64,4.24,0.649103343,2.344812393,1.933127642,0,3.6
79,32.03,7.46,2.877814054,5.537463188,1.895243883,0,2.95
80,14.17,2.51,-2.321854591,2.934426069,1.931486607,0,4.16
81,7.78,0.86,-7.514308453,17.08986092,1.907359362,0,4.63
82,30.34,6.98,1.399293303,2.306241035,1.932247519,0,3.48
83,31.49,7.23,1.936588407,5.570499897,1.8800143,0,3.15
84,12.02,1.22,-12.31060886,96.42858124,1.686090708,0,3.11
85,14.15,2.66,-3.044348717,4.163585663,1.923147559,0,4.05
86,30.89,7.23,2.225110531,4.585202694,1.934232593,0,3.58
87,33.21,7.85,1.357325673,3.667906523,1.895555258,0,3.14
88,33.98,8.06,0.263901353,2.320832491,1.89820683,0,3.06
89,29.62,6.77,1.604249001,3.107935667,1.920372367,0,3.51
90,18.6,3.92,-1.14870894,3.492409706,1.929001093,0,4.03
91,32.59,7.7,1.639228225,3.766232491,1.9221977,0,3.2
92,19.61,3.93,-2.038244009,2.505404711,1.920672774,0,3.9
93,17.23,3.3,-2.575957298,3.338705301,1.932507277,0,4.05
94,19.99,4.15,-1.105801821,2.186090469,1.933972597,0,3.88
95,18.51,3.71,-1.38540554,3.567772627,1.924595714,0,3.99
96,28.94,6.67,1.815998554,4.316313744,1.92248559,0,3.76
97,34.11,8.1,1.520503998,4.0316782,1.935782433,0,2.95
98,31.44,7.25,-0.34969005,1.224357009,1.931622744,0,3.04
99,32.5,7.63,1.655410767,3.882167578,1.873129725,0,2.95
100,35.1,8.36,0.409618765,4.412037373,1.886660933,0,2.95
101,34.46,8.18,1.163105965,3.384151697,1.932350636,0,3.05
102,19.69,4.1,0.252443612,2.326093912,1.929313779,0,4.48
103,33.82,8.03,1.236667514,2.564141273,1.93259275,0,3.13
104,15.07,2.71,-1.246924996,1.431682348,1.926699996,0,1.24
105,28.82,6.54,1.615036726,2.506540537,1.927362919,0,0.93
106,21.55,4.49,1.043940902,2.156552315,1.931198359,0,3.35
107,24.92,5.63,2.168746471,4.550899029,1.921154976,0,3.91
108,31.23,7.35,2.956200838,6.517582893,1.923411608,0,3.48
109,32.98,7.59,0.091943324,2.581028938,1.88557291,0,3.19
110,24.37,5.36,1.305045843,2.536534071,1.92461729,0,3.29
111,28.9,6.52,-1.057230115,1.435330391,1.929920197,0,3.63
112,35.99,8.53,1.277386546,2.874832869,1.898250103,0,3.26
113,32.58,7.59,-0.996957362,3.863621473,1.921547294,0,3.11
114,32.45,7.55,0.629183948,3.015539885,1.918365479,0,3.46
115,24.23,5.02,-4.100041866,15.75397301,1.836459517,0,3.1
116,10.29,1.32,-6.057323933,14.49603844,1.881552696,0,4.17
117,30.23,7.03,-1.147300005,2.226625681,1.924910903,0,2.43
118,24.5,5.3,-1.497181535,2.2411201,1.929977059,0,3.56
119,18.59,3.93,-1.270597816,4.481361389,1.92416954,0,4.36
120,16.17,3.12,-1.816757321,2.738759279,1.924960494,0,4.35
121,20.62,4.31,-0.922039807,2.194983721,1.924437046,0,4.23
122,31.54,7.17,1.797373176,2.077003479,1.918140292,0,3.01
123,26.34,5.86,1.84824121,2.793562412,1.930028677,0,3.82
124,31.03,7.28,3.147136211,5.219007969,1.923401952,0,3.47
125,32.65,7.69,2.867831945,4.310049534,1.9091537,0,3.05
126,31.03,7.2,3.028729439,4.969026089,1.915740609,0,3.42
127,36.61,8.67,2.880431414,5.896170616,1.916032314,0,3.06
128,23.37,5.07,0.168064699,1.204070687,1.933632255,0,3.75
129,19.16,3.74,-1.139479995,1.076776981,1.927604795,0,4.01
130,21.77,4.47,0.294141412,1.275793672,1.930065155,0,4.13
131,16.91,3.4,-1.465987563,1.898543119,1.919775009,0,4.55
132,21.56,4.69,0.504274011,2.226935148,1.921943307,0,4.01
133,25.02,5.46,1.909879804,2.458348274,1.913222075,0,4.31
134,30.13,6.89,0.543795407,1.968398452,1.916390538,0,3.11
135,18.73,3.18,-6.642082691,24.724123,1.812749267,0,3.03
136,35.1,8.23,1.504415989,3.568294764,1.89975667,0,3.34
137,17.68,3.49,-0.241351351,0.82943815,1.916895986,0,4.58
138,18.57,3.64,-0.443993747,0.571129024,1.930577636,0,4.66
139,28.28,6.5,3.077546835,3.936737537,1.922948599,0,4.13
140,34.39,8.13,2.573540926,4.313303471,1.929283023,0,3.19
141,17.58,2.99,-5.998574257,21.14710426,1.80513835,0,3.21
142,17.61,3.5,-0.70931828,0.885415435,1.912229776,0,4.7
143,25.94,5.91,2.375568867,4.457074165,1.935798764,0,4
144,17.71,3.52,-1.114677429,1.006481767,1.928428173,0,4.87
145,20.69,4.37,1.303009987,1.577883959,1.928802133,0,4.32
146,31.59,7.31,1.781009555,2.735731363,1.921182036,0,3.54
147,27.41,6.14,1.530427814,2.216330528,1.924680233,0,3.67
148,20.07,4.21,1.002560377,1.285568476,1.924891949,0,4.11
149,22.34,4.84,0.935565293,1.422014713,1.927044272,0,3.73
150,33.24,7.98,1.963955879,4.622457981,1.893330693,0,3.36
151,34.27,8.14,2.051701069,2.917883873,1.929444194,0,3.14
152,33.24,7.87,2.065630436,3.284719944,1.917487144,0,3.18
153,29.56,6.79,1.350281477,2.590043068,1.932639718,0,3.57
154,17.54,3.34,-2.367037773,2.703100443,1.91580832,0,4.41
155,14.88,2.76,-4.251646996,6.613029003,1.911974669,0,4.44
156,34.02,8.04,0.694603086,3.559999943,1.887994409,0,3.53
157,18.72,3.9,-1.649621606,2.157853127,1.923698902,0,4.28
158,-17.71,-7.22,-15.01527596,147.2301788,1.49976933,0,4.05
159,23.31,5.25,-0.699836791,2.609270811,1.915347338,0,3.99
160,16.52,3.06,-3.526285648,4.144117355,1.911763668,0,4.39
161,17.79,2.89,-6.882176876,24.48261642,1.813458681,0,3.19
162,21.19,4.49,-1.363759756,1.892685294,1.930006742,0,4.06
163,17.13,2.66,-7.788547516,35.72986603,1.772891402,0,3.09
164,27.35,6.23,3.4714396,10.52464008,1.901759028,0,3.71
165,21.53,4.46,-1.285622001,1.538656592,1.923637271,0,4.14
166,21.58,4.68,0.437662929,1.363223433,1.919224024,0,4.24
167,19.39,3.33,-4.452641964,19.48897934,1.821760297,0,3.2
168,33.74,7.9,0.419410527,2.210029364,1.928733349,0,3.23
169,17.24,3.54,-0.284758717,4.036102772,1.919449449,0,4.57
170,21.84,4.35,0.164816096,1.197448134,1.916347027,0,3.85
171,27.1,6.13,4.287519932,6.428416252,1.907130718,0,3.95
172,28.22,6.59,0.995614946,2.17809844,1.917191148,0,3.18
173,31.97,7.38,2.426585913,3.032393932,1.924944639,0,3.31
174,18.59,3.78,0.587154806,0.724433243,1.917257071,0,4.47
175,36.52,8.67,4.375497818,7.386948109,1.90979588,0,3.08
176,29.12,6.62,2.340396881,2.856072187,1.922986507,0,3.7
177,23.35,5.21,2.548603296,3.439294815,1.900912285,0,4.58
178,34.93,8.19,2.342471123,4.014552593,1.915162921,0,3.65
179,19.81,3.87,-2.601907015,7.296546459,1.837514639,0,3.36
180,34.98,8.21,4.073548317,6.660354614,1.91730082,0,3.33
181,26.5,6.03,1.432920456,3.042524576,1.92065835,0,4.02
182,34.15,8.05,2.103438139,2.66711688,1.914337516,0,3.47
183,25.56,5.69,0.250009745,1.868138075,1.925232172,0,3.97
184,17.41,3.49,-1.551697493,1.631622314,1.918069839,0,4.62
185,24.22,5.16,0.485158622,0.941417873,1.918567061,0,5.36
186,25.79,5.65,-0.079761267,1.182045579,1.911204815,0,5.17
187,21.83,4.78,0.561526239,3.017955542,1.90841794,0,5.17
188,34.47,7.93,0.907249928,1.176934361,1.898094893,0,3.29
189,24.18,5.27,-0.183744222,1.885294199,1.895389795,0,4.03
190,33.3,7.84,1.972006798,2.849416494,1.918620229,0,3.59
191,21.28,4.54,-0.173527911,1.03945601,1.912353754,0,4.39
192,24.86,5.33,-0.084128112,0.90948087,1.897435308,0,4.59
193,27.09,5.78,-0.726421297,1.730735302,1.868097782,0,4.81
194,23.09,5.01,-0.080162108,1.83591187,1.917386532,0,4.47
195,34.86,8.27,1.57592988,2.823504448,1.916449547,0,3
196,25.7,5.67,0.07095065,1.129229069,1.915127754,0,3.68
197,37.42,8.81,0.403349578,4.069519997,1.907146215,0,3.04
198,27.94,6.23,1.43545723,2.003561735,1.925183892,0,3.52
199,21.73,4.51,-0.00286543,0.561148763,1.914728403,0,4.21
200,33.94,7.99,1.52361393,3.386611938,1.920730352,0,3.07
201,31.33,7.5,-0.27229479,1.885174155,1.910230875,0,3.17
202,30.75,7.11,2.184025764,3.036256075,1.916231513,0,3.75
203,33.77,7.98,2.375351906,3.754722118,1.906955004,0,3.38
204,33.21,7.82,2.596342564,4.016817093,1.885357499,0,3.83
205,22.84,5.05,-0.538969874,1.807807803,1.907962441,0,4.05
206,20.99,4.46,-0.782499373,1.613458633,1.907111406,0,4.26
207,34.56,8.15,-0.439839184,2.087304592,1.895081162,0,3.44
208,19.23,3.97,-1.628960729,1.721280098,1.908014297,0,4.44
209,34.33,8.05,-1.438906431,2.140117645,1.880709171,0,3.25
210,33.06,7.67,-0.885910928,1.887161255,1.921110272,0,3.12
211,30.99,7.09,-1.34885025,2.946146965,1.883622408,0,3.49
212,22.44,4.76,-0.642999351,0.892673314,1.907620192,0,4.69
213,27.22,6.14,0.822171926,1.028815866,1.92104733,0,3.97
214,31.97,7.54,0.332886636,1.063214898,1.906395674,0,3.23
215,33.18,7.73,0.496013552,2.645231724,1.895918608,0,3.42
216,29.69,6.85,-0.366177201,0.815650821,1.905306578,0,3.63
217,17.23,3.3,-0.511899471,1.897006392,1.86827147,0,4.31
218,39.51,9.52,4.164980888,7.269298553,1.881616592,0,3.01
219,28.18,6.38,2.40305233,2.289668083,1.908097148,0,3.38
220,32.3,7.56,4.303147793,6.215946198,1.885838032,0,3.47
221,33.32,7.86,2.044812441,2.239583492,1.899309278,0,3.46
222,32.4,7.62,1.968350887,2.1412673,1.894028068,0,2.91
223,32.58,7.56,0.419718832,1.021139264,1.88599503,0,3.08
224,31,7.16,0.33758378,0.790166795,1.853716373,0,2.92
225,24.86,5.47,1.340921164,2.028476238,1.900921822,0,4.16
226,33.76,8.05,3.357276201,5.327638626,1.872517347,0,4.29
227,19.01,3.53,-3.050802708,7.11239481,1.846003056,0,4.1
228,25.4,5.64,0.553048491,1.605240345,1.913947582,0,3.84
229,37.68,8.96,1.822454453,1.98427248,1.889326334,0,3.12
230,31.21,7.34,-1.491718292,1.653062463,1.897342682,0,2.92
231,34.59,8.09,0.395159096,1.03963995,1.90301311,0,3.09
232,31.95,7.52,-3.221146345,3.490382195,1.86428082,0,3.05
233,23.48,5.02,-1.402160525,2.386454105,1.888732553,0,4.13
234,34.43,8.18,-0.874428868,1.13892436,1.881676793,0,3.67
235,29.15,6.73,0.121274263,1.66086483,1.872187495,0,4.3
236,32.4,7.71,1.747872591,3.250446796,1.893183947,0,3.55
237,32.47,7.74,-1.39078176,1.563913584,1.885890126,0,3.16
238,20.91,4.51,-1.940732479,2.969104052,1.898651361,0,3.97
239,28.07,6.49,1.455749035,6.268237591,1.867334962,0,4.03
240,29.13,6.67,0.490448803,0.991825461,1.913972378,0,3.44
241,29.21,6.67,1.670570135,1.876029015,1.909998417,0,3.98
242,22.99,5.04,0.195978314,0.969597161,1.903262734,0,4.29
243,22.9,4.98,-0.524033844,1.11504674,1.889522314,0,4.08
244,31.44,7.27,-0.318089038,1.25277698,1.886313915,0,3.04
245,34.38,8.18,1.398001909,1.966183305,1.877848506,0,3.57
246,30.35,7.09,2.290512085,3.894200325,1.897145987,0,4.08
247,33.17,7.8,0.833918631,1.352028251,1.913076997,0,3.5
248,35.8,8.47,0.488504589,2.27141428,1.889431953,0,3.09
249,31.08,7.18,1.829059124,2.173577785,1.900253057,0,3.58
250,28.63,6.46,-0.540469706,1.572452784,1.865368843,0,4.15
251,31.9,7.5,-0.721009851,1.060587406,1.895367026,0,3.1
252,36.82,8.88,-1.894330978,3.534700155,1.854237676,0,3.38
253,35.89,8.34,-0.139264852,1.348538756,1.885015488,0,3.19
254,19.99,4.18,-1.460537076,1.321650863,1.899684906,0,4.33
255,19.94,4.07,-2.577887058,2.630261898,1.891343236,0,4.25
256,33.83,8,0.278862476,1.167109013,1.892129898,0,3.1
257,33.26,7.73,1.489611745,1.331014037,1.902696729,0,3.6
258,34.73,8.25,0.879428327,1.490990639,1.872495174,0,3.19
259,33.57,7.86,0.19041647,0.81727618,1.888422489,0,3.19
260,23.11,5.22,-1.154517412,1.79282856,1.90285337,0,4.32
261,35.65,8.57,1.041176319,2.682755232,1.871778607,0,3.2
262,23,5.02,-0.871431172,1.271305799,1.892093897,0,4.19
263,30.54,7.04,2.021622419,2.461655378,1.916245341,0,3.68
264,31.16,7.34,1.403751016,2.264635324,1.911321759,0,3.45
265,32.13,7.54,-1.224297643,1.620555043,1.88152349,0,3.12
266,29.78,6.88,1.463194251,2.244610071,1.889377236,0,3.86
267,36.76,8.71,1.245724916,1.465670824,1.89641583,0,3.26
268,25.67,5.62,-0.316239387,0.709851444,1.884621143,0,4
269,28.72,6.69,1.18507123,2.321279049,1.893459916,0,3.6
270,20.71,4.38,-2.072769403,1.693003654,1.897605181,0,3.94
271,26.17,5.56,-4.734826088,11.81682205,1.845421791,0,3.21
272,34.34,7.82,-1.915702581,6.385887623,1.867265582,0,3.13
273,39.86,9.6,0.266679734,3.85747838,1.87166059,0,3.38
274,34.28,8.04,0.271450132,0.973491848,1.894516587,0,3.22
275,27.04,6.17,0.146864623,1.315864563,1.886866212,0,4.16
276,30.58,6.97,0.95992744,1.404374361,1.908693194,0,3.36
277,33.05,7.72,0.091738224,1.065160275,1.906915903,0,3.31
278,31.22,7.22,1.596887589,1.545058727,1.898872018,0,3.52
279,29.19,6.75,1.837357402,2.095849514,1.908845782,0,3.71
280,30.85,6.95,-1.800026536,2.042038679,1.903697252,0,3.49
281,34.93,8.32,1.254467964,1.9282794,1.864207983,0,3.53
282,34.8,8.17,-0.098503157,0.998813272,1.912424326,0,3.22
283,27.78,6.24,0.616427839,2.077169657,1.901828051,0,3.97
284,33.88,7.87,-0.693044841,0.831090927,1.904163241,0,3.3
285,32.02,7.61,1.075785041,2.214327097,1.89044416,0,3.82
286,37,8.8,0.597408891,1.916202426,1.895302296,0,3.38
287,30.63,6.76,-2.483251572,3.165446281,1.868319273,0,3.24
288,36.82,8.78,1.508969426,3.123518944,1.876294732,0,3.49
289,25.18,5.48,-1.202197433,1.005517125,1.903712988,0,4.34
290,37.98,8.95,-0.0588171,1.041311264,1.906520844,0,3.05
291,23.97,5.32,-1.392002106,1.645440221,1.84867537,0,4.16
292,20.12,4.13,-3.458200932,3.700223684,1.906057715,0,4.12
293,37.25,8.84,-0.242208332,0.528550506,1.89686501,0,3.42
294,16.29,2.77,-3.676358461,10.38107681,1.798477769,0,3.8
295,22.16,4.74,-0.431065768,0.970543027,1.895505548,0,4.33
296,13.9,2.41,-4.148639202,5.444734097,1.882891655,0,4.31
297,36.48,8.61,3.336755037,4.057295799,1.884331822,0,3.32
298,32.15,7.43,1.634110808,2.696098804,1.888756156,0,3.26
299,33.66,7.94,-0.461684942,0.729352355,1.858315587,0,3.18
300,18.98,3.98,-1.032251239,1.525701523,1.890121698,0,4.1
301,25.73,5.96,1.786231279,4.382503986,1.87378335,0,4.03
302,35.67,8.38,1.832544446,1.506369114,1.897006392,0,3.2
303,30.77,6.94,0.687564552,0.664964914,1.891488433,0,3.11
304,32.09,7.49,0.742340624,0.662255347,1.890228033,0,3.38
305,31.16,7.38,0.254589736,0.65319562,1.886766553,0,3.08
306,36.44,8.63,3.425256491,3.99943924,1.885135293,0,3.23
307,24.53,5.34,1.131568551,1.193630099,1.892735243,0,3.69
308,32.97,7.62,2.972220659,2.912047863,1.867291093,0,3.87
309,30.58,6.99,2.864084959,3.414826155,1.864275694,0,4.06
310,25.36,5.28,-6.438919544,21.38864899,1.786144376,0,3.06
311,34.16,8.05,-0.717379451,0.728251636,1.876753092,0,3.02
312,30.16,7.05,1.066328764,1.330719352,1.853271723,0,3.79
313,36.92,8.64,1.689823747,1.804529667,1.885624766,0,3.14
314,33.33,7.91,-0.576613843,1.038488746,1.86012578,0,3.21
315,35.72,8.42,-0.45158422,1.289331317,1.856642604,0,3.03
316,33.92,7.85,0.571147799,0.651942015,1.875178814,0,3.67
317,34.39,8.13,-1.426087499,1.254660845,1.8549968,0,3.14
318,27.85,6.37,-0.947421253,0.658986628,1.858810782,0,4.26
319,30.54,7.14,-1.300133348,1.581989765,1.819486141,0,3.71
320,35.19,8.18,0.903589606,1.600987911,1.874578238,0,3.44
321,36.34,8.68,1.359080076,1.608204007,1.876190424,0,3.53
322,38.43,9.21,0.818257749,2.212584972,1.879104257,0,3.23
323,33.33,7.72,2.010345221,2.240996361,1.873749852,0,3.65
324,26.56,6.06,-0.080138184,1.344016671,1.878584743,0,3.9
325,22.51,4.88,-0.816819847,1.458702207,1.871360421,0,4.28
326,19.39,3.94,-3.361388683,4.078700542,1.835601568,0,4.5
327,27.84,6.27,0.2148837,0.889595151,1.881394029,0,3.74
328,24.95,5.47,0.196977198,0.562102854,1.885347486,0,4
329,29.5,6.74,0.056069311,0.859022915,1.839898109,0,4.01
330,31.5,7.3,0.300312757,1.11736083,1.820109487,0,3.88
331,28.15,6.59,-4.703593254,8.751368523,1.800436854,0,3.25
332,35.38,8.37,-0.523498833,0.973464072,1.871292949,0,3.15
333,23.3,5.08,-0.266140819,0.712364256,1.85253644,0,4.24
334,39.5,9.52,1.5046736,5.16959095,1.836272836,0,3.15
335,30.78,6.99,0.596939564,1.05484736,1.842433929,0,3.89
336,39.11,9.3,1.961135149,2.818963051,1.868887901,0,3.2
337,34.19,8.07,-0.566108823,1.048012614,1.863038182,0,3.2
338,31.49,7.2,1.750179887,1.58415556,1.885441065,0,3.74
339,33.07,7.62,0.979309261,1.281958699,1.888589859,0,3.38
340,39.49,9.34,-0.121325821,2.576158285,1.852852583,0,2.43
341,38.01,8.78,-1.090608716,2.015914202,1.829235196,0,1.09
342,23.2,5.1,-0.802868843,1.179619193,1.817576051,0,1.47
343,33.22,7.82,-0.697382033,1.103104234,1.876247168,0,0.81
344,36.13,8.69,4.062607288,12.83495998,1.834506989,0,0.88
345,35.26,8.39,0.858289719,0.740661979,1.891211748,0,0.99
346,18.13,3.49,-2.904661655,2.770183086,1.855959415,0,1.24
347,33.22,7.7,1.883608341,1.358093739,1.886502743,0,0.87
348,31.54,7.35,2.88851881,3.554587841,1.847967505,0,0.96
349,37.34,8.77,0.920871198,0.93886596,1.88517189,0,0.78
350,34.47,8.12,-0.582256496,0.674867809,1.884567618,0,0.83
351,24.46,5.37,0.075134791,0.615989208,1.855702877,0,1.04
352,20.5,4.3,-1.702322125,1.417820692,1.854238033,0,1.07
353,35.53,8.27,0.192431435,0.769245267,1.879163027,0,0.8
354,40.8,9.89,3.05363369,5.338556767,1.800272584,0,0.87
355,23.16,5.09,0.378046066,0.551436901,1.841384053,0,1.08
356,29.61,6.9,2.15186429,2.462220669,1.834765434,0,0.95
357,31.21,7.13,1.37074244,1.308767796,1.883838892,0,3.03
358,29.38,6.65,0.521930635,0.505409062,1.88985002,0,3.57
359,33.64,7.8,-1.458684444,1.41227138,1.869804502,0,3.07
360,28.98,6.18,-3.430506706,11.24754429,1.722149253,0,3.66
361,35.03,8.15,-2.929507732,3.820196867,1.829178095,0,3.36
362,26.7,5.89,-0.86377418,2.052450418,1.826539516,0,3.9
363,29.47,6.63,-1.973338485,1.932755709,1.850623727,0,3.71
364,34.26,8.07,0.485924095,0.631818056,1.875139952,0,3.14
365,38.47,9.45,0.62715441,1.871154189,1.794376373,0,3.21
366,20.95,4.52,-1.911835313,1.807199359,1.803525209,0,4.6
367,24.34,5.25,-0.52735877,0.905910969,1.851866841,0,2.55
368,27.13,6.17,0.697798967,0.693849921,1.854860067,0,4.17
369,34.68,8.12,-0.496765941,0.894525945,1.816324711,0,3.06
370,31.05,7.14,1.163852334,1.284164906,1.796441913,0,4.21
371,38.91,9.23,1.656630039,1.885519624,1.83107996,0,3.02
372,37.75,9.18,1.787160039,2.070671558,1.792849541,0,2.94
373,28.8,6.59,1.292365909,1.433038473,1.831866503,0,3.99
374,39.08,9.27,2.327899933,2.691904306,1.780014038,0,3.3
375,40.98,9.66,0.68147552,0.909704566,1.791713834,0,2.94
376,29.31,6.74,0.552085698,1.096284032,1.806777358,0,3.88
377,29.15,6.59,0.128956974,0.826223254,1.830779791,0,3.91
378,31.55,7.65,-2.367827415,3.850071669,1.833637476,0,2.96
379,33.56,8.02,-2.875552654,3.24876833,1.751556993,0,3.05
380,24.64,5.53,-2.908764601,3.76531744,1.733238578,0,4.73
381,29.66,6.87,-1.430747151,1.532653928,1.769576788,0,4.28
382,36.16,8.49,-0.617324591,0.863873184,1.854185224,0,3
383,32.63,7.83,-0.494118631,2.248878241,1.778125405,0,3.56
384,29.19,6.72,-1.038695216,1.521712184,1.70113945,0,4.2
385,23.55,5.2,-0.988181651,0.997525215,1.828815699,0,4.17
386,33.43,7.96,-1.484220743,1.129013419,1.855886579,0,2.91
387,34.19,7.9,-0.206309453,0.783507943,1.855992079,0,3.13
388,26.58,5.89,1.293582916,1.033736229,1.794722319,0,4.13
389,28.89,6.54,1.657966614,1.232672453,1.881349921,0,3.69
390,32.98,7.74,3.076749325,3.792745829,1.795659184,0,3.6
391,40.65,9.64,2.912969589,3.477499962,1.815089464,0,3.15
392,36.49,8.68,2.220343351,2.078115463,1.814665914,0,3.03
393,42.11,10.14,3.81950736,5.627758503,1.759331226,0,3.1
394,32.48,7.49,1.588047147,1.395388842,1.855036974,0,3.36
395,36.12,8.63,2.632620335,3.289888859,1.680168748,0,3.7
396,36.51,8.61,1.929851294,2.139300108,1.853198409,0,3.37
397,33.01,7.68,-0.580086231,0.570468783,1.859449029,0,3.09
398,23.01,4.91,-0.980945647,0.742927372,1.858778238,0,4.12
399,39.28,9.49,-0.46868512,1.884131908,1.530943632,0,3.37
400,32.98,7.7,-1.055968761,1.124764562,1.877037764,0,2.97
401,26.88,6.09,-0.42176497,0.527801573,1.808364272,0,4.18
402,26.86,6.09,-1.213089466,1.495483875,1.756736636,0,3.99
403,40.31,9.55,0.194140419,1.260325193,1.761710167,0,3.12
404,39.38,9.36,1.29407692,2.414841175,1.619487762,0,3.47
405,41.22,9.84,0.975637555,2.211277962,1.723568559,0,3.39
406,31.57,7.23,1.902635098,1.994113922,1.804969072,0,3.68
407,35.13,8.26,-0.814408898,0.886365235,1.837118149,0,3.06
408,34.63,8.14,-0.675574958,0.63608861,1.855569005,0,3.01
409,36.99,8.69,0.10794884,0.491455138,1.817914486,0,2.99
410,26.58,5.85,-0.347477734,0.58138746,1.796723008,0,4.23
411,34.38,8.02,0.508572578,0.560180426,1.854644775,0,3.01
412,45.07,10.94,1.958405375,3.452076435,1.614319921,0,3.09
413,26.37,5.81,-0.058121979,0.861228406,1.780442357,0,3.94
414,33.51,7.67,0.941938996,1.211958051,1.725395322,0,3.64
415,34,7.94,1.950021148,1.991114259,1.769093871,0,3.61
416,27.05,6.2,-0.27784282,0.808279693,1.707897186,0,4.09
417,35.54,8.19,1.675969601,1.346600533,1.784100533,0,3.55
418,34.3,8.02,-0.59530437,0.444858462,1.855783463,0,2.88
419,23.89,5.34,-2.25672102,3.121681213,1.720253468,0,3.88
420,42.3,10.15,1.777770996,2.892664671,1.738377929,0,3.19
421,29.12,6.64,-0.248921186,0.456679434,1.828801036,0,3.45
422,41.68,9.98,1.640411973,1.818209648,1.77690208,0,2.91
423,43.24,10.78,1.200771689,4.073225975,1.539504409,0,3.03
424,31.36,7.21,0.321963519,1.068186641,1.735027671,0,3.97
425,42.19,10.03,0.44932878,2.381599665,1.737985015,0,3.18
426,36.22,8.58,1.82707572,1.599966645,1.8318187,0,2.98
427,38,8.99,-0.605406404,0.755004108,1.784572124,0,3.1
428,33.8,8.03,0.793351889,0.895347774,1.714555025,0,3.76
429,29.69,6.86,0.074649625,0.743370712,1.819285512,0,3.79
430,25.42,5.73,-1.408684611,1.163937807,1.713819623,0,4.28
431,34.01,7.95,1.200875759,1.248554945,1.825459838,0,3.43
432,37.64,8.96,1.356074572,1.392057896,1.695436358,0,1.52
433,43.87,10.58,-0.322056949,0.85347563,1.638837814,0,0.78
434,36.89,8.67,-0.194875836,0.497233331,1.806141734,0,0.77
435,38.94,9.33,-0.404097736,0.862448514,1.60928309,0,0.91
436,34.39,8,2.154438734,4.821885586,1.764537334,0,1.38
437,36.61,8.53,-1.909147978,1.640749574,1.748556733,0,3.01
438,41.02,9.71,0.744879663,0.716624975,1.787515044,0,3.08
439,31.99,7.3,0.621568501,0.745613694,1.829690933,0,3.45
440,38.26,9.02,-1.520819545,1.319655061,1.730475903,0,3.3
441,27.13,6.1,-1.159652472,1.09899807,1.783381939,0,4.03
442,24.56,5.3,-1.938924909,1.654427648,1.756298423,0,4.15
443,40.51,9.65,2.353614092,2.824556112,1.649934888,0,3.35
444,28.26,6.24,-0.916335642,0.755063355,1.686070919,0,4.04
445,34.92,8.16,2.077752829,2.060932159,1.687796116,0,3.68
446,42.34,10.03,2.159856558,2.716391087,1.641777039,0,2.54
447,18.11,3.07,-4.36260128,30.60390663,1.166887403,0,1.93
448,29.09,6.51,-0.482103437,0.819366753,1.69758141,0,2.02
449,37.33,8.86,1.983273149,1.692833304,1.802309394,0,3.12
450,28.76,6.53,-0.251978606,0.327526003,1.617983937,0,4.13
451,34.67,8.04,2.100857019,1.994501591,1.743064404,0,3.49
452,29.89,6.82,0.497863621,0.489668995,1.537082791,0,4.03
453,38.76,9.11,0.427552581,0.411893994,1.640423775,0,3.07
454,33.34,7.82,1.829143047,2.075520277,1.668336272,0,3.91
455,40.1,9.62,2.670986414,4.036699772,1.633359432,0,3.31
456,41.04,9.6,-0.233867615,0.780262053,1.665627837,0,3.29
457,25.46,5.64,-1.412438035,1.625618935,1.648536682,0,4.06
458,27.88,6.2,-0.838252068,1.064919233,1.713688135,0,4.13
459,40.3,9.46,-1.321968794,1.514963031,1.717134953,0,3.21
460,37.81,9.14,-0.063931108,1.991884947,1.477562547,0,3.45
461,37.31,8.74,-1.607779145,1.394757628,1.623579383,0,3.21
462,31,7.16,0.741776347,0.711822331,1.711073041,0,3.98
463,32.59,7.51,0.022495897,0.530730069,1.566174865,0,4.04
464,39.47,9.41,2.087174654,2.494222879,1.633782506,0,3.52
465,34.31,7.79,0.250822723,1.802270889,1.42224288,0,3.97
466,43.01,10.18,-0.162776127,1.991088033,1.489526629,0,3.23
467,28.77,6.43,0.374401122,0.986140847,1.661504745,0,4.34
468,27.63,5.89,-1.84028554,4.546779156,1.381831408,0,4.52
469,29,6.47,-0.385064363,0.594001293,1.491960764,0,4.58
470,39.19,9.22,0.583427429,0.851036966,1.62622714,0,3.26
471,38.29,8.95,-0.66869837,1.103040338,1.512448549,0,3.16
472,38.84,9.14,0.666682005,0.766839743,1.622554541,0,3.27
473,32.12,7.26,1.391945839,1.485728502,1.49294591,0,4.19
474,32.26,7.38,2.292896509,2.729243279,1.7817837,0,3.76
475,26.19,5.96,0.008991586,1.797215223,1.5853163,0,4.17
476,28.34,6.2,-0.331056446,2.356432915,1.328592658,0,4.17
477,43.6,10.29,0.69897759,0.851514637,1.305659652,0,3.13
478,37.71,8.95,2.228752375,3.536673546,1.506572485,0,3.54
479,39.57,9.44,2.066952944,2.933869123,1.393169403,0,3.73
480,38.22,9.08,0.881126285,2.633752108,1.344445348,0,3.75
481,16.63,2.63,-5.946077347,21.40986633,1.230191708,0,4.06
482,33.85,7.77,-1.84393096,4.508120537,1.460574627,0,3.65
483,41.44,9.91,-0.873604298,2.847879648,1.31854856,0,3.14
484,41.87,10.29,-0.486806065,3.606422901,1.276391864,0,3.05
485,35.28,8.32,-0.433986992,0.974017918,1.27661407,0,4.21
486,43.8,10.47,1.311938643,1.324002504,1.481673479,0,3.12
487,34.54,7.94,-0.176023573,0.750841141,1.263876438,0,4.35
488,40.61,9.69,0.368319601,0.832909167,1.515270352,0,3.09
489,31.52,7.24,0.722555578,1.343386769,1.716372848,0,4.01
490,34.36,8.08,-0.139469132,2.184655428,1.354812384,0,3.64
491,38.34,9.12,0.491316617,0.463327527,1.597188473,0,3.08
492,35.85,8.33,-1.389162779,1.74369359,1.585700393,0,3.1
493,43.01,10.15,0.819443643,1.099470496,1.413063407,0,3.04
494,32.85,7.52,0.671911359,1.080277801,1.626064301,0,4.2
495,35.09,8.21,1.050719976,0.842316151,1.706639051,0,3.65
496,34.47,8.03,1.594961524,1.808760762,1.55050993,0,4.05
497,36.17,8.47,0.377107203,0.69520241,1.239995122,0,4.1
498,32.38,7.38,0.720866621,1.118833065,1.694792628,0,3.92
499,41.66,9.83,-0.387463331,1.255174398,1.464163542,0,3.18
500,42.61,10.29,0.832798779,2.043059349,1.282267213,0,3.67
501,32.37,7.36,-0.391678423,1.311891079,1.564320207,0,4.07
502,24.84,5.47,-2.631624937,3.456722021,1.703160167,0,3.96
503,37.88,9.02,-2.811392307,5.229881287,1.406498432,0,3.2
504,35.97,8.35,-0.370179892,0.546397924,1.508082867,0,3.97
505,45.59,10.97,1.603726268,3.083968401,1.220519066,0,3.31
506,35.22,8.1,-1.827518106,1.747464418,1.706861138,0,3.02
507,38.73,9.17,0.464668959,0.593505919,1.503936887,0,3.46
508,36.34,8.47,-1.594968081,1.49253881,1.591561437,0,3.13
509,36.9,8.78,-1.687645435,2.049022198,1.47422123,0,3.11
510,42.71,10.02,1.413986564,1.495414495,1.578109145,0,3.13
511,36.83,8.74,1.116661668,1.972825766,1.343472362,0,3.67
512,44.3,10.59,0.768531263,0.994799674,1.352243662,0,3.04
513,38.21,8.74,-0.35010013,0.838029444,1.601097465,0,3.07
514,29.47,6.69,-0.407191992,1.382903457,1.385542035,0,4.1
515,38.68,9.14,-0.199985147,0.683659315,1.449232936,0,3.14
516,40.33,9.64,1.397029638,1.743360162,1.289582729,0,3.6
517,35.26,8.23,-0.570000231,0.612383604,1.703020573,0,3.53
518,31.1,6.93,-0.386438012,0.971664608,1.44827354,0,4.37
519,39.63,9.42,1.173257947,1.400279999,1.561162472,0,3.25
520,44.73,10.58,2.363217115,4.399132252,1.362376451,0,3.21
521,41.66,10.02,2.490848064,4.385130405,1.348407149,0,3.41
522,39.41,9.4,0.859213233,1.115984559,1.346322894,0,3.51
523,42.4,10.14,1.15505898,1.463963032,1.265488982,0,3.41
524,41.75,10.08,2.145519972,2.914367437,1.458842516,0,3.22
525,40.69,9.58,-0.851889908,1.459271193,1.475205064,0,3.17
526,39.95,9.47,-2.045241356,4.018102169,1.205146074,0,3.13
527,30.35,6.94,-1.411944151,2.441847801,1.640597105,0,3.94
528,37.73,8.69,-1.378360152,1.414104819,1.541080832,0,3.13
529,43.84,10.51,0.633802772,2.072756529,1.170521259,0,3.63
530,34.47,8,-1.468528867,3.275259256,1.282205701,0,4.2
531,33.33,7.57,-0.891695976,1.330138445,1.317548752,0,4.35
532,38.78,9.1,1.416076183,2.27374506,1.445160866,0,3.61
533,44.99,10.76,0.637908459,1.145606518,1.169804931,0,3.3
534,29.36,6.8,-1.077111959,1.638148069,1.485351205,0,4.16
535,38.28,9.1,0.455839574,0.771990836,1.198403478,0,3.76
536,40.48,9.58,0.173786148,0.909117222,1.606270075,0,3.07
537,38.07,8.95,0.764905989,0.807189524,1.405348659,0,3.64
538,45.32,10.67,0.126664549,1.100654602,1.230963349,0,3.12
539,38.78,9.12,-1.633334517,1.891533852,1.408771515,0,3.11
540,29.92,6.86,-1.05263257,1.16115737,1.236448526,0,4.26
541,25.97,5.73,-1.385143876,3.207547665,1.311068296,0,4.33
542,33.18,7.74,-1.420621514,3.206838608,1.583740592,0,3.07
543,33.93,8.04,0.605114281,1.004740119,1.318739891,0,3.87
544,47.39,11.38,1.467328548,3.543730497,1.125699043,0,3.12
545,36.12,8.86,-1.06191957,2.18421483,1.351983786,0,3.27
546,44.25,10.62,0.518155694,1.273210049,1.156366467,0,3.2
547,31.48,7.35,-2.584586859,5.193603516,1.307283401,0,3.24
548,26.05,5.82,-0.918371916,1.239549756,1.527128339,0,4.39
549,46.64,11.31,1.996368527,4.095596313,1.156385899,0,3.25
550,41.3,9.93,1.9639889,3.170694113,1.172368884,0,3.8
551,42.96,10.24,1.149145842,2.411915541,1.353961349,0,3.18
552,32.38,7.37,-4.415474415,20.41345596,1.206750751,0,3.04
553,34.6,7.66,-0.981489837,5.0841465,0.991491497,0,3.48
554,40.17,9.51,1.529573202,2.414714336,1.238746285,0,3.99
555,29.78,6.55,-3.150840998,9.330964088,1.285223722,0,3.11
556,34.9,8.83,1.144071817,5.490454197,1.354723215,0,3.31
557,41.3,10.01,1.295634627,1.24918282,1.281853557,0,3.72
558,48.16,11.69,1.666157246,4.100264549,1.119458079,0,3.14
559,30.32,7.37,-0.003124874,2.355359793,1.326588273,0,4.05
560,38.48,9.22,2.10414505,2.516455173,1.598237634,0,3.75
561,46.72,11.22,0.950853288,3.634891748,1.101339102,0,3.06
562,34.83,8.01,-0.490197927,7.417351246,1.010795236,0,3.67
563,42.65,10.4,0.770238101,2.994230986,1.367814064,0,3.3
564,35.61,8.35,0.119861536,1.144105792,1.51109767,0,3.93
565,36.33,8.55,-0.334861457,2.223148823,1.304991126,0,4.03
566,43.81,10.63,0.742868483,1.313479066,1.245509386,0,3.36
567,42.08,10.08,-0.122263476,0.693882525,1.508266568,0,3.2
568,44.97,10.98,0.639977872,1.302562594,1.245632291,0,3.27
569,39.4,9.42,-0.901822388,1.102424979,1.468688607,0,3.12
570,41.97,10.18,1.437278748,1.74514854,1.53365016,0,3.66
571,36.57,8.7,-1.979418159,2.73597908,1.530701756,0,3.27
572,37.96,8.95,0.446530938,1.275321364,1.390151381,0,3.6
573,45.7,11.06,1.092221379,1.429120421,1.24987781,0,2.99
574,39.77,9.44,-1.234723449,2.321058512,1.357536912,0,3.02
575,37.1,8.6,-0.887123883,3.900624514,1.123631716,0,3.48
576,41.73,10.17,1.901652694,3.015948772,1.516433358,0,3.09
577,28.23,6.55,-2.803613186,4.585097313,1.453125834,0,3.85
578,36.72,8.79,0.098704696,0.767888308,1.300614119,0,4.03
579,42.38,10.43,1.173090458,1.88449645,1.160633445,0,3.57
580,23.22,5.52,-3.004487753,9.111816406,1.449617624,0,4.24
581,35.81,8.78,-0.377827585,1.106486917,1.197365403,0,4.01
582,42.04,10.23,1.732405782,2.193702698,1.512205601,0,3.42
583,37.51,8.88,-1.245654225,1.708717227,1.431510568,0,3.15
584,30.53,6.84,-2.370816708,9.011094093,1.060050607,0,3.1
585,43.15,10.47,1.084335446,1.605067372,1.425747395,0,2.96
586,41.76,9.95,-0.031132041,1.207601786,1.344792724,0,3
587,41.16,10.03,1.707113862,2.117953777,1.476829529,0,2.98
588,35.96,8.66,-0.650702178,0.852626264,1.298340678,0,3.03
589,43.04,10.52,1.087343216,1.535085678,1.209113359,0,3.12
590,37.05,9.17,0.164258122,0.772119164,1.20848453,0,3.45
591,43.21,10.45,0.8039729,1.219447255,1.298290372,0,2.97
592,41.4,9.93,0.448724061,1.250354528,1.264901638,0,3.09
593,38.17,9.13,-0.357549161,0.595897138,1.347537279,0,3.09
594,40.18,9.71,-0.454433203,1.255535722,1.289572477,0,3.17
595,41.02,10.06,0.527212203,1.563682199,1.153937459,0,3.72
596,44.87,10.95,0.629106104,1.259028912,1.092698693,0,3.33
597,39.06,9.79,0.742554247,3.57677412,1.328870177,0,3.07
598,34.23,8.21,-1.664479733,3.692773819,1.531565309,0,3.05
599,39.29,9.54,0.186863676,1.108945489,1.484082937,0,2.92
600,42.25,10.18,0.917348504,1.045010209,1.367802382,0,3.45
601,29.91,6.94,-4.392285347,10.25310898,1.432665348,0,3.49
602,48.05,11.8,0.51013726,1.501405239,1.072399855,0,3.16
603,36.26,8.78,-0.540202498,0.865949988,1.365270853,0,3.93
604,41.16,10.18,0.353846252,0.940257549,1.272663236,0,3.38
605,39.02,9.25,-1.683526874,2.020096064,1.387189865,0,3.11
606,47.83,11.81,0.50950402,0.896487236,1.00146842,0,3.62
607,46.75,11.58,0.333646774,0.550224185,0.974594116,0,3.18
608,36.74,8.84,-1.720064163,3.008836985,1.476242781,0,3.09
609,43.54,10.47,0.304734409,5.679704189,1.007111073,0,3.65
610,44.28,10.89,-0.2007211,0.881105363,1.160899639,0,3.1
611,32.2,7.13,-2.619163513,14.79722977,0.870274127,0,3.66
612,41.32,10.18,0.113475829,0.820033312,1.112454176,0,3.71
613,44.07,10.61,-0.644316912,1.578066349,1.196549058,0,3.37
614,43.62,10.48,0.2483318,0.95029223,1.034204125,0,3.6
615,42.26,10.22,-0.330836505,0.74620676,1.221765876,0,3.03
616,46.06,11.1,0.019259814,1.162235975,0.963185251,0,2.88
617,22.01,4.17,-4.331614971,26.87765312,0.958433509,0,4.11
618,47.74,11.7,1.84646678,3.641200304,1.003875613,0,3.07
619,45.25,10.96,1.474550843,1.887884498,1.193385243,0,3.31
620,46.41,11.56,2.00173068,5.132070065,1.02696991,0,3.13
621,35.15,8.34,-1.108409405,1.408892751,1.150622249,0,4.14
622,48.68,11.95,1.775544286,3.944982052,0.957105637,0,3.14
623,47.57,11.73,1.608114958,3.657782078,0.988581538,0,3.07
624,31.72,7.08,-1.726357222,4.937713146,0.933323264,0,4.05
625,40.79,9.81,1.085396886,1.191124916,1.267710686,0,3.61
626,44.86,10.82,0.76224333,1.109948516,0.956265748,0,3.82
627,40.57,9.76,-1.342135072,2.630319595,0.996283174,0,3.2
628,45.87,11.18,0.741830945,1.226387978,1.005910635,0,3.23
629,35.14,8.28,-0.960483491,1.944142222,1.05279839,0,4.22
630,42.93,10.44,0.726941824,1.192815065,1.232484818,0,3.45
631,38.79,9.36,-1.665181279,2.294136286,1.186207533,0,3.19
632,42.73,10.36,-1.136704087,2.448465586,0.872554958,0,3.07
633,41.44,10.01,0.25181368,0.702810705,1.084464192,0,3.68
634,49.98,12.13,0.530923605,1.030671597,0.893222988,0,2.95
635,45.46,11.05,0.606327832,3.29693675,0.896746099,0,3.37
636,34.54,8.38,-3.396568537,9.493832588,1.223814726,0,3.13
637,47.02,11.36,-0.232206985,0.839747429,0.907756329,0,3.28
638,46.89,11.5,0.135151982,0.99323535,0.72930932,0,3.47
639,49.34,12.12,0.388811529,0.920765281,0.818014383,0,3.05
640,36.83,8.83,-0.737254679,0.887579441,1.009756684,0,4.29
641,44.37,10.79,0.769478858,1.80436945,1.100068927,0,3.4
642,47.9,11.69,0.826235652,1.775637865,0.854256272,0,3.37
643,44.64,10.86,0.831743181,1.619007826,0.969909787,0,3.39
644,43.6,10.53,-0.60028851,1.242464781,0.97050488,0,3.08
645,35.03,8.46,-0.686732411,1.646986127,1.132457852,0,4.11
646,39.17,9.33,-0.684222341,1.171375394,0.878824651,0,4.2
647,42.84,10.38,-0.696927845,1.447723866,0.889116704,0,3.22
648,43.5,10.53,-0.851114929,1.909431338,0.852595091,0,3.1
649,49.52,12.12,0.882956386,2.09290266,0.876364112,0,3.39
650,44.79,10.9,0.64231956,0.774681211,0.819557011,0,3.73
651,35.8,8.33,-0.918799102,2.051734209,0.997687757,0,4.36
652,43.49,10.48,0.270656347,0.482464761,0.776800752,0,4.04
653,38.62,9.49,-0.44083479,2.838420868,1.093213916,0,3.35
654,43.91,10.68,1.153495193,3.508171082,0.974553227,0,3.58
655,48.45,11.81,0.859060049,1.637088418,0.816643417,0,3.89
656,51.22,12.56,0.83590281,2.710425854,0.624454021,0,3.38
657,37.06,8.71,-1.221089482,2.379703283,0.967579842,0,3.44
658,35.44,8.94,-0.964086592,2.367217541,0.786752105,0,4.72
659,43.14,10.39,-0.623129427,1.495324135,0.889740527,0,3.74
660,40.73,9.97,-0.826097727,2.075478315,0.736754894,0,3.2
661,44.97,10.88,0.115738958,0.971170425,0.870919287,0,3.2
662,42.73,10.36,-0.247586504,0.86066252,0.763406038,0,3.35
663,36.51,8.41,0.053475052,0.493858755,1.114707589,0,4.45
664,45.73,11.09,0.463880152,1.11055243,0.791891277,0,3.39
665,50.15,12.23,1.325242043,4.55081749,0.668401778,0,3.14
666,47.35,11.59,2.008437872,3.819147587,0.823059738,0,3.16
667,37.49,9.05,0.595298409,1.303744555,0.824862242,0,4.16
668,37,8.82,0.383852571,0.707162857,0.978356302,0,4.21
669,39.65,9.43,0.108475797,0.67305398,0.768134356,0,4.16
670,50.51,12.17,1.042036295,2.321465254,0.673322737,0,3.1
671,51.06,12.43,0.789658308,2.129622936,0.678581655,0,3.39
672,46.6,11.42,0.982102454,1.897828579,0.959919035,0,2.93
673,39.33,9.24,-0.565972745,4.656534195,0.809763074,0,3.46
674,37.81,8.95,-1.299243927,3.760082245,0.755896568,0,4.16
675,49.79,12.14,0.241755173,1.570505261,0.62156862,0,3.62
676,49.64,12.06,-0.115020856,2.179929972,0.659157336,0,3.74
677,48.86,11.9,0.183916509,1.904186845,0.729525149,0,3.88
678,48.69,11.77,-0.094667494,0.998112202,0.657925129,0,3.5
679,29.94,7.39,-1.484579563,5.61817646,1.105532765,0,4.47
680,45.01,10.9,-0.229806095,0.978076458,0.995221436,0,3.04
681,40.7,9.99,-1.245301604,2.440430164,0.719559193,0,3.19
682,38.27,9.09,0.09776374,0.96651268,0.924069226,0,4.21
683,40.08,9.37,0.158010617,1.132071972,0.915593743,0,4.03
684,42.92,10.34,-0.342000932,0.892422378,0.734322667,0,3.36
685,45.41,11,1.117213249,3.477748632,0.802145183,0,3.59
686,37.62,8.75,0.013838536,3.900277853,0.604361594,0,4.02
687,36.88,8.63,-0.111330226,0.568039417,0.692241728,0,4.25
688,38.18,9.11,0.921976924,1.511368752,0.896451533,0,4.26
689,43.98,10.54,0.212912023,1.353228807,0.870951116,0,3.32
690,44.17,10.7,0.418825537,0.787216783,0.764326096,0,2.69
691,43.56,10.63,0.956003428,1.712271571,0.799864471,0,3.61
692,42.92,10.42,0.432011932,0.849849522,0.860712707,0,3.27
693,41.96,10.01,-0.098415688,0.580411315,0.751171112,0,3.12
694,49.82,12.23,0.78954792,1.270436049,0.64028132,0,3.13
695,42.47,10.33,-0.392187327,1.357023716,0.824553251,0,3.26
696,37.47,8.85,-0.832536757,6.669517994,0.621458709,0,4.18
697,43.78,10.45,-0.854792356,1.686444759,1.123586297,0,3.08
698,39.25,9.41,-1.008469701,2.137142658,0.797504306,0,3.12
699,48.06,11.6,0.940448046,2.122781038,0.75170517,0,3.01
700,48.12,11.63,0.606441557,1.76210916,0.717135727,0,3.12
701,26.01,6.64,-2.439238548,10.09808064,0.992767751,0,4.35
702,43.87,10.55,-0.232407346,0.862745166,0.77832824,0,3.16
703,46.74,11.33,0.416490227,0.88991648,0.678178847,0,3.72
704,43.81,10.47,0.181664854,0.602015913,0.639255166,0,3.93
705,43.12,10.42,-0.119003601,0.673919857,0.728072882,0,3.09
706,50.21,12.16,0.974789977,2.778155804,0.617487669,0,2.96
707,43.51,10.55,0.576971769,1.907031655,0.950639546,0,3.33
708,19.55,4.73,-2.83709693,14.11845875,1.297033668,0,4.47
709,42.89,10.36,0.450646073,1.071276665,0.576898873,0,4.09
710,40.63,9.8,-0.918652594,1.60334444,0.815434933,0,3.48
711,49.53,11.99,1.021956325,3.606463671,0.659316301,0,3.27
712,42.98,10.3,-0.136833876,0.987859905,0.726180673,0,3.09
713,50.48,12.2,0.711257577,1.506619215,0.598704278,0,3.02
714,43.22,10.27,0.317327917,1.751576543,0.70794034,0,3.82
715,49.8,12.21,0.662717164,1.605064869,0.686255872,0,3.11
716,52.01,12.59,0.547620535,1.170909882,0.637044728,0,3.27
717,49.17,11.89,-0.233205467,1.260557175,0.681457758,0,3.19
718,42.41,10.15,-0.754485369,2.764119387,0.659206569,0,4.03
719,41.63,10.11,-2.105681181,5.702272415,0.848559082,0,3.22
720,42.08,10.18,-1.432168365,2.408451796,0.9820593,0,3.2
721,41.94,10.12,-1.418360829,6.076203823,0.691390276,0,3.35
722,36.06,8.19,-1.487115622,14.46043015,0.56753397,0,3.97
723,44.37,10.52,-0.278619021,2.480567694,0.579767406,0,3.6
724,46.41,11.24,-0.048788339,0.359624088,0.5942927,0,3.93
725,9.61,1.81,-7.989451885,48.46953583,1.357866168,0,4.05
726,48.23,11.76,0.692074835,1.387390733,0.588491201,0,3.84
727,41.68,10.09,-0.568709373,1.156300068,0.720243692,0,3.65
728,46.67,11.32,0.870532095,2.781719208,0.61835146,0,3.88
729,43.84,10.57,0.024242599,0.634427309,0.668829858,0,2.99
730,43.29,10.6,0.880705059,2.312407732,0.747221291,0,3.53
731,23.49,5.94,-1.873105884,8.961302757,1.112748146,0,4.21
732,52.55,12.91,1.372907758,4.802574635,0.531565666,0,3.06
733,50.86,12.54,1.17021358,4.583520889,0.602518737,0,3.33
734,41.48,9.88,0.497435689,0.944933593,0.747883499,0,4.16
735,43.98,10.5,0.446790725,0.849832416,0.67045033,0,3.85
736,49.78,12.2,1.333907485,2.908703327,0.695999503,0,3.5
737,48.96,12,0.454880655,1.156638265,0.598430932,0,3.41
738,48.85,11.81,0.088404812,1.722530127,0.566574275,0,3.77
739,41.67,9.87,-0.329553515,6.535757065,0.575391293,0,3.16
740,45.74,11.05,-0.239335179,3.062311649,0.63360703,0,3.86
741,37.76,8.99,-1.517148256,4.942640781,0.797627687,0,4.31
742,53.24,13.05,0.396452188,1.623635769,0.573578179,0,3.15
743,47.88,11.61,-0.293923169,2.724496365,0.560314536,0,3.81
744,50.97,12.4,-0.066112429,1.406992316,0.557154715,0,3.01
745,48.56,11.73,-0.184960514,0.96738869,0.616351962,0,3.08
746,49.92,12.19,0.366607934,0.623620808,0.583311796,0,3.42
747,44.1,10.55,0.082846217,2.49588275,0.660086274,0,3.48
748,38.08,8.97,-1.422645807,4.343077183,0.616026163,0,3.01
749,46.14,11.22,0.858337104,2.236404657,0.778950632,0,3.42
750,51.18,12.52,0.706713736,2.020261526,0.57768786,0,3.07
751,49.34,12.14,0.68580085,3.016871214,0.620395541,0,3.58
752,41.55,10.12,-0.758880258,1.754297733,0.673313439,0,3.01
753,42.5,10.32,-0.663613141,1.098012209,0.682561457,0,3.07
754,45.66,11.02,-0.061585791,0.665618122,0.715027869,0,3.21
755,48.19,11.69,0.501057208,1.158951283,0.585839868,0,3.72
756,34.6,7.82,-1.383240938,5.16768074,0.679179251,0,3.25
757,51.18,12.44,0.599218428,1.125386119,0.617901027,0,3.33
758,42.96,10.35,-0.07155095,0.599378765,0.696362674,0,3.93
759,44.02,10.64,0.053690765,3.336025476,0.703339398,0,3.02
760,45.53,11,-0.043615848,3.534589767,0.57186079,0,3.41
761,34.78,7.81,-1.752659202,14.50892735,0.485643476,0,3.24
762,38.84,9.36,-0.492598146,1.587552547,0.788754702,0,4.13
763,48.67,11.84,0.264653563,1.821828246,0.583608329,0,2.98
764,48.89,11.83,0.434767038,1.343598485,0.674083591,0,3.16
765,42.4,10.33,-0.565681517,1.127141356,0.788758218,0,3.07
766,36.5,8.57,-0.2959674,1.16453743,0.784147978,0,4.33
767,51.82,12.8,1.01005435,3.33620739,0.551095247,0,3.03
768,46.66,11.42,0.547914326,0.992619038,0.525318563,0,3.58
769,40.78,9.96,-0.101780422,0.898018599,0.702388942,0,0.82
770,43.51,10.56,-0.149244756,0.594544351,0.648019433,0,0.76
771,49.82,12.19,0.602968216,2.637041092,0.492130131,0,0.84
772,44.85,10.83,0.647146344,1.843559623,0.598938465,0,0.99
773,46.2,11.1,0.457846284,1.03119123,0.706453919,0,0.87
774,42.94,10.37,-0.095555529,0.610580385,0.679448068,0,0.78
775,45.21,10.89,0.076127753,3.801236153,0.502309024,0,0.76
776,42.11,10.24,-0.404408932,1.099090457,0.645720899,0,0.78
777,45.88,11.05,0.186043471,0.891085088,0.564927578,0,0.87
778,41.54,10.04,-0.429161459,0.879336536,0.727737606,0,0.75
779,45.12,10.85,0.038318709,0.518635631,0.541148722,0,0.96
780,48.79,11.84,0.742956519,1.894615531,0.689277351,0,0.76
781,50.14,12.31,0.758437455,1.781125546,0.57068789,0,0.8
782,46.12,11.15,-0.336693436,1.311163783,0.512497246,0,0.79
783,41.24,10.05,-0.39975509,1.325194478,0.756856978,0,0.78
784,50.16,12.26,0.681414962,1.415189624,0.564382315,0,0.8
785,41.18,9.77,-0.805215478,2.012123108,0.548410594,0,0.78
786,43.3,10.3,0.862445176,1.330198407,0.922654033,0,0.87
787,47.54,11.77,0.316364437,0.99052918,0.530671835,0,0.88
788,50.92,12.34,0.294860721,0.822462857,0.513498843,0,0.76
789,47.31,11.43,-0.261182129,1.220466256,0.497658551,0,0.78
790,47.5,11.47,-0.050718486,0.704293311,0.628283501,0,0.77
791,50.76,12.56,0.080305353,0.812092006,0.464371651,0,0.87
792,41.22,9.88,-0.00275562,0.537177861,0.693239927,0,1.06
793,41.86,10.13,-0.537806869,1.405158401,0.640466809,0,0.76
794,48.83,11.86,0.817179918,1.814430356,0.641340137,0,0.85
795,44.24,10.58,-0.027347373,0.777464211,0.538401067,0,0.9
796,38.43,9.35,0.205644116,2.390394449,1.146078229,0,0.76
797,52.02,12.68,1.165013433,3.922606707,0.621656895,0,0.8
798,45.67,10.94,0.132889941,1.071712971,0.543612003,0,0.81
799,35.11,8,-0.870696664,4.865847588,0.567231536,0,0.92
800,40.73,9.72,0.178757876,0.729711831,0.749649227,0,0.96
801,46.91,11.36,0.260062248,1.636450648,0.698744833,0,0.75
802,43.74,10.46,0.155924857,0.654747903,0.61732161,0,1.05
803,38.74,9.32,0.575052917,6.898475647,0.906735837,0,0.97
804,45.1,10.91,-0.380155504,1.277276158,0.588034153,0,0.8
805,48.93,11.95,0.36497733,0.85386616,0.55394125,0,0.94
806,48.06,11.63,0.08581692,0.849977553,0.483823687,0,0.92
807,48.75,11.77,-0.236478671,1.90809083,0.471953899,0,0.79
808,48.15,11.63,0.060524188,0.807498574,0.580400825,0,0.77
809,51.17,12.59,0.4035303,1.222429752,0.466821283,0,0.75
810,50.81,12.38,0.58164686,1.087612629,0.567222476,0,0.75
811,52.1,12.74,0.533350646,1.27221632,0.481151372,0,0.76
812,41.62,10.02,-0.65661335,0.912745178,1.044066668,0,0.73
813,47.19,11.35,-0.087716535,0.450935096,0.761232913,0,0.77
814,48.7,11.96,-0.173539624,0.463048309,0.452044308,0,0.85
815,49.6,12.02,0.131289527,0.449866384,0.591874301,0,0.75
816,45.64,10.97,-0.489762664,0.978687465,0.662565708,0,0.76
817,47.14,11.36,0.339376986,1.147644401,0.607357025,0,0.9
818,37.8,8.85,-1.03663373,3.49467659,0.584850848,0,0.95
819,45.48,10.95,-0.199306592,0.457656413,0.508973897,0,0.91
820,44.03,10.56,-0.128081292,0.574932873,0.571188331,0,0.9
821,47.97,11.61,-0.203415662,0.828803837,0.488650143,0,0.71
822,35.04,8.04,-1.502615333,9.783273697,0.45334217,0,0.71
823,40.8,9.64,-0.108435906,0.37201041,0.715415061,0,0.95
824,10.07,0.77,-3.866763353,136.0423584,0.411830932,0,0.86
825,47.9,11.61,0.90624249,2.473779202,0.584098697,0,0.72
826,49.62,12,1.028500557,4.455574512,0.55966109,0,0.76
827,44.07,10.66,0.440229505,1.240355253,0.643633544,0,0.72
828,45.75,11.01,0.71423465,1.698579311,0.658191502,0,0.72
829,47.43,11.37,1.368902326,5.035411358,0.632149339,0,0.85
830,40.21,9.58,0.561140895,0.938828051,0.741675615,0,0.93
831,52.06,12.62,0.758118212,3.405483961,0.42083773,0,0.74
832,50.4,12.34,0.587847769,2.003305674,0.416567326,0,0.73
833,49.02,11.82,0.60617888,2.186259747,0.623002708,0,0.72
834,46.47,11.18,0.208234951,0.99780792,0.442820221,0,0.88
835,48.24,11.62,0.438604325,1.280225158,0.52335608,0,0.85
836,43.31,10.32,-0.055765655,1.071047783,0.562873244,0,0.9
837,43.68,10.49,-0.637010872,2.588213205,0.596167684,0,0.73
838,42.82,10.19,-0.461107045,1.942413568,0.505378962,0,0.97
839,49.17,11.86,-0.636625469,4.215196133,0.382522762,0,0.73
840,51.82,12.62,0.174890116,1.253309369,0.394294292,0,0.73
841,48.18,11.62,-0.024112722,1.046042919,0.433976531,0,0.79
842,50.53,12.24,0.282529384,0.776530981,0.471784413,0,0.73
843,50.94,12.5,0.220635489,0.819506705,0.403591752,0,0.72
844,41.31,9.74,-0.166150302,1.156614065,0.562754691,0,0.96
845,45.76,11,0.19714573,1.013974667,0.561459005,0,0.83
846,41.13,9.93,-1.316397905,4.464450359,0.613433838,0,0.72
847,52.11,12.6,0.138714224,0.422358155,0.353272796,0,0.74
848,44.77,10.65,-0.183392882,0.650403976,0.438079745,0,0.9
849,46.02,11.11,-0.157228783,0.480815381,0.382527471,0,0.91
850,42.18,10.21,-1.081420302,4.120778561,0.529160261,0,0.71
851,50.38,12.33,0.430890322,1.379636288,0.425904304,0,0.73
852,40.23,9.55,-0.223624766,0.588493526,0.601027906,0,0.93
853,51.18,12.55,0.583572268,1.432774425,0.409931481,0,0.73
854,51.07,12.31,0.612021148,1.464347601,0.453568429,0,0.75
855,47.63,11.38,0.057709802,0.595264971,0.503664851,0,0.72
856,43.82,10.4,0.227052793,0.532978833,0.477471828,0,0.9
857,45.14,10.77,-0.187642589,1.198116302,0.558101177,0,0.74
858,40.54,9.51,0.055577576,0.427223623,0.595563889,0,0.95
859,49.97,12.19,0.540885389,1.460956812,0.467812032,0,0.73
860,40.19,9.47,-0.185938075,0.754987895,0.501744211,0,0.99
861,47.49,11.51,0.040932611,0.498965651,0.352550119,0,0.85
862,46.27,11.1,0.437931389,1.104580283,0.549794674,0,0.85
863,43.33,10.45,-0.424616873,0.920838296,0.669064522,0,0.73
864,50.08,12.17,0.128327578,0.834647357,0.387961447,0,0.77
865,47.61,11.53,0.417404413,0.810967147,0.494253427,0,0.81
866,51.47,12.45,0.681931913,2.914067507,0.498498023,0,0.72
867,49.3,11.91,0.640654325,2.368616581,0.48658675,0,0.8
868,41.55,10.06,-0.932850838,3.302933931,0.492195398,0,0.71
869,50.23,12.16,0.277672559,0.638704419,0.462585032,0,0.74
870,44.93,10.82,-0.513417363,1.205104589,0.626217067,0,0.71
871,44.17,10.63,-0.400865883,0.849397063,0.709683359,0,0.71
872,52.43,12.72,0.288998365,0.5816679,0.371123612,0,0.71
873,49.2,11.81,0.288598806,1.113562346,0.408734113,0,0.81
874,43.67,10.32,0.417020202,1.176883936,0.607907653,0,0.9
875,44.62,10.75,-0.47423014,1.684674382,0.523997128,0,0.75
876,48.9,11.84,0.45994103,1.163823843,0.558712363,0,0.83
877,50.72,12.19,-0.087806039,0.80432725,0.443266958,0,0.7
878,45.93,10.92,0.130877957,0.937969983,0.539647758,0,0.91
879,44.93,10.77,-0.69295609,1.788971543,0.542067409,0,0.69
880,42.97,10.3,-0.23060672,0.635461867,0.5738765,0,0.88
881,43.13,10.38,-0.543912709,2.068633795,0.497077525,0,0.73
882,45.32,10.84,0.109372176,0.978103817,0.653097749,0,0.72
883,48.05,11.71,0.369115591,0.677009881,0.456320792,0,0.8
884,44.05,10.53,0.228589475,0.372133523,0.585296988,0,0.88
885,49.89,12.14,0.721160114,2.615425348,0.505361617,0,0.73
886,51.04,12.44,0.748322546,2.561731815,0.44550404,0,0.74
887,49.27,11.82,0.614103556,1.378729224,0.53319478,0,0.75
888,48.62,11.68,0.081494451,0.865229011,0.462045074,0,0.72
889,15.86,3.67,-3.841645479,31.51248741,1.152254701,0,0.92
890,37.62,9.36,-0.261426359,2.446700573,0.684056938,0,0.88
891,45.05,10.89,-0.345711619,1.279211283,0.450599164,0,0.72
892,38.86,9.51,-0.269289494,3.536588907,0.901905417,0,0.73
893,42.57,10.09,0.090967692,0.641573787,0.656252205,0,0.89
894,43.61,10.48,0.013958313,0.654595494,0.565094531,0,0.75
895,39.33,9.31,-0.005888723,1.027912617,0.605767846,0,0.93
896,33.39,8.34,-0.606286883,6.054421902,0.842574239,0,0.83
897,41.94,10.09,-0.078442805,0.555887222,0.626798511,0,0.74
898,39.59,9.32,0.209850237,0.66984874,0.613504648,0,0.95
899,42.24,9.89,0.527527452,1.078816533,0.541913271,0,0.93
900,45.86,11.01,1.240637302,3.067277431,0.715400219,0,0.74
901,44.46,10.75,1.017620206,2.215792418,0.564342141,0,0.84
902,39.96,9.35,0.359478742,0.79453975,0.640772402,0,0.96
903,47.56,11.5,1.230528116,2.937001944,0.597212136,0,0.73
904,48.19,11.57,0.915536284,2.174494267,0.530042768,0,0.72
905,42.83,10.29,0.587741315,0.913941145,0.589476705,0,0.94
906,42.63,10.25,0.239812136,0.517052889,0.735171616,0,0.71
907,31.21,7.87,-1.138198137,4.940614223,0.90828532,0,0.89
908,44.53,10.72,0.103528537,0.340989441,0.552080989,0,0.89
909,49.75,11.96,0.338891387,0.782436311,0.52348125,0,0.73
910,42.59,10.09,-0.149919793,0.65936929,0.530826449,0,0.92
911,48.74,11.68,0.492053926,0.754928231,0.716166496,0,0.72
912,43.02,10.34,-1.146303415,4.309530258,0.546764255,0,0.74
913,40.92,9.71,-0.227827251,0.642490268,0.700617135,0,0.91
914,42.05,10.12,-1.26897645,4.116504192,0.639815807,0,0.74
915,34.27,8.18,-0.388065815,1.723384619,0.996098757,0,0.99
916,47.96,11.59,0.546807349,1.430637002,0.592214465,0,0.82
917,46.86,11.35,-0.27561608,0.606013179,0.569619119,0,0.73
918,50.27,12.11,1.085536361,3.45747304,0.693844259,0,0.78
919,44.52,10.69,0.646230161,1.61711359,0.728662133,0,0.88
920,42.65,10.09,0.17330943,0.358170182,0.595094025,0,0.94
921,39.06,9.18,-0.561236024,1.401460767,0.611814559,0,0.97
922,35.65,8.36,-0.894897461,2.359754086,0.838585377,0,1.01
923,51.46,12.4,0.391234666,0.936376214,0.472479403,0,0.8
924,46.94,11.21,0.393455654,0.811321795,0.600306273,0,0.85
925,48.51,11.67,0.311411411,0.622565687,0.651057899,0,0.73
926,49.81,12.02,-0.231593579,2.59214282,0.47819066,0,0.75
927,45.98,10.96,-0.434670448,1.31910646,0.708002508,0,0.73
928,50.68,12.21,0.077783823,0.57815671,0.565413535,0,0.7
929,39.74,9.26,-0.380145669,1.150648832,0.696482301,0,1
930,51.4,12.46,0.394576311,1.001104712,0.501343369,0,0.74
931,47.61,11.42,0.065448806,0.655379236,0.677680612,0,0.75
932,42.9,10.34,-0.960689902,1.952935338,0.70951432,0,1.87
933,42.8,10.28,-0.786116421,1.996749282,0.717684686,0,3.1
934,43.11,10.31,-0.854964316,2.950294733,0.593799055,0,2.72
935,38.4,8.95,0.082510456,0.649315178,0.743016422,0,3.67
936,49.1,11.91,1.005130649,1.995097399,0.674146116,0,2.81
937,40.98,9.71,0.109328136,0.451155663,0.634047806,0,3.44
938,39.86,9.3,0.460956514,1.10316503,0.811659217,0,3.48
939,45.24,10.9,-0.165290758,0.459026486,0.646741867,0,2.69
940,42.84,10.36,-0.440586716,0.55138582,0.804468274,0,2.65
941,49.52,12.09,0.564278185,1.395975828,0.516052544,0,2.8
942,50.27,12.28,0.61621958,1.865278363,0.523085833,0,2.75
943,45.82,11.23,0.766918659,1.610904694,0.695697546,0,3
944,49.12,12,0.547638535,1.103180528,0.517406762,0,2.93
945,43.67,10.42,0.030783635,0.594562352,0.818048298,0,2.36
946,45.66,10.93,0.011260499,0.850851417,0.705842972,0,1.32
947,42.87,10.2,-0.172189236,1.289677262,0.687101603,0,3.42
948,49.06,11.83,0.555691242,1.373167872,0.605990112,0,3.03
949,49.74,12.02,0.642147541,1.237809181,0.64152211,0,2.72
950,46.41,11.17,0.294222564,0.530371308,0.66241008,0,3.26
951,47.69,11.45,-0.119218163,0.755459905,0.582935154,0,2.73
952,46.43,11.19,-0.486307859,1.32360661,0.604589105,0,2.83
953,38.45,9.11,-1.192496181,3.732110262,0.712138832,0,3.59
954,45.86,11.1,-0.132977843,0.510701239,0.706756115,0,2.83
955,49.97,12.18,1.051545858,3.881690264,0.67256695,0,2.72
956,40.46,9.58,-0.606137276,1.606535196,0.600375235,0,3.47
957,47.2,11.43,1.124836445,3.038347244,0.732918262,0,3.09
958,49.07,11.91,0.075968601,0.363905191,0.467766076,0,3.12
959,49.36,11.94,1.66298604,6.084282398,0.835323155,0,2.77
960,33.9,7.52,-1.428848982,13.40586662,0.479166359,0,3.14
961,47.58,11.49,1.103553414,3.968909979,0.768119693,0,2.96
962,40.51,9.72,-1.095375419,2.650543451,0.774796069,0,2.8
963,39.91,9.61,-0.785215855,2.202661276,0.912436128,0,2.71
964,42.45,10.04,-0.106785156,0.389161944,0.669494748,0,3.41
965,51.64,12.6,0.51090008,1.304734111,0.471802354,0,2.8
966,47.67,11.6,1.007244945,2.183235168,0.819678009,0,2.79
967,49.23,11.82,-0.016897062,0.790559232,0.546685159,0,2.81
968,42.72,10.24,-0.705319226,1.58738327,0.732237577,0,2.77
969,45.38,10.83,0.318640649,0.787007153,0.633043528,0,3.13
970,47.25,11.31,0.568812966,1.129807949,0.762120605,0,2.68
971,45.11,10.91,1.23519063,1.705695033,0.933666885,0,2.77
972,42.83,10.31,-0.576716721,1.588984132,0.636226475,0,2.8
973,49.25,11.9,0.847101033,1.555185795,0.686388016,0,2.71
974,40.32,9.74,-0.681245089,1.217569947,0.85273397,0,2.73
975,46.59,11.17,-0.315527469,1.52968204,0.575786769,0,2.7
976,45.34,10.98,-0.611739933,1.449136257,0.592474818,0,2.7
977,44.12,10.52,-0.141587228,0.620499969,0.529624224,0,3.32
978,44.71,10.78,0.002218874,0.622687757,0.716968298,0,2.66
979,43.75,10.47,0.73345542,1.029565215,0.703224897,0,3.28
980,46.6,11.25,0.634669662,1.226490378,0.557768345,0,3.16
981,50.61,12.28,0.814733207,2.156306744,0.595375657,0,2.77
982,40.84,9.89,-0.330746055,0.909153342,0.783800304,0,2.65
983,45.19,10.9,0.351461947,0.957936525,0.813916743,0,2.71
984,45.59,10.9,0.870589137,1.64893651,0.726343334,0,2.73
985,47.47,11.4,0.439245582,1.196910024,0.620251834,0,2.73
986,48.7,11.79,0.558784068,0.915219247,0.586268485,0,3.04
987,50.07,12.13,0.574346304,1.574311495,0.517948627,0,2.84
988,45.43,10.94,0.005608267,0.78172338,0.631590843,0,2.76
989,38.83,9.09,-1.064905763,6.811015606,0.673282802,0,3.18
990,45.31,10.84,0.021218825,0.924021721,0.604106009,0,3.22
991,49.94,12.13,0.29478544,1.179255486,0.581864238,0,2.85
992,39.77,9.6,-0.879383028,1.464249015,0.948374033,0,2.66
993,47.56,11.52,0.594822109,1.133764267,0.767024815,0,3.06
994,43.28,10.28,-0.174438894,0.780001938,0.606451035,0,3.36
995,47.53,11.51,-0.456477165,1.199972391,0.564545274,0,2.73
996,40.99,9.94,-0.990963817,2.066627026,0.762453437,0,2.67
997,42.26,10.21,-0.855140507,1.723748803,0.665625989,0,2.68
998,48.62,11.75,0.608798206,1.044658065,0.65327245,0,3.05
999,50.94,12.44,0.568490505,1.522984982,0.517591357,0,2.76
1000,44.87,10.86,0.448605388,1.137341619,0.689667284,0,3.19
