Episode,TotalReward,Loss,Duration_s,Epsilon
1,28.354516022697833,0.0,0.08,0.995
2,26.36004626686447,0.0,0.18,0.99
3,18.831929434202156,0.0,0.3,0.985
4,27.336484601257308,0.004209576640278101,25.02,0.98
5,26.186127298627277,0.00564883416518569,36.66,0.975
6,9.56113848272939,0.0038512549363076687,36.73,0.97
7,18.4713036542582,0.0027666203677654266,36.81,0.966
8,17.96900178945634,0.006742278579622507,36.89,0.961
9,16.727169421487602,0.00304997805505991,36.54,0.956
10,11.060438593393132,0.0024546768981963396,40.01,0.951
11,14.46141102163829,0.002902745036408305,47.67,0.946
12,23.604452449906994,0.0035337465815246105,43.59,0.942
13,35.05364395705303,0.006273234263062477,43.09,0.937
14,16.229731169503903,0.003255493240430951,43.17,0.932
15,31.828415860234035,0.019674081355333328,42.93,0.928
16,30.160551906006436,0.002887256210669875,43.11,0.923
17,27.21525835275837,0.0013368456857278943,43.57,0.918
18,30.939013385604316,0.002844090573489666,42.86,0.914
19,15.027607956017041,0.0030165747739374638,43.45,0.909
20,28.794254020390387,0.013018999248743057,58.79,0.905
21,30.958050787596218,0.0038087964057922363,68.28,0.9
22,32.74357591062136,0.010933863930404186,71.8,0.896
23,30.791074203574208,0.00695392768830061,63.92,0.891
24,21.11601092510182,0.003652166575193405,58.84,0.887
25,27.223964293282442,0.0024077307898551226,66.24,0.882
26,24.161777448141095,0.0019375025294721127,65.21,0.878
27,20.87717619081257,0.0017953059868887067,63.66,0.873
28,15.45828889124344,0.0019303164444863796,66.4,0.869
29,20.548691754373557,0.002116376766934991,65.82,0.865
30,25.124447269901818,0.00395915936678648,66.17,0.86
31,31.026429210520096,0.006031292024999857,66.91,0.856
32,15.796828424101156,0.0038105344865471125,65.64,0.852
33,32.855084940312224,0.0047392938286066055,75.92,0.848
34,18.562610663747037,0.0032416272442787886,73.39,0.843
35,23.634511490193287,0.001980847679078579,67.33,0.839
36,13.011222952132034,0.002963140606880188,80.0,0.835
37,26.87872254008617,0.0033451439812779427,71.32,0.831
38,23.099925831744,0.003680090419948101,70.52,0.827
39,10.03057645216736,0.002504101488739252,71.87,0.822
40,16.891953627180907,0.004391568712890148,65.8,0.818
41,14.36206205410751,0.007985834963619709,70.25,0.814
42,24.333553777871952,0.0014654678525403142,71.01,0.81
43,29.44281862918224,0.003313555149361491,68.72,0.806
44,22.099409302818408,0.003121433313935995,72.86,0.802
45,25.48605666219304,0.001687346724793315,70.68,0.798
46,33.70377257422713,0.0035788756795227528,72.87,0.794
47,31.714195863059498,0.003014273475855589,69.22,0.79
48,32.63701614042526,0.0023756481241434813,78.37,0.786
49,11.752027559982102,0.0049418858252465725,75.43,0.782
50,23.087559746650633,0.0026194569654762745,77.99,0.778
51,27.14381254267619,0.0024831928312778473,77.47,0.774
52,16.032266723175816,0.0014695036225020885,74.38,0.771
53,29.377507299098205,0.0035344776697456837,70.51,0.767
54,27.79058769513316,0.0030729263089597225,71.87,0.763
55,29.62218690400509,0.005325286649167538,72.14,0.759
56,24.93591627227989,0.0022898304741829634,71.2,0.755
57,30.498687045277975,0.004385695327073336,70.47,0.751
58,29.778575675166593,0.0027550954837352037,67.4,0.748
59,11.363598396552932,0.0021252224687486887,73.81,0.744
60,18.974235360598993,0.0027094404213130474,72.43,0.74
61,33.02781103576557,0.007519678212702274,69.99,0.737
62,15.622886499022862,0.0035625463351607323,42.61,0.733
63,27.16620105483741,0.009366239421069622,37.69,0.729
64,11.493766334675442,0.001830817898735404,36.87,0.726
65,30.9956735184008,0.0034964701626449823,38.28,0.722
66,9.437150055331884,0.0025156321935355663,38.94,0.718
67,24.815926455699184,0.0019596335478127003,38.75,0.715
68,23.938446528219256,0.0041112410835921764,48.08,0.711
69,34.16781833486379,0.005404791794717312,48.1,0.708
70,17.908190294553943,0.0019949274137616158,45.1,0.704
71,26.039264733582932,0.0019426551880314946,45.46,0.701
72,15.160192248828622,0.0025033685378730297,45.4,0.697
73,20.63263668150032,0.0010930956341326237,45.68,0.694
74,20.175629841538953,0.0016224030405282974,45.53,0.69
75,32.76717819217818,0.002127840183675289,45.61,0.687
76,25.492375679875686,0.002289100084453821,45.78,0.683
77,30.197172188081257,0.00381785468198359,45.53,0.68
78,24.815998563725856,0.0020250827074050903,45.72,0.676
79,29.834692201737678,0.0009926072089001536,45.6,0.673
80,21.70404982223165,0.003926340024918318,45.91,0.67
81,11.96621194462104,0.0014804783277213573,46.48,0.666
82,26.98669474464932,0.00263637094758451,45.75,0.663
83,31.066964516964493,0.001159984851256013,46.07,0.66
84,28.493140319276684,0.001317342626862228,45.92,0.656
85,17.792589060770883,0.00255224434658885,45.94,0.653
86,21.67013138376777,0.00261877803131938,46.19,0.65
87,32.23321707753524,0.004526722244918346,45.74,0.647
88,21.674481410845047,0.0057439859956502914,50.39,0.643
89,30.9242759765487,0.0008334810845553875,46.19,0.64
90,18.729101622283434,0.0023476395290344954,46.31,0.637
91,27.413082750582756,0.0046186503022909164,46.72,0.634
92,33.50264974924065,0.002230325248092413,46.3,0.631
93,12.879486296531743,0.002273993333801627,47.02,0.627
94,10.503706352569992,0.001616359455510974,46.67,0.624
95,9.263739963739969,0.004018449690192938,47.24,0.621
96,26.74184384638931,0.0011019173543900251,46.43,0.618
97,18.392530491394123,0.00206413259729743,47.61,0.615
98,6.880386616750246,0.0010376020800322294,46.87,0.612
99,30.47872460031552,0.003139733336865902,46.8,0.609
100,5.2866556002919545,0.00207994575612247,46.59,0.606
101,25.717949012267205,0.0066141411662101746,47.06,0.603
102,12.96423500741682,0.004141529556363821,47.06,0.6
103,18.992840997386445,0.0017153084045276046,47.25,0.597
104,29.13724011678557,0.0051155234687030315,46.83,0.594
105,12.93296219773492,0.001126060844399035,47.58,0.591
106,18.368368121777205,0.002123543992638588,46.94,0.588
107,33.721871100280204,0.0034006177447736263,47.12,0.585
108,14.721888170751798,0.0023351390846073627,47.76,0.582
109,26.688697581879367,0.0028852219693362713,47.64,0.579
110,21.279113100704016,0.002994928043335676,47.5,0.576
111,21.24085346471711,0.0027463575825095177,47.57,0.573
112,28.55706629229356,0.0024941491428762674,49.7,0.57
113,-2.348981952391036,0.0022290898486971855,48.57,0.568
114,27.47329089260909,0.002161224139854312,47.59,0.565
115,33.92520543429635,0.0028286403976380825,48.22,0.562
116,30.398844505662705,0.008666902780532837,47.78,0.559
117,14.83255721551175,0.002828456461429596,48.16,0.556
118,21.195216441807343,0.0032110000029206276,48.11,0.554
119,15.365443773398308,0.003165892092511058,48.3,0.551
120,22.71816445339171,0.0032053550239652395,47.98,0.548
121,30.51128093287185,0.0020206666085869074,48.96,0.545
122,21.4918008758918,0.002930297516286373,48.43,0.543
123,26.46368257163711,0.0011590393260121346,48.36,0.54
124,31.741121588848845,0.0018644905649125576,48.07,0.537
125,11.875798191707279,0.0022066973615437746,48.38,0.534
126,13.496332791787331,0.004041012842208147,49.22,0.532
127,33.564852193261274,0.00038850452983751893,49.19,0.529
128,15.81263332626968,0.0015436699613928795,48.89,0.526
129,22.25309829059829,0.0009105135686695576,49.25,0.524
130,30.363519813519822,0.0020988890901207924,48.63,0.521
131,17.0935038025947,0.0021082605235278606,49.51,0.519
132,28.386686798050434,0.0021745541598647833,49.21,0.516
133,33.6170351533988,0.0020062425173819065,49.28,0.513
134,18.445697652515825,0.000790935882832855,49.94,0.511
135,31.21293117656754,0.0011971500935032964,49.39,0.508
136,22.187150643968845,0.0012078920844942331,49.71,0.506
137,29.994219585128675,0.004073792137205601,49.6,0.503
138,19.133271820771814,0.0010619426611810923,50.09,0.501
139,21.43197887970616,0.00216198549605906,50.05,0.498
140,30.936344211344228,0.009705242700874805,50.17,0.496
141,29.243380483153228,0.00212879222817719,49.88,0.493
142,27.772438546302194,0.0018149272073060274,49.92,0.491
143,33.45075787007607,0.0008869059383869171,50.15,0.488
144,30.019150714605257,0.0022566711995750666,50.65,0.486
145,18.026049539685893,0.0014130687341094017,50.51,0.483
146,15.85197163947163,0.0008755860035307705,51.06,0.481
147,21.617757705257695,0.008141431957483292,51.29,0.479
148,18.488539532857725,0.0014791374560445547,50.96,0.476
149,19.236828953874394,0.0015024784952402115,51.16,0.474
150,32.56097631324904,0.002035765442997217,50.7,0.471
151,26.670411280638536,0.0010972620220854878,51.01,0.469
152,17.429002436956978,0.001185135217383504,51.85,0.467
153,18.88339572885026,0.002752760425209999,51.53,0.464
154,26.556210119846465,0.0006522217881865799,51.32,0.462
155,24.559090320453965,0.004568810574710369,51.17,0.46
156,30.942308280944637,0.0022354384418576956,51.45,0.458
157,27.641544230180575,0.00801754929125309,51.8,0.455
158,11.796351333851339,0.001755814882926643,51.75,0.453
159,17.97329295283841,0.0016263402067124844,52.19,0.451
160,17.210623425396157,0.0006402380531653762,52.04,0.448
161,18.21143044665771,0.0017775336746126413,56.23,0.446
162,24.287429069247235,0.0006746127037331462,53.23,0.444
163,27.058626180217082,0.000760252121835947,52.48,0.442
164,25.82686303595393,0.0022667916491627693,53.26,0.44
165,24.916509500600394,0.0008954881341196597,52.66,0.437
166,28.150528007346182,0.007370717823505402,53.05,0.435
167,27.391442690306317,0.0005511099006980658,52.48,0.433
168,23.32650161286526,0.0024775699712336063,52.95,0.431
169,20.941762025852963,0.0012648762203752995,53.3,0.429
170,35.80426173153445,0.0009092092514038086,53.38,0.427
171,37.43089019566292,0.0029700021259486675,52.37,0.424
172,10.798466012102365,0.0007728406344540417,53.78,0.422
173,24.426197876197865,0.0029472645837813616,52.69,0.42
174,21.428246627110266,0.002163844183087349,52.79,0.418
175,12.69923506628053,0.0029337068554013968,52.84,0.416
176,30.442282675237234,0.0006299190572462976,52.76,0.414
177,15.517280909326361,0.002390677807852626,53.23,0.412
178,27.415159756068846,0.0012393241049721837,52.96,0.41
179,26.615961479597868,0.0010048607364296913,53.09,0.408
180,14.949733641779087,0.004151251167058945,52.82,0.406
181,27.49487620964893,0.0006577980238944292,52.66,0.404
182,27.090879364743,0.001095443731173873,52.61,0.402
183,23.5056350215441,0.00116198870819062,52.84,0.4
184,25.935476266158076,0.0008523346041329205,52.76,0.398
185,28.937909691318794,0.0032272993121296167,53.13,0.396
186,20.83047667820396,0.0010746977059170604,53.05,0.394
187,38.174778378187455,0.0006989901885390282,52.88,0.392
188,31.65001824774553,0.016441255807876587,52.58,0.39
189,21.833684749593818,0.002736832946538925,52.73,0.388
190,22.643533823079277,0.0012610112316906452,53.18,0.386
191,31.716310541310552,0.002769865794107318,52.78,0.384
192,22.954712038802935,0.0015434869565069675,53.47,0.382
193,34.421576193167084,0.008290590718388557,52.84,0.38
194,24.92225077111442,0.002280657412484288,53.15,0.378
195,28.234731640413482,0.0010459645418450236,52.92,0.376
196,33.53377598832144,0.001157792517915368,52.74,0.374
197,24.182712615667164,0.0005581683944910765,54.01,0.373
198,33.41013515104423,0.0015565071953460574,53.07,0.371
199,31.478714887805815,0.0009353149216622114,53.22,0.369
200,33.293595335640724,0.00045352557208389044,52.68,0.367
201,33.48551629347083,0.0038853902369737625,52.61,0.365
202,30.14725842339479,0.007416756357997656,52.89,0.363
203,33.53042193496741,0.0028489860706031322,53.1,0.361
204,32.8633288008288,0.0019919942133128643,52.94,0.36
205,27.361828070918985,0.0003398822736926377,53.72,0.358
206,31.8607279084552,0.0010729496134445071,52.97,0.356
207,38.71547614843066,0.0012962715700268745,53.01,0.354
208,30.01969932424477,0.0007235007942654192,52.85,0.353
209,29.321867274140004,0.0025386090856045485,52.82,0.351
210,26.43073332391515,0.0010208627209067345,53.47,0.349
211,33.17303983894893,0.0004772873653564602,53.26,0.347
212,38.05187274846365,0.0013068547705188394,53.67,0.346
213,31.13813631654543,0.022718945518136024,53.46,0.344
214,25.14200572155118,0.002087781671434641,52.75,0.342
215,25.59355766287586,0.0004297386039979756,53.85,0.34
216,29.35551876574604,0.0018917752895504236,52.9,0.339
217,36.697342009842025,0.0011167805641889572,53.08,0.337
218,18.25521326316782,0.007067208178341389,53.12,0.335
219,21.099111452520553,0.0007991723832674325,52.87,0.334
220,33.25259088554543,0.001841391553170979,52.59,0.332
221,39.11931553295193,0.0006197505281306803,52.59,0.33
222,20.145495455722727,0.0008997318800538778,53.48,0.329
223,23.65711868098231,0.0013086785329505801,52.39,0.327
224,23.12764209696027,0.0004918506601825356,52.7,0.325
225,27.94190035553672,0.0013794164406135678,53.21,0.324
226,32.21410727319819,0.00033136497950181365,52.71,0.322
227,17.828507098961655,0.0008878563530743122,52.85,0.321
228,29.46039621153258,0.00042556787957437336,52.94,0.319
229,37.31116997480631,0.001178278704173863,57.25,0.317
230,21.764858079630816,0.002775095868855715,53.59,0.316
231,15.193973829201111,0.0010945291724056005,53.22,0.314
232,28.330588519224886,0.007178625091910362,53.95,0.313
233,22.77757322643686,0.0016737044788897038,52.99,0.311
234,37.77895387440841,0.0004010012489743531,53.05,0.309
235,31.44695586400131,0.0009897035779431462,52.99,0.308
236,22.660976018930572,0.002033813623711467,53.18,0.306
237,32.301777977914355,0.003072173334658146,53.09,0.305
238,26.08435285253468,0.010390875861048698,53.1,0.303
239,25.903231322549516,0.0009909211657941341,78.85,0.302
240,35.59855342468978,0.001302033313550055,93.12,0.3
241,29.309555049327777,0.0005895607173442841,102.79,0.299
242,24.860339408066682,0.0007290724315680563,99.29,0.297
243,34.84215552965553,0.0005019282107241452,80.0,0.296
244,32.29166607802972,0.001193300704471767,81.8,0.294
245,27.94835211085213,0.000790107122156769,88.86,0.293
246,27.5448717948718,0.0009757431107573211,84.36,0.291
247,25.43830760989853,0.0027731789741665125,80.4,0.29
248,29.64522291681383,0.0006637305486947298,83.27,0.288
249,25.138513338513345,0.002509606536477804,77.79,0.287
250,32.259489416307616,0.00038275751285254955,101.29,0.286
251,26.717954309999765,0.0031903868075460196,167.44,0.284
252,26.83083810129262,0.0011475181672722101,180.47,0.283
253,25.206804348849797,0.0009274092735722661,172.08,0.281
254,23.921125297261657,0.001977981301024556,99.41,0.28
255,33.88508364531094,0.00029924913542345166,46.99,0.279
256,20.24052765416401,0.0005378809291869402,46.65,0.277
257,35.22674442560805,0.0007238228572532535,45.98,0.276
258,25.079392114619388,0.003009507432579994,46.42,0.274
259,-6.3841050363777585,0.0015857394319027662,48.27,0.273
260,23.14952555861647,0.0049554891884326935,53.22,0.272
261,37.8763379717925,0.0007480108179152012,53.22,0.27
262,33.584375220738835,0.0006977504817768931,52.47,0.269
263,30.915235984554215,0.0006145560182631016,52.83,0.268
264,29.297174542629083,0.001342801027931273,53.17,0.266
265,29.521767205858136,0.0003178222686983645,53.16,0.265
266,30.07609192154646,0.00044395594159141183,53.24,0.264
267,31.795530479621387,0.05462629720568657,53.21,0.262
268,27.961592910456538,0.003239019075408578,59.24,0.261
269,33.523283828965646,0.003111890982836485,87.19,0.26
270,38.75750894728168,0.0015150562394410372,77.25,0.258
271,35.75989498716771,0.0006337379454635084,83.38,0.257
272,36.02750082409173,0.0015499250730499625,80.19,0.256
273,38.078098584916766,0.00037284306017681956,106.3,0.255
274,32.829307056579786,0.022538039833307266,112.07,0.253
275,29.604187268959997,0.003033196087926626,84.7,0.252
276,-0.40277071413435034,0.0017802270594984293,88.27,0.251
277,21.92430452544089,0.0014099449617788196,63.55,0.249
278,20.55133885474798,0.0024578312877565622,43.33,0.248
279,29.343615937934125,0.00034942856291309,45.91,0.247
280,22.143138553365798,0.0018718901555985212,45.58,0.246
281,35.02791846200937,0.0019585166592150927,46.07,0.245
282,33.44540568858753,0.001910512801259756,47.59,0.243
283,21.38497268724541,0.0026235668919980526,53.39,0.242
284,18.01154846836665,0.0161602646112442,52.49,0.241
285,30.99385992795085,0.0003800728009082377,53.86,0.24
286,25.808552306279605,0.011479347012937069,52.88,0.238
287,36.588895069576886,0.001825578510761261,52.44,0.237
288,32.053412917049265,0.0013828477822244167,53.18,0.236
289,25.339494007675814,0.0003080427413806319,53.52,0.235
290,28.99806220715313,0.0005319835036061704,52.91,0.234
291,21.28823461891644,0.04933479055762291,53.55,0.233
292,2.8797355842810384,0.0008327575633302331,52.99,0.231
293,25.7234483529938,0.0018702493980526924,53.33,0.23
294,29.76301034823761,0.0016933877486735582,53.16,0.229
295,31.871143250688736,0.0010922916699200869,53.09,0.228
296,30.677798085752638,0.0025876457802951336,52.75,0.227
297,24.046454345317983,0.0011884996201843023,52.89,0.226
298,27.53507393280121,0.0012146662920713425,52.83,0.225
299,28.88837589178495,0.0008348255068995059,52.74,0.223
300,32.90327458736549,0.0027086143381893635,53.15,0.222
301,33.83932300864116,0.0014494947390630841,53.12,0.221
302,24.793316027406938,0.0011618963908404112,52.94,0.22
303,28.702961138188407,0.0008811302832327783,52.76,0.219
304,26.5849350144805,0.00892468262463808,53.01,0.218
305,33.42920522238703,0.002618207363411784,53.0,0.217
306,21.44351469237832,0.004835879895836115,53.27,0.216
307,27.175161286524954,0.001927998848259449,52.91,0.215
308,25.947517423653796,0.00045548685011453927,53.49,0.214
309,24.780315097360557,0.00042926217429339886,52.6,0.212
310,32.173579913352626,0.002146520186215639,53.11,0.211
311,35.36752431070614,0.000409917498473078,54.01,0.21
312,28.399954380636192,0.001267283339984715,53.11,0.209
313,30.2672841468296,0.0015403421130031347,52.96,0.208
314,20.719413246685964,0.0008549991762265563,53.52,0.207
315,18.44693055261237,0.0005719243781641126,53.24,0.206
316,33.573096053777874,0.00034501319169066846,53.23,0.205
317,34.10037643333097,0.0003628206322900951,53.17,0.204
318,34.87071884344611,0.0009914339752867818,52.86,0.203
319,26.81485749099385,0.001120943808928132,53.19,0.202
320,30.505687704551338,0.0014931804034858942,52.93,0.201
321,25.438496268041735,0.0006318417144939303,53.07,0.2
322,30.328357879494245,0.0006772583583369851,53.09,0.199
323,30.8151927197382,0.0005896671209484339,53.22,0.198
324,36.27100050622781,0.0006948069203644991,52.76,0.197
325,35.38756445574629,0.0008863843977451324,53.22,0.196
326,30.20628929151658,0.0007727026240900159,53.12,0.195
327,39.56256475006475,0.0007564254919998348,53.32,0.194
328,26.382701725883525,0.0008525142329744995,53.32,0.193
329,30.007170775352584,0.0003203891683369875,52.93,0.192
330,39.73624178851448,0.010585105046629906,53.21,0.191
331,28.571824892279444,0.0014389751013368368,52.86,0.19
332,34.43484789621154,0.0005099857226014137,53.67,0.189
333,36.60778442937536,0.0010118776699528098,123.34,0.188
334,27.721561477243288,0.000530988909304142,146.7,0.187
335,35.31421970285606,0.0004036475729662925,140.29,0.187
336,23.85397624261263,0.000725496734958142,144.92,0.186
337,35.37831343740436,0.002403705846518278,168.3,0.185
338,38.0602543500271,0.0008860951056703925,145.75,0.184
339,38.224112041157504,0.001854466157965362,144.32,0.183
340,22.417723564314485,0.0013078766642138362,146.47,0.182
341,28.220359186268276,0.00042069918708875775,142.69,0.181
342,34.527543500270774,0.0009478558786213398,141.4,0.18
343,31.020102834875555,0.014861864037811756,141.25,0.179
344,36.1501565774293,0.023821650072932243,141.05,0.178
345,35.96011749193565,0.0019417074508965015,140.51,0.177
346,20.41199965859058,0.00047147844452410936,141.64,0.177
347,38.52588413270232,0.0009089263621717691,140.89,0.176
348,33.915955004591325,0.0016846845392137766,140.37,0.175
349,30.68020207906572,0.0010889358818531036,141.79,0.174
350,26.1018648018648,0.0004499531933106482,142.43,0.173
351,33.932537790492326,0.0005595096154138446,154.66,0.172
352,20.142831284876745,0.0007958114147186279,136.83,0.171
353,29.48705145864237,0.0010535973124206066,143.91,0.17
354,28.18007611075791,0.0005396321648731828,140.88,0.17
355,31.810007122507102,0.00031881476752460003,119.54,0.169
356,30.47970791834427,0.0006184751400724053,55.89,0.168
357,21.356698982835336,0.0002914602810051292,129.01,0.167
358,36.689041640178026,0.00022709315817337483,143.34,0.166
359,31.800680464316837,0.001682392554357648,143.86,0.165
360,36.11334410538957,0.0005809392314404249,153.49,0.165
361,38.29177556450288,0.00048381619853898883,146.31,0.164
362,32.59873943396669,0.0006331803742796183,147.57,0.163
363,37.43802771302768,0.0003203468513675034,146.71,0.162
364,37.09239363330273,0.01673671416938305,148.07,0.161
365,34.238522168067604,0.0008101970888674259,153.48,0.16
366,24.109742530197078,0.0012676646001636982,153.09,0.16
367,39.08888300251937,0.002043304964900017,146.42,0.159
368,39.09937163005344,0.00037570460699498653,146.74,0.158
369,37.52921405194131,0.00020169021445326507,148.36,0.157
370,26.642640860822667,0.0012716397177428007,144.99,0.157
371,27.806671611217094,0.0022857333533465862,150.36,0.156
372,42.051037766946884,0.00046256359200924635,142.19,0.155
373,31.002005486096397,0.0007398828165605664,148.56,0.154
374,36.62575816439455,0.0019104829989373684,146.41,0.153
375,23.743634185679632,0.0008082009153440595,148.92,0.153
376,35.1778166278166,0.0003250565205235034,139.12,0.152
377,26.047457088366198,0.0007168995216488838,98.88,0.151
378,38.9694968331332,0.0005867491709068418,96.71,0.15
379,27.443094111275943,0.0004979569930583239,86.63,0.15
380,31.949988815897918,0.00059453712310642,89.96,0.149
381,27.568711885757338,0.0003692865720950067,80.1,0.148
382,27.0977655341292,0.010403763502836227,77.37,0.147
383,36.82279437733979,0.002108012093231082,77.09,0.147
384,40.83045813613996,0.001194631215184927,76.41,0.146
385,32.9553071507617,0.0034285555593669415,88.1,0.145
386,36.46033028419393,0.0009616276947781444,80.35,0.144
387,31.167611723293536,0.0006476097623817623,76.65,0.144
388,31.870152574698032,0.0005700676701962948,75.95,0.143
389,38.71480804548984,0.0005803576204925776,78.53,0.142
390,35.41651774151772,0.00028119608759880066,81.19,0.142
391,43.40104689081963,0.00043035339331254363,85.19,0.141
392,34.25478296955571,0.000366620923159644,77.96,0.14
393,27.14298933389843,0.00025644892593845725,81.56,0.139
394,24.846057015375216,0.0003403626033104956,78.57,0.139
395,35.19146388123659,0.00060370157007128,86.06,0.138
396,28.799707741753185,0.0007815875578671694,82.87,0.137
397,35.726717348308235,0.000323016254696995,82.72,0.137
398,31.966837960019767,0.0006375655066221952,85.29,0.136
399,36.164368039368064,0.010697651654481888,84.1,0.135
400,32.655946704810326,0.00025941699277609587,79.54,0.135
401,33.70037937651574,0.0004168648738414049,77.51,0.134
402,37.33858103176289,0.0005420174566097558,82.87,0.133
403,30.984123578441785,0.0003616485628299415,82.76,0.133
404,32.595229980457255,0.00026962891570292413,86.87,0.132
405,30.495887487932944,0.000247939518885687,81.98,0.131
406,25.478019118928202,0.0022183831315487623,84.81,0.131
407,24.51595029549575,0.0006838277913630009,84.61,0.13
408,23.520100774646217,0.0001856382586993277,97.04,0.129
409,43.45241694332606,0.002994043054059148,82.82,0.129
410,38.36452579407127,0.0008367251721210778,90.71,0.128
411,30.983711826893646,0.0008850581361912191,86.97,0.127
412,36.560646087918826,0.0018188573885709047,80.45,0.127
413,41.674780144098335,0.0017173286760225892,83.61,0.126
414,26.484530915212737,0.0012303029652684927,93.46,0.126
415,38.44220762402578,0.0006696851341985166,84.65,0.125
416,40.016483011937524,0.0005221444298513234,49.05,0.124
417,25.91398630830452,0.0021478852722793818,48.18,0.124
418,37.953223670269125,0.0029521770775318146,47.94,0.123
419,28.784190094417365,0.0010589268058538437,47.28,0.122
420,42.18141319959502,0.0002378413046244532,46.82,0.122
421,37.493300428527704,0.0002907007001340389,53.01,0.121
422,38.47667643804008,0.0014211148954927921,55.0,0.121
423,29.51908508158507,0.0006167946266941726,55.07,0.12
424,27.63265492924585,0.004274704493582249,54.88,0.119
425,38.942668526759434,0.0007215265068225563,54.96,0.119
426,41.56274222410586,0.042613688856363297,54.53,0.118
427,25.956008511690335,0.0029674479737877846,55.1,0.118
428,41.74323361823362,0.00010446015221532434,54.36,0.117
429,36.20462904099267,0.0020399396307766438,54.68,0.116
430,26.233875467966385,0.0001353290572296828,54.83,0.116
431,32.767265310447115,0.0001868689723778516,54.95,0.115
432,39.33793323679691,0.0005218167789280415,54.26,0.115
433,34.44047938593397,0.00042767985723912716,54.68,0.114
434,42.21253973299423,0.0008017634390853345,55.05,0.114
435,31.81371730121729,0.0005081099225208163,55.52,0.113
436,28.868948812130636,0.0018111581448465586,55.05,0.112
437,27.752325704598416,0.02873973362147808,55.21,0.112
438,38.91234695439242,0.0002468230959493667,54.95,0.111
439,41.16670227920228,0.0015602981438860297,54.54,0.111
440,38.25999740999742,0.0006977483863011003,54.95,0.11
441,34.86683148501327,0.0021090134978294373,54.7,0.11
442,32.535878010878015,0.0017682784236967564,54.51,0.109
443,37.50726731181277,0.0018064262112602592,54.7,0.109
444,25.12438016528925,0.022198164835572243,55.15,0.108
445,32.58962144757598,0.0017048093723133206,54.67,0.107
446,28.973829789738897,0.0002975699317175895,54.83,0.107
447,29.798938098938105,0.011652431450784206,55.92,0.106
448,35.33997875020602,0.0007229710463434458,54.78,0.106
449,35.83267258835439,0.003126210533082485,54.59,0.105
450,25.735070695297956,0.0014746084343641996,55.2,0.105
451,39.227681829954534,0.0004226825840305537,58.97,0.104
452,33.296408431635705,0.0005147124174982309,54.78,0.104
453,39.33755268300723,0.0004674961674027145,54.72,0.103
454,34.75642673824492,0.0017066358122974634,55.52,0.103
455,34.9299274799275,0.0012843331787735224,54.75,0.102
456,31.48188822961551,0.00019843547488562763,55.03,0.102
457,37.201952803089185,0.000509108416736126,54.57,0.101
458,44.029108097289935,0.0002277953753946349,54.35,0.101
459,28.236221774858144,0.0007267368491739035,54.68,0.1
460,32.28658996727178,0.0005057792877778411,54.63,0.1
461,33.076565479974576,0.0008636160637252033,54.13,0.099
462,30.642496350450894,0.028346307575702667,54.72,0.099
463,39.715748687339556,0.001817825948819518,54.72,0.098
464,40.06465323397145,0.0005605510668829083,54.44,0.098
465,38.05692707965433,0.0002544086892157793,54.26,0.097
466,38.416959513550445,0.0009627531399019063,53.03,0.097
467,33.93153239857784,0.0002704837534110993,47.45,0.096
468,27.58714711214712,0.0015178431058302522,47.75,0.096
469,37.638371477007844,0.0009973421692848206,47.02,0.095
470,35.38041251677617,0.0023568542674183846,47.15,0.095
471,30.436804231122427,0.001807400374673307,49.74,0.094
472,32.8802318052318,0.0003056884743273258,54.98,0.094
473,34.147649866968024,0.00031733859214000404,55.18,0.093
474,36.12069912410822,0.002525093499571085,54.94,0.093
475,39.017753290480584,0.0005843959515914321,54.45,0.092
476,39.36391066845609,0.0004858491593040526,54.81,0.092
477,36.84192802147349,0.002061267849057913,54.25,0.092
478,37.9329392408938,0.058938901871442795,54.3,0.091
479,28.979865673047474,0.00485495338216424,55.05,0.091
480,42.30541545996091,0.00021208524412941188,55.09,0.09
481,26.383899896399896,0.0015546168433502316,55.23,0.09
482,26.82998251748254,0.00023267905635293573,54.53,0.089
483,27.69504014504013,0.0012357275700196624,54.8,0.089
484,30.921004038049514,0.0003509232774376869,54.83,0.088
485,31.023225259588877,0.0016837227158248425,55.19,0.088
486,41.89424195333284,0.0007400573813356459,54.42,0.088
487,38.070328577146746,0.0003246293927077204,54.7,0.087
488,36.72655635610179,0.00038167284219525754,54.99,0.087
489,32.501059546514085,0.0002516040694899857,54.66,0.086
490,36.158916083916104,0.0013820081949234009,54.33,0.086
491,40.26361899884624,0.0005161535809747875,54.37,0.085
492,35.43528083868995,0.0014093583449721336,54.12,0.085
493,41.2895549316004,0.0005311815766617656,54.79,0.084
494,39.342009842009865,0.0001949711295310408,54.1,0.084
495,30.891029172847357,0.00020671298261731863,54.57,0.084
496,26.201920722375252,0.0014188269851729274,54.86,0.083
497,25.833574674483756,0.013740849681198597,54.91,0.083
498,44.39637576228487,0.001515412237495184,54.67,0.082
499,32.33423483082573,0.00020322765340097249,54.65,0.082
500,28.534932071295696,0.00035847400431521237,54.98,0.082
501,38.278625120670576,0.0005539831472560763,54.74,0.081
502,35.33078836147018,0.0009351422777399421,54.72,0.081
503,22.505344234889677,0.03476211801171303,54.81,0.08
504,29.065213027713046,0.0001877955364761874,54.91,0.08
505,31.90325633961997,0.0015138945309445262,55.08,0.08
506,42.831732240823165,0.0012180827325209975,53.96,0.079
507,35.53295719432083,0.00028685646248050034,54.46,0.079
508,40.8576728826729,0.0025517563335597515,53.99,0.078
509,24.56373319441501,0.00027445334126241505,54.66,0.078
510,31.501581373172275,0.00035068130819126964,54.22,0.078
511,40.53978597160415,0.00030487371259368956,54.16,0.077
512,40.88554513668153,0.0004590502649080008,54.52,0.077
513,36.67863571613574,0.00045283653889782727,54.2,0.076
514,35.678049433731246,0.0005706837400794029,54.07,0.076
515,37.52857214334488,0.0024720907676965,54.38,0.076
516,34.7565294553931,0.00018154001736547798,54.57,0.075
517,32.3496715405806,0.001521129161119461,54.82,0.075
518,29.680692707965438,0.0001298972056247294,59.48,0.075
519,40.09273180523183,0.0001941061345860362,54.45,0.074
520,40.086791575427974,0.0005858654621988535,54.55,0.074
521,41.08857808857808,0.000486356089822948,54.61,0.073
522,34.04660945115487,0.0005990039790049195,55.26,0.073
523,34.440947057992524,0.012061919085681438,54.51,0.073
524,41.928561842198164,0.00020790781127288938,54.91,0.072
525,38.09646494078308,0.0007129772566258907,54.06,0.072
526,28.065946763674056,0.03333691880106926,54.39,0.072
527,39.86369905347178,0.0015793308848515153,54.56,0.071
528,29.88066445339169,0.0001605163561180234,54.6,0.071
529,37.073942219396784,0.0003112914855591953,54.94,0.071
530,31.810229038638116,0.0004440643242560327,54.48,0.07
531,31.363356761084027,0.00025694776559248567,54.81,0.07
532,38.96100250759344,0.0002834353072103113,54.25,0.069
533,40.39753155094063,0.00022276575327850878,54.35,0.069
534,33.6582609309882,0.00023384754604194313,56.02,0.069
535,42.42133426337972,0.0005199505249038339,54.55,0.068
536,25.719686668550306,0.0007274876115843654,54.85,0.068
537,40.62370882484518,0.00028763472801074386,54.77,0.068
538,33.53643132961312,0.00048598245484754443,54.72,0.067
539,37.37411498434224,0.00026133930077776313,54.22,0.067
540,38.04082167832168,0.00021446350729092956,54.46,0.067
541,36.440669809987995,0.0005193603574298322,54.41,0.066
542,35.325737856419686,0.0011005939450114965,54.16,0.066
543,34.99311177038447,0.0004337914288043976,54.37,0.066
544,27.095780944644595,0.013680726289749146,54.53,0.065
545,40.100054154599604,0.0003726236172951758,57.89,0.065
546,39.840987085305244,0.0002593219978734851,54.73,0.065
547,32.7917231758141,0.0005178466672077775,54.32,0.064
548,41.4146667726213,0.00019416696159169078,54.44,0.064
549,40.21924695674696,0.013942711055278778,54.28,0.064
550,40.03151768265403,0.001996428705751896,54.38,0.063
551,28.131090920863645,0.00032199567067436874,54.98,0.063
552,33.102366026229646,0.0003383574658073485,54.54,0.063
553,38.085797367615555,0.00014902136172167957,54.76,0.063
554,39.747842939888386,0.0003513399278745055,55.1,0.062
555,44.28689635280543,0.0006057692808099091,54.43,0.062
556,26.917143756916477,0.014692801050841808,54.61,0.062
557,39.78026212003488,0.0011860341764986515,54.6,0.061
558,36.2738992488993,0.00017712029512040317,54.01,0.061
559,38.203919733465206,0.00016596037312410772,54.44,0.061
560,41.66829630806904,0.0012974620331078768,54.17,0.06
561,34.37294712862896,0.0006201430223882198,54.54,0.06
562,31.37568105295375,0.00023304103524424136,54.52,0.06
563,40.921281286054054,0.0003163056680932641,54.38,0.059
564,45.894291398836806,0.0004462975775822997,54.31,0.059
565,37.36483512278969,0.0007284296443685889,56.57,0.059
566,33.681293411975226,0.00027878681430593133,90.77,0.059
567,25.540672753172753,0.0007971556624397635,175.17,0.058
568,42.645883367474305,0.00019725161837413907,84.66,0.058
569,38.14234124461396,0.00016186108405236155,78.12,0.058
570,35.36479068069979,0.00023101799888536334,74.87,0.057
571,32.16890378140379,0.00018498201097827405,76.48,0.057
572,39.91846848437756,0.0010397516889497638,73.54,0.057
573,33.71627787195968,0.00033894856460392475,89.34,0.057
574,44.61348008052554,0.00019704963779076934,84.19,0.056
575,39.71214505191776,0.00020767142996191978,86.43,0.056
576,41.89724723929271,0.00039018067764118314,92.16,0.056
577,39.92720709425259,0.00028519521583803,86.57,0.055
578,41.1800443243625,0.00033194711431860924,94.33,0.055
579,45.527054048644985,0.00014368155098054558,87.58,0.055
580,34.95957535730259,0.035516008734703064,88.89,0.055
581,43.32786224718044,0.00027159927412867546,85.46,0.054
582,34.62242912811092,0.0011091462802141905,94.82,0.054
583,37.77295330931696,0.00028265564469620585,88.64,0.054
584,26.860115726024823,0.00010935505997622386,84.48,0.054
585,42.52505209437029,0.00035390566335991025,87.81,0.053
586,40.1634583009583,0.00027040852000936866,95.18,0.053
587,32.050654858609434,0.01336838211864233,86.67,0.053
588,40.29799892868075,0.0003556668816599995,89.06,0.052
589,26.981560064514632,0.0001932797604240477,84.47,0.052
590,38.33627857832404,0.0002335462486371398,101.04,0.052
591,39.403049728049744,0.00021799298701807857,91.82,0.052
592,37.7712230109957,0.001456633908674121,92.15,0.051
593,42.48324180028726,0.0017458600923418999,94.57,0.051
594,34.87379447152176,0.0003180706989951432,90.99,0.051
595,41.66640560617833,0.0005293795838952065,94.39,0.051
596,41.791482423300614,0.001303690718486905,91.96,0.05
597,30.015923218195937,0.0003148613905068487,90.34,0.05
598,46.70027401050128,0.0010380293242633343,96.56,0.05
599,25.546084975630425,0.00038802443305030465,101.45,0.05
600,27.27825957712321,0.0008371726144105196,97.52,0.05
601,39.97693867580233,0.0010836404981091619,91.1,0.05
602,27.520371841962756,0.0006120215402916074,96.87,0.05
603,36.785812377857845,0.00031747203320264816,70.62,0.05
604,41.25302206211294,0.0005745830130763352,79.75,0.05
605,31.191590732499808,0.0003045683552045375,48.11,0.05
606,41.185850933578244,0.0010312730446457863,46.98,0.05
607,31.074552341597826,0.00022841189638711512,47.05,0.05
608,38.7850960066869,0.000188172678463161,46.74,0.05
609,39.35430264180263,0.00019548236741684377,46.94,0.05
610,37.939880447835,0.0015002195723354816,53.69,0.05
611,39.48953020884839,0.0005101023707538843,54.35,0.05
612,41.79628010878008,0.0004952266463078558,54.23,0.05
613,40.38868286595559,0.00014168933557812124,53.91,0.05
614,32.136559946787216,0.0004850633558817208,53.65,0.05
615,29.360624602670047,0.0009614870650693774,53.79,0.05
616,31.572852063761133,0.0006574286380782723,53.93,0.05
617,45.4648109886746,0.00037554051959887147,53.87,0.05
618,33.01642002778365,0.0002736917231231928,54.08,0.05
619,34.049824586188244,0.0005633069667965174,54.11,0.05
620,35.70915595347415,0.0003890151856467128,53.98,0.05
621,33.499890219208396,0.0004071459698025137,54.03,0.05
622,42.553955640319224,0.0002038008824456483,53.62,0.05
623,38.22298686162324,0.00044277921551838517,53.45,0.05
624,27.334102387511482,0.0007091081934049726,58.03,0.05
625,38.361016929198755,0.0006087807705625892,54.8,0.05
626,39.485593110593115,0.0004675542004406452,53.63,0.05
627,41.15020043088228,0.00030240643536671996,53.92,0.05
628,38.81311571425211,0.0008573338855057955,53.87,0.05
629,40.98626297944479,0.0002102609578287229,53.91,0.05
630,35.206783452238035,0.0006828526384197176,54.09,0.05
631,-5.384949436085801,0.0004932960728183389,53.81,0.05
632,36.469095088413276,0.0004200745024718344,53.83,0.05
633,39.947915047915004,0.00020954747742507607,53.53,0.05
634,22.958152916107476,0.00041102763498201966,54.02,0.05
635,32.95078406442041,0.0006451535737141967,54.21,0.05
636,41.1831452638271,0.000781464739702642,53.81,0.05
637,41.426581667490744,0.00019479391630738974,53.34,0.05
638,38.008049904640814,0.000254310667514801,53.69,0.05
639,34.981434684843734,0.0010654754005372524,53.89,0.05
640,29.43848773280592,0.00021206980454735458,54.4,0.05
641,32.612740458195,0.0003475133271422237,54.1,0.05
642,39.91115761343032,0.0013098022900521755,53.25,0.05
643,29.03201920133739,0.0005806692061014473,54.64,0.05
644,39.567675001765906,0.00032408791594207287,53.12,0.05
645,29.431800228391147,0.0001349567755823955,54.14,0.05
646,34.82196528219255,0.0003312077606096864,53.41,0.05
647,24.392468978832607,0.00021840643603354692,53.85,0.05
648,39.21505674460222,0.0010876412270590663,53.61,0.05
649,23.83259106213652,0.0004450440756045282,53.96,0.05
650,43.46306126533398,0.00038223364390432835,53.48,0.05
651,35.73340102658286,0.00020633250824175775,53.81,0.05
652,31.127364554637275,0.00023658780264668167,54.26,0.05
653,30.080833097878568,0.0003791318740695715,54.03,0.05
654,41.380578218078234,0.0003345925360918045,53.38,0.05
655,30.60188363824727,0.000649738940410316,53.95,0.05
656,41.75672576581666,0.0018922837916761637,53.29,0.05
657,35.144041816769096,0.013315165415406227,53.64,0.05
658,36.66746132655224,0.0005217631114646792,54.43,0.05
659,37.44231681618044,0.00029166991589590907,53.55,0.05
660,34.61072349367802,0.00022952108702156693,53.59,0.05
661,38.96750782887148,0.00018644897500053048,53.74,0.05
662,37.87010283487552,0.00040827019256539643,53.3,0.05
663,32.75599938781758,0.00034060038160532713,53.62,0.05
664,24.947956841138662,0.00027023913571611047,53.99,0.05
665,44.11379117515481,0.00020073079213034362,53.17,0.05
666,30.36115673047491,0.06114570051431656,53.89,0.05
667,23.44476672317583,0.00027403392596170306,53.85,0.05
668,32.627233877233856,0.0007290387293323874,54.14,0.05
669,38.76115761343036,0.00040630833245813847,53.42,0.05
670,29.07604836241202,0.0003229397698305547,53.81,0.05
671,39.473883061383056,0.0009968323865905404,53.52,0.05
672,38.61735831508559,0.0005155363469384611,53.05,0.05
673,38.95946999128822,0.00018795694631990045,52.98,0.05
674,29.06206676320314,0.0015125904465094209,54.03,0.05
675,39.625634256316076,0.0009364731376990676,53.62,0.05
676,25.79254579595486,0.00043321773409843445,53.64,0.05
677,20.574687728096823,0.00011221585737075657,54.36,0.05
678,40.908988191942704,0.03515491634607315,53.34,0.05
679,27.153512102375732,0.0011934861540794373,53.94,0.05
680,29.46390537072356,0.00031019089510664344,53.83,0.05
681,40.12125008829554,0.0004503564559854567,53.54,0.05
682,24.17616049775137,0.0003929168451577425,53.62,0.05
683,37.89055443714536,0.0007621084805577993,53.59,0.05
684,31.073115478797288,0.00019428494852036238,53.79,0.05
685,38.60456487956489,0.00021504476899281144,53.95,0.05
686,27.947469449742165,0.0006757505470886827,54.19,0.05
687,37.91649625626898,0.001328738871961832,54.07,0.05
688,25.407198735607842,0.0005023528938181698,53.61,0.05
689,35.054730875185435,0.001264755497686565,53.48,0.05
690,39.46762025852934,0.00046776008093729615,53.58,0.05
691,40.02322496527039,0.0013743398012593389,56.67,0.05
692,43.90878246332794,0.00017194876272697002,58.4,0.05
693,30.84860110428294,0.00045917180250398815,53.41,0.05
694,43.46039473994022,0.0012225117534399033,53.27,0.05
695,37.66129623743261,0.00019368596258573234,53.46,0.05
696,37.08976360339998,0.0002626954228617251,53.94,0.05
697,26.82294771726587,0.000701564596965909,53.92,0.05
698,38.04305496691861,0.0004047701950185001,53.57,0.05
699,35.22920581102403,0.00023992084607016295,53.61,0.05
700,32.32314726519272,0.0007764732581563294,53.44,0.05
701,40.59549104094558,0.0007900671334937215,53.41,0.05
702,36.59522468272467,0.00020172508084215224,53.8,0.05
703,43.7750647500648,0.0005397117347456515,54.1,0.05
704,25.46728414682963,0.00028341630240902305,54.22,0.05
705,32.7545486920487,0.0003058093134313822,53.78,0.05
706,24.010085411221777,0.00027423875872045755,53.71,0.05
707,40.53532380918742,0.015066868625581264,53.77,0.05
708,31.005837218337213,0.0003102954651694745,53.65,0.05
709,36.96065521179157,0.0005799233913421631,53.61,0.05
710,26.12318523227615,0.00022772687952965498,53.4,0.05
711,38.31889877798966,0.0002931611379608512,53.63,0.05
712,38.09600639259732,0.0007617715746164322,53.22,0.05
713,40.61831897059171,0.00045982684241607785,53.45,0.05
714,37.594078017941676,0.00045273243449628353,53.93,0.05
715,25.394806456170098,0.002152293687686324,53.73,0.05
716,34.86760907442729,0.00030172313563525677,53.46,0.05
717,41.520317687363104,0.00012997945304960012,53.45,0.05
718,34.67874137646862,0.045863211154937744,53.78,0.05
719,36.37905423700878,0.0009589788969606161,54.0,0.05
720,26.872610722610716,0.00030414233333431184,53.89,0.05
721,30.345533128487666,0.0013531724689528346,53.67,0.05
722,27.452495820677647,0.0012692292220890522,53.72,0.05
723,36.08096995596997,0.0002981678699143231,53.58,0.05
724,38.070543429634334,0.046096302568912506,53.74,0.05
725,30.988140731322527,0.0003185925306752324,54.5,0.05
726,33.9331858797768,0.0010931296274065971,53.19,0.05
727,33.56908743613288,0.0002707030507735908,53.75,0.05
728,36.954105742742094,0.0006835334352217615,53.98,0.05
729,35.421490252172106,0.0005157265695743263,53.5,0.05
730,34.492902804266436,0.0005020271637476981,53.7,0.05
731,29.37748551953097,0.001099641085602343,53.81,0.05
732,29.22454321772505,0.00027006486197933555,53.93,0.05
733,30.714222057403877,0.00042565527837723494,53.55,0.05
734,40.831248086929925,0.000896715559065342,53.88,0.05
735,34.06066286407193,0.0024431764613837004,53.89,0.05
736,41.10278543005817,0.0005804373067803681,53.7,0.05
737,35.24021979703798,0.00031840556766837835,54.32,0.05
738,35.25364660591932,0.0002017201913986355,53.86,0.05
739,32.427349544395,0.0005106889875605702,53.79,0.05
740,36.128789056061784,0.00021603109780699015,53.37,0.05
741,27.155796896705976,0.0005841918755322695,53.41,0.05
742,38.52519130700948,0.00036217266460880637,53.58,0.05
743,40.73466129829765,0.00022087228717282414,53.92,0.05
744,38.36591644887098,0.00025305114104412496,53.6,0.05
745,34.188843563843584,0.0008379102218896151,53.78,0.05
746,38.8163679334134,0.00019701359269674867,53.5,0.05
747,28.815797544206635,0.001789285452105105,53.56,0.05
748,41.376911598502524,0.08849786221981049,54.11,0.05
749,32.785458018412555,0.00032416515750810504,53.34,0.05
750,27.042576405076417,0.045485690236091614,53.64,0.05
751,35.00508788349697,0.00034172131563536823,53.5,0.05
752,34.62631089449275,0.0007355885463766754,53.92,0.05
753,32.58142909279274,0.0006958609446883202,53.38,0.05
754,36.1446163264345,0.022959310561418533,53.57,0.05
755,32.33786907536905,0.00032899307552725077,53.76,0.05
756,35.960650502695955,0.00015155994333326817,53.27,0.05
757,25.301754726754734,0.00011687588994391263,53.84,0.05
758,35.70517088130726,0.0006831594510003924,56.27,0.05
759,36.42601569306113,0.0001497540797572583,53.86,0.05
760,36.62014874855785,0.0006561276968568563,53.26,0.05
761,36.84013885945705,0.002147623337805271,53.94,0.05
762,34.1792181724,0.0011911073233932257,53.58,0.05
763,28.31047244001789,0.002197141060605645,54.23,0.05
764,35.030096124414314,0.0007106917910277843,53.59,0.05
765,27.36636351863621,0.00031265104189515114,53.73,0.05
766,36.84611970521058,0.0006009008502587676,53.71,0.05
767,42.54855519060065,0.001085663097910583,53.96,0.05
768,42.14794801158437,0.00047076569171622396,53.89,0.05
769,34.37083039014856,0.0016206633299589157,54.22,0.05
770,31.221813119540386,0.0010625706054270267,53.84,0.05
771,27.436279755597923,0.0771733820438385,53.97,0.05
772,42.39580684467051,0.0003898757277056575,53.55,0.05
773,30.710721433448697,0.00048334995517507195,53.54,0.05
774,28.397280791598973,0.0024552831891924143,53.68,0.05
775,20.072368792823355,0.00038925319677218795,53.53,0.05
776,30.664437498528383,0.0004432661517057568,53.72,0.05
777,35.693018177109096,0.0030102210585027933,53.73,0.05
778,37.34533976124883,0.0006243704701773822,53.45,0.05
779,41.10278660733207,0.0010454910807311535,53.57,0.05
780,39.843220079583695,0.002315239515155554,53.46,0.05
781,31.003753737844626,0.0004746488993987441,54.48,0.05
782,24.60131825245462,0.0012496652780100703,54.05,0.05
783,36.619769666360575,0.014692449010908604,53.82,0.05
784,44.91032586941676,0.0004866425006184727,53.4,0.05
785,29.346953509453492,0.014562410302460194,54.01,0.05
786,39.027959960914515,0.00028431351529434323,54.06,0.05
787,32.225025311388926,0.0003601985517889261,53.73,0.05
788,42.701849202985585,0.0004864731163252145,53.56,0.05
789,37.58936480186481,0.00014558029943145812,53.53,0.05
790,29.281914423959876,0.001015711692161858,53.84,0.05
791,43.116027112618,0.0006550730904564261,53.15,0.05
792,29.748115773115778,0.0006415344541892409,54.37,0.05
793,41.32705816910363,0.0002323308290215209,53.62,0.05
794,42.52676237903511,0.0014135794481262565,53.72,0.05
795,28.7015834334016,0.000987808802165091,53.52,0.05
796,33.45404570177298,0.001223643426783383,53.65,0.05
797,37.572017376562826,0.00028753443621098995,53.37,0.05
798,38.67728744319654,0.0008456510258838534,53.19,0.05
799,33.120989910762646,0.000523184600751847,53.52,0.05
800,28.573107237879967,0.02072175405919552,53.62,0.05
801,28.46481363754092,0.0006176888709887862,53.99,0.05
802,22.80756015869652,0.00038052519084885716,54.3,0.05
803,34.121528807892446,0.00020756780577357858,53.89,0.05
804,28.662687480869312,0.02467583678662777,53.74,0.05
805,34.60584398766218,0.0009693846805021167,53.54,0.05
806,39.39873531350804,0.0007383539923466742,53.61,0.05
807,35.3516266982176,0.0009903389727696776,53.45,0.05
808,35.85077729509551,0.0003598094335757196,52.9,0.05
809,24.85565768406678,0.002589360810816288,53.55,0.05
810,23.208561724470812,0.00024102059251163155,53.97,0.05
811,39.0372030326576,0.0009365073638036847,53.95,0.05
812,44.92453674271855,0.00075550377368927,53.21,0.05
813,36.59090202726566,0.0017712090630084276,53.19,0.05
814,41.30752513479786,0.0005460949032567441,53.48,0.05
815,39.86308775399685,0.0007451216224581003,54.07,0.05
816,33.19205281250738,0.0003220627550035715,53.71,0.05
817,44.91583492265312,0.02927587740123272,53.06,0.05
818,23.363240210967465,0.08862514048814774,53.95,0.05
819,37.21996362223636,0.0003491298411972821,54.08,0.05
820,29.39574562642744,0.0004648077010642737,53.84,0.05
821,35.284584481175386,0.0002120196004398167,53.72,0.05
822,31.527738927738923,0.0008863614057190716,53.37,0.05
823,41.709189505780394,0.00019676866941154003,53.48,0.05
824,26.007709378163938,0.0012512258253991604,53.6,0.05
825,33.117808622354055,0.002723962999880314,57.87,0.05
826,37.4482164300346,0.0003838517586700618,53.78,0.05
827,27.87332297332295,0.002118186093866825,53.6,0.05
828,43.72052106143012,0.0004755046684294939,53.44,0.05
829,37.305711544347915,0.0540476068854332,53.34,0.05
830,36.01656277224458,0.0007184363203123212,53.83,0.05
831,35.36692978738433,0.00032101082615554333,53.33,0.05
832,40.953728132137215,0.000361053243977949,53.82,0.05
833,38.29100857055404,0.0007286341278813779,53.55,0.05
834,46.519135998681435,0.0002722737262956798,53.48,0.05
835,37.59605407219045,0.00017319602193310857,53.41,0.05
836,32.750265769583955,0.0005420481902547181,53.78,0.05
837,32.54742647924468,0.0005267184460535645,54.17,0.05
838,42.45188717006898,0.0005188129143789411,53.07,0.05
839,39.72467801558713,0.0004034269950352609,53.69,0.05
840,39.867116385298246,0.0007866200758144259,53.45,0.05
841,31.945215558851896,0.0006154350121505558,54.02,0.05
842,31.145317393044657,0.0005264526698738337,53.69,0.05
843,33.09695645263828,0.0007014400325715542,53.74,0.05
844,42.380844870617615,0.00038361508632078767,54.44,0.05
845,40.088177815450535,0.0003110608085989952,53.87,0.05
846,43.44087436132887,0.0003753091732505709,52.95,0.05
847,28.156347566574837,0.0010257693938910961,54.18,0.05
848,44.70525446775449,0.00021691457368433475,53.52,0.05
849,31.882635504226425,0.00026551936753094196,54.07,0.05
850,32.96957335593699,0.0003932313120458275,53.48,0.05
851,43.56047656047658,0.0012049635406583548,53.33,0.05
852,28.771623872760237,0.0018819121178239584,54.53,0.05
853,41.333155564973744,0.00047983566764742136,53.79,0.05
854,29.13479756775211,0.0020492388866841793,54.08,0.05
855,27.253304607850072,0.00026362616335973144,53.71,0.05
856,42.8899178262815,0.00027685967506840825,53.32,0.05
857,42.186162322525945,0.00019313757366035134,53.27,0.05
858,39.12263103058556,0.00024473571102134883,53.39,0.05
859,41.50343057615782,0.00029848990379832685,53.27,0.05
860,39.89859668950581,0.00045955178211443126,53.56,0.05
861,23.549274210637815,0.0008237826987169683,53.14,0.05
862,26.89163488027125,0.0027673400472849607,53.72,0.05
863,42.87968496150315,0.0003192258591298014,53.19,0.05
864,-33.433199124108214,0.0009456658153794706,53.51,0.05
865,40.32151703515341,0.00030172488186508417,53.17,0.05
866,45.123362706317266,0.0014042116235941648,53.52,0.05
867,28.84772903863812,0.0004089447611477226,53.61,0.05
868,43.24737144168961,0.08973969519138336,53.61,0.05
869,42.194398236443675,0.00039570542867295444,53.72,0.05
870,36.86910568387845,0.019414113834500313,53.62,0.05
871,45.0649275387912,0.00025466090301051736,53.86,0.05
872,35.722927114972585,0.0005986388423480093,53.39,0.05
873,46.09919974806338,0.0007703227456659079,53.29,0.05
874,41.65547814979632,0.0010351192904636264,53.03,0.05
875,43.87144993054082,0.0003916379646398127,53.93,0.05
876,39.02268430222975,0.00013560256047639996,53.5,0.05
877,22.488953933272107,0.023178376257419586,53.59,0.05
878,41.90520207906574,0.021802769973874092,53.7,0.05
879,40.97638447411174,0.0008430166635662317,53.57,0.05
880,22.21301299710391,0.00023111722839530557,53.56,0.05
881,40.42442725624544,0.022171257063746452,53.48,0.05
882,41.48531468531469,0.00155767728574574,53.68,0.05
883,42.869591603682544,0.000480660266475752,53.09,0.05
884,43.71064638223727,0.0008212425163947046,53.15,0.05
885,19.09273386546113,0.08902104198932648,53.83,0.05
886,37.921497610134,0.0004446464008651674,53.84,0.05
887,44.8595562266017,0.0004942928208038211,53.33,0.05
888,27.145762108262122,0.00017803181253839284,53.86,0.05
889,30.853830554966926,0.039148151874542236,53.25,0.05
890,41.67614313296132,0.0006477291462942958,53.31,0.05
891,38.83125897671354,0.0004974767798557878,53.45,0.05
892,41.184899990581826,0.000207672972464934,57.84,0.05
893,33.01665813143088,0.0002659923047758639,53.83,0.05
894,29.125965953238676,0.0006029682117514312,53.28,0.05
895,43.26624608556427,0.000624967273324728,53.4,0.05
896,45.77958136139953,0.00041128642624244094,53.44,0.05
897,45.91958689458689,0.00038998425588943064,53.48,0.05
898,27.844729050410862,0.0007232818752527237,53.33,0.05
899,31.136232076004806,0.0003650677390396595,53.82,0.05
900,38.590020249111134,0.0004765765042975545,53.55,0.05
901,41.62767211744486,0.0015380914555862546,53.46,0.05
902,35.120459843187135,0.001286347396671772,53.76,0.05
903,41.95029196392834,0.0009688520804047585,53.51,0.05
904,45.156088566315844,0.00044724205508828163,53.5,0.05
905,40.862736926373316,0.00045758349006064236,53.86,0.05
906,40.56026317958136,0.0006461245939135551,53.38,0.05
907,26.229423312377854,0.0007954014581628144,53.77,0.05
908,45.17235613712886,0.00025456209550611675,53.3,0.05
909,28.902847531256636,0.0004096913617104292,53.82,0.05
910,41.78061647948013,0.00028746601310558617,53.44,0.05
911,37.80381642768006,0.0001804247294785455,53.3,0.05
912,45.93218019354387,0.0002924119180534035,53.08,0.05
913,41.14889954321773,0.0015925343614071608,53.19,0.05
914,35.22980033434579,0.0004925274988636374,53.34,0.05
915,24.920324751006543,0.07392630726099014,54.12,0.05
916,41.10518353700169,0.00036300421925261617,53.96,0.05
917,25.093249805749807,0.0015327564906328917,53.94,0.05
918,25.63904870382145,0.00037968065589666367,53.8,0.05
919,39.6699827529373,0.00044907970004715025,53.55,0.05
920,35.1128105059923,0.0003271396562922746,53.98,0.05
921,25.435729968684495,0.0004538896610029042,53.46,0.05
922,45.01902533493445,0.0006754340720362961,53.4,0.05
923,39.91604624331902,0.00014373309386428446,53.74,0.05
924,33.802587059405234,0.0019342887680977583,53.34,0.05
925,30.22286530809256,0.0669279545545578,53.36,0.05
926,36.83148089284456,0.0003541246405802667,54.21,0.05
927,38.31948770926046,0.0005056877853348851,53.7,0.05
928,41.81078912669821,0.00026083344710059464,53.06,0.05
929,38.58478344046526,0.00039549078792333603,53.44,0.05
930,39.127087895269725,0.00022991851437836885,53.37,0.05
931,41.023502213274945,0.00029450596775859594,53.38,0.05
932,39.08147324056415,0.0015181603375822306,53.45,0.05
933,39.718963822372906,0.0012197875184938312,53.04,0.05
934,29.287973264109613,0.0004830006801057607,53.73,0.05
935,42.85502637093546,0.00026230004732497036,53.05,0.05
936,38.837536789809555,0.00030838785460218787,53.75,0.05
937,32.151442749170016,0.00020585613674484193,53.43,0.05
938,42.19228767865133,0.08004780858755112,53.73,0.05
939,34.49257316757315,0.0003946415090467781,53.2,0.05
940,29.102160886251777,0.0003398447297513485,53.47,0.05
941,41.77638859457041,0.0003046698111575097,53.09,0.05
942,22.65419992465446,0.00041519448859617114,53.93,0.05
943,34.56119175437355,0.000580864492803812,53.88,0.05
944,24.6264468696287,0.0011264868080615997,53.81,0.05
945,36.116840608886065,0.0004598801606334746,53.61,0.05
946,29.648752383979655,0.00042512305662967265,53.79,0.05
947,25.394283452238003,0.0011052943300455809,53.57,0.05
948,43.369337312519136,0.00012520958262030035,53.36,0.05
949,38.79146947328765,0.0018273885361850262,53.58,0.05
950,43.302650043559126,0.0002495644148439169,53.2,0.05
951,26.727842822161016,0.017674840986728668,53.47,0.05
952,39.33023298250569,0.0004114750772714615,53.26,0.05
953,28.181577134986256,0.0012574081774801016,53.91,0.05
954,31.846519389701175,0.0004867555107921362,53.75,0.05
955,24.219297285206373,0.0005367201520130038,67.94,0.05
956,32.65086323609051,0.0003388661134522408,53.61,0.05
957,45.31019401473945,0.0021053378004580736,53.34,0.05
958,44.782235819735796,0.000415380927734077,53.47,0.05
959,44.44007999576179,0.00042874651262536645,57.87,0.05
960,29.66054807986627,0.00031124669476412237,53.97,0.05
961,25.21996362223634,0.00025582272792235017,39.13,0.05
962,38.903769631042344,0.0003280410310253501,60.0,0.05
963,45.05244019448564,0.0006651774165220559,50.29,0.05
964,29.78999846954392,0.0003733026678673923,46.15,0.05
965,25.774830178239267,0.0006611032295040786,47.16,0.05
966,39.90835069812344,0.0003894898691214621,47.27,0.05
967,26.547118916437128,0.0018500550650060177,43.77,0.05
968,43.688724659179215,0.0002347752742934972,48.53,0.05
969,26.280814555814562,0.0011605003383010626,48.08,0.05
970,34.57478956228955,0.0005407147109508514,47.32,0.05
971,29.167539615266907,0.05781922489404678,41.99,0.05
972,38.124523204068694,0.00023970686015672982,49.14,0.05
973,44.62107644039459,0.0004176401998847723,47.92,0.05
974,29.726892762120023,0.0007495018653571606,48.08,0.05
975,27.74284776671138,0.00037928775418549776,40.37,0.05
976,36.345488980716254,0.0005760930944234133,50.44,0.05
977,28.177795731204803,0.00029592987266369164,48.87,0.05
978,37.40998475430293,0.0006928114453330636,49.24,0.05
979,38.56050658096112,0.017765864729881287,46.81,0.05
980,36.623388606343134,0.08176035434007645,39.82,0.05
981,28.775324633279162,0.0004120752273593098,51.42,0.05
982,36.87385863294954,0.0007244418957270682,48.46,0.05
983,44.18569200160111,0.0003873580717481673,50.43,0.05
984,33.77296979115162,0.0002007663279073313,46.63,0.05
985,38.522946539992006,0.10303560644388199,46.07,0.05
986,44.300907678180444,0.000578514183871448,44.13,0.05
987,35.68386134067951,0.00034356434480287135,42.68,0.05
988,30.76258388076568,0.000576084537897259,46.05,0.05
989,22.673044842363026,0.00031265075085684657,45.0,0.05
990,34.72092957547503,0.06414490938186646,46.84,0.05
991,37.545566680793954,0.00021955688134767115,46.75,0.05
992,41.87347749052296,0.0010990207083523273,45.37,0.05
993,32.38862017612019,0.0018010428175330162,44.5,0.05
994,31.568866991594255,0.0007801005849614739,41.36,0.05
995,38.50815703656611,0.0002995746035594493,45.56,0.05
996,45.310918038190756,0.0005371208535507321,45.27,0.05
997,38.08301370346824,0.021242501214146614,54.03,0.05
998,43.17835081585081,0.0005342233926057816,55.26,0.05
999,30.15773557250828,0.0007274047238752246,53.18,0.05
1000,32.488404146358704,0.00023738853633403778,46.32,0.05
