Episode,Reward,Epsilon,Duration_s,VisitedPairs,TD_Error
1,28.703,0.996,0.08,300,0.098565
2,30.559,0.992,0.12,600,0.10432
3,33.12,0.988,0.05,900,0.112379
4,32.092,0.984,0.1,1200,0.115433
5,19.82,0.98,0.24,1500,0.070109
6,14.419,0.976,0.29,1800,0.057395
7,31.731,0.972,0.08,2100,0.113691
8,31.458,0.968,0.11,2400,0.110027
9,16.334,0.965,0.23,2700,0.060023
10,22.388,0.961,0.25,3000,0.080293
11,23.985,0.957,0.22,3300,0.08454
12,16.066,0.953,0.3,3600,0.059902
13,16.107,0.949,0.32,3900,0.060647
14,16.916,0.945,0.3,4200,0.062551
15,12.166,0.942,0.31,4500,0.05729
16,29.889,0.938,0.08,4800,0.105347
17,18.555,0.934,0.29,5100,0.068561
18,18.143,0.93,0.27,5400,0.066007
19,19.258,0.927,0.33,5700,0.066648
20,28.216,0.923,0.26,5999,0.097889
21,24.874,0.919,0.21,6299,0.087842
22,9.9,0.916,0.37,6599,0.058672
23,24.833,0.912,0.22,6899,0.085773
24,19.793,0.908,0.35,7199,0.076899
25,21.802,0.905,0.26,7499,0.087257
26,27.08,0.901,0.13,7799,0.10521
27,16.258,0.897,0.34,8099,0.061574
28,26.78,0.894,0.15,8399,0.097562
29,33.748,0.89,0.1,8699,0.114399
30,15.598,0.887,0.4,8999,0.058063
31,22.475,0.883,0.28,9299,0.077691
32,21.086,0.88,0.34,9599,0.075966
33,31.943,0.876,0.37,9898,0.109648
34,35.09,0.873,0.14,10198,0.118359
35,31.099,0.869,0.13,10498,0.109649
36,31.408,0.866,0.23,10798,0.109438
37,22.08,0.862,0.42,11098,0.076189
38,34.19,0.859,0.13,11398,0.120472
39,24.138,0.855,0.31,11697,0.081145
40,34.575,0.852,0.18,11997,0.11764
41,12.199,0.848,0.46,12296,0.060157
42,17.517,0.845,0.29,12596,0.072074
43,32.753,0.842,0.16,12895,0.110626
44,26.006,0.838,0.26,13194,0.09028
45,20.775,0.835,0.3,13494,0.081714
46,35.565,0.832,0.14,13793,0.123623
47,30.732,0.828,0.12,14093,0.106455
48,28.439,0.825,0.18,14393,0.102924
49,10.411,0.822,0.42,14693,0.063007
50,15.129,0.818,0.54,14992,0.065521
51,34.262,0.815,0.19,15292,0.119612
52,23.841,0.812,0.35,15591,0.082549
53,16.919,0.809,0.48,15891,0.066434
54,26.04,0.805,0.29,16190,0.102868
55,33.097,0.802,0.14,16489,0.114628
56,14.787,0.799,0.5,16788,0.064272
57,20.209,0.796,0.39,17087,0.071276
58,17.936,0.793,0.4,17386,0.067386
59,34.927,0.789,0.18,17685,0.118947
60,37.593,0.786,0.18,17985,0.126437
61,22.547,0.783,0.38,18285,0.086062
62,31.172,0.78,0.27,18585,0.108287
63,29.848,0.777,0.31,18885,0.101177
64,17.918,0.774,0.34,19184,0.083326
65,25.725,0.771,0.28,19483,0.107902
66,34.764,0.768,0.24,19783,0.117613
67,25.727,0.764,0.39,20082,0.087317
68,33.68,0.761,0.2,20382,0.119188
69,18.9,0.758,0.48,20682,0.069444
70,27.428,0.755,0.43,20982,0.094012
71,13.26,0.752,0.62,21281,0.06613
72,22.089,0.749,0.48,21580,0.077168
73,30.681,0.746,0.28,21879,0.10478
74,19.769,0.743,0.51,22179,0.070133
75,31.263,0.74,0.28,22479,0.110062
76,12.371,0.737,0.63,22778,0.0619
77,35.045,0.734,0.29,23078,0.118442
78,31.479,0.732,0.27,23377,0.112691
79,22.958,0.729,0.4,23677,0.085459
80,28.336,0.726,0.32,23976,0.10087
81,32.888,0.723,0.28,24276,0.110692
82,22.901,0.72,0.36,24575,0.082212
83,14.825,0.717,0.59,24875,0.065858
84,34.731,0.714,0.33,25174,0.11707
85,28.817,0.711,0.39,25473,0.101704
86,33.892,0.708,0.31,25773,0.115389
87,25.996,0.706,0.51,26073,0.087786
88,37.69,0.703,0.39,26372,0.127501
89,12.191,0.7,0.95,26672,0.057975
90,21.061,0.697,0.64,26972,0.085023
91,35.062,0.694,0.4,27271,0.121815
92,20.658,0.692,0.66,27571,0.081021
93,26.931,0.689,0.69,27871,0.100424
94,33.988,0.686,0.58,28170,0.1148
95,28.534,0.683,0.72,28469,0.096831
96,33.316,0.681,0.67,28768,0.11369
97,22.884,0.678,0.65,29068,0.081839
98,23.528,0.675,0.83,29368,0.088562
99,28.78,0.672,0.82,29668,0.100889
100,28.23,0.67,0.85,29967,0.095493
101,34.668,0.667,0.62,30267,0.122123
102,26.791,0.664,0.61,30566,0.092422
103,24.114,0.662,0.5,30865,0.092698
104,36.669,0.659,0.48,31165,0.124002
105,26.062,0.656,0.62,31465,0.094389
106,38.523,0.654,0.42,31764,0.131162
107,30.682,0.651,0.6,32063,0.104768
108,31.79,0.649,0.55,32363,0.110147
109,21.499,0.646,0.67,32663,0.080563
110,38.129,0.643,0.48,32963,0.131845
111,22.903,0.641,0.6,33262,0.089344
112,33.091,0.638,0.6,33561,0.112308
113,19.151,0.636,0.74,33860,0.067346
114,23.078,0.633,0.78,34159,0.078495
115,28.557,0.631,0.66,34458,0.101031
116,37.126,0.628,0.56,34757,0.126271
117,18.394,0.626,0.76,35057,0.068885
118,26.209,0.623,0.7,35356,0.090637
119,25.511,0.621,0.68,35655,0.094513
120,28.157,0.618,0.7,35954,0.097134
121,22.416,0.616,0.86,36253,0.076402
122,21.326,0.613,0.82,36552,0.078997
123,26.689,0.611,0.72,36851,0.096401
124,18.0,0.608,0.88,37150,0.064654
125,26.189,0.606,0.68,37449,0.100841
126,19.432,0.603,0.89,37748,0.071066
127,38.825,0.601,0.57,38048,0.130953
128,17.789,0.599,0.9,38347,0.064142
129,35.578,0.596,0.61,38646,0.122419
130,22.036,0.594,0.92,38945,0.075408
131,26.249,0.592,0.76,39245,0.094473
132,32.935,0.589,0.77,39544,0.112027
133,31.085,0.587,0.76,39844,0.106123
134,34.59,0.584,0.59,40143,0.119965
135,36.836,0.582,0.7,40442,0.131801
136,33.318,0.58,0.66,40741,0.117278
137,38.387,0.577,0.67,41040,0.130589
138,37.052,0.575,0.66,41339,0.125021
139,23.042,0.573,0.99,41638,0.081745
140,11.781,0.571,0.93,41937,0.060994
141,32.355,0.568,0.82,42236,0.108687
142,36.465,0.566,0.68,42536,0.122735
143,23.022,0.564,1.0,42835,0.081105
144,27.03,0.561,0.89,43134,0.090604
145,27.456,0.559,0.88,43434,0.092972
146,22.881,0.557,1.0,43734,0.081377
147,32.468,0.555,0.79,44034,0.109303
148,39.418,0.553,0.72,44333,0.132117
149,21.553,0.55,1.0,44632,0.088019
150,28.877,0.548,0.89,44932,0.101396
151,38.496,0.546,0.69,45232,0.129607
152,19.877,0.544,0.96,45531,0.070381
153,22.719,0.542,0.98,45830,0.079171
154,37.944,0.539,0.76,46129,0.128356
155,14.542,0.537,1.02,46428,0.064203
156,33.941,0.535,0.93,46727,0.120347
157,33.226,0.533,1.2,47026,0.113231
158,16.139,0.531,1.41,47326,0.063807
159,38.627,0.529,0.86,47625,0.129344
160,38.209,0.527,0.84,47924,0.129609
161,27.85,0.525,1.11,48223,0.093109
162,17.775,0.522,1.19,48522,0.071417
163,39.904,0.52,0.83,48821,0.139832
164,27.888,0.518,1.07,49120,0.101601
165,25.438,0.516,1.06,49419,0.092247
166,23.416,0.514,1.18,49718,0.086614
167,12.289,0.512,1.17,50017,0.056912
168,33.809,0.51,1.0,50316,0.115899
169,34.572,0.508,0.88,50615,0.117632
170,39.207,0.506,0.84,50914,0.131769
171,19.208,0.504,1.21,51213,0.067474
172,21.519,0.502,1.19,51513,0.077163
173,37.154,0.5,0.89,51812,0.126374
174,39.921,0.498,0.94,52111,0.135577
175,37.915,0.496,0.88,52410,0.12886
176,19.996,0.494,1.22,52709,0.069971
177,25.342,0.492,1.08,53008,0.094584
178,26.635,0.49,1.16,53308,0.099294
179,31.42,0.488,1.12,53607,0.110099
180,19.526,0.486,1.28,53906,0.073816
181,40.896,0.484,0.98,54205,0.140798
182,30.518,0.482,1.12,54504,0.106434
183,31.169,0.48,1.12,54803,0.104898
184,30.265,0.478,1.03,55102,0.113474
185,19.61,0.476,1.32,55402,0.071036
186,38.069,0.475,1.04,55701,0.128445
187,31.658,0.473,1.22,55999,0.106752
188,21.161,0.471,1.26,56298,0.076627
189,39.171,0.469,0.9,56597,0.132806
190,32.826,0.467,1.16,56896,0.111423
191,25.54,0.465,1.28,57195,0.086849
192,37.25,0.463,1.0,57494,0.131895
193,37.836,0.461,1.03,57793,0.130224
194,34.566,0.46,1.05,58092,0.12125
195,21.728,0.458,1.31,58391,0.082068
196,25.898,0.456,1.3,58691,0.092989
197,38.86,0.454,1.0,58991,0.129924
198,40.233,0.452,1.04,59290,0.134827
199,31.713,0.45,1.29,59589,0.106813
200,39.087,0.449,0.98,59888,0.131545
201,30.469,0.447,1.27,60188,0.102075
202,24.144,0.445,1.36,60487,0.086578
203,26.691,0.443,1.24,60786,0.09281
204,34.867,0.441,1.13,61085,0.119682
205,40.423,0.44,0.99,61384,0.139674
206,41.863,0.438,1.12,61683,0.14027
207,27.361,0.436,1.33,61982,0.093232
208,24.31,0.434,1.44,62281,0.084129
209,24.325,0.433,1.45,62580,0.083175
210,38.971,0.431,1.14,62879,0.132054
211,26.682,0.429,1.38,63179,0.093012
212,26.628,0.428,1.37,63478,0.091441
213,39.689,0.426,1.2,63777,0.133741
214,35.393,0.424,1.19,64076,0.129132
215,22.21,0.422,1.41,64375,0.076976
216,33.782,0.421,1.18,64674,0.117434
217,22.782,0.419,1.44,64973,0.084677
218,37.714,0.417,1.16,65272,0.134301
219,40.633,0.416,1.1,65571,0.138534
220,35.195,0.414,1.21,65870,0.117446
221,39.862,0.412,1.17,66169,0.134394
222,39.649,0.411,1.08,66468,0.133712
223,27.086,0.409,1.41,66767,0.095198
224,40.969,0.407,1.2,67066,0.136624
225,25.26,0.406,1.52,67365,0.084858
226,38.71,0.404,1.22,67664,0.134394
227,26.728,0.403,1.38,67963,0.095151
228,39.755,0.401,1.27,68262,0.133654
229,41.531,0.399,1.15,68561,0.138596
230,21.491,0.398,1.55,68860,0.080738
231,38.029,0.396,1.3,69159,0.128661
232,41.833,0.395,1.22,69458,0.143403
233,28.48,0.393,1.52,69757,0.096103
234,39.924,0.391,1.21,70056,0.133463
235,39.448,0.39,1.19,70355,0.132538
236,19.9,0.388,1.53,70654,0.07315
237,26.844,0.387,1.48,70953,0.095897
238,30.346,0.385,1.45,71252,0.103913
239,40.507,0.384,1.25,71551,0.135735
240,36.75,0.382,1.42,71850,0.123488
241,32.493,0.381,1.5,72149,0.111798
242,35.207,0.379,1.4,72448,0.122608
243,29.084,0.378,1.51,72747,0.100549
244,25.191,0.376,1.63,73046,0.086212
245,31.246,0.375,1.48,73345,0.105568
246,32.122,0.373,1.48,73644,0.11149
247,32.206,0.372,1.37,73943,0.10882
248,34.486,0.37,1.47,74242,0.120821
249,29.431,0.369,1.48,74541,0.098861
250,18.003,0.367,1.66,74840,0.07793
251,33.763,0.366,1.53,75139,0.113272
252,27.464,0.364,1.61,75438,0.095383
253,34.736,0.363,1.49,75737,0.116981
254,18.803,0.361,1.63,76036,0.069414
255,42.871,0.36,1.36,76335,0.147374
256,29.49,0.358,1.59,76634,0.098735
257,27.753,0.357,1.66,76933,0.094349
258,41.959,0.356,1.41,77232,0.142862
259,31.314,0.354,1.55,77531,0.105465
260,20.649,0.353,1.66,77830,0.073527
261,39.041,0.351,1.48,78129,0.133866
262,35.727,0.35,1.47,78428,0.124529
263,42.963,0.349,1.47,78727,0.144396
264,31.656,0.347,1.63,79026,0.105927
265,28.441,0.346,1.55,79325,0.100965
266,41.64,0.344,1.4,79624,0.139189
267,34.158,0.343,1.6,79923,0.115009
268,25.534,0.342,1.62,80222,0.096093
269,34.164,0.34,1.62,80521,0.114179
270,24.431,0.339,1.8,80820,0.083577
271,32.551,0.338,1.68,81119,0.11048
272,26.984,0.336,1.69,81418,0.092691
273,39.957,0.335,1.45,81717,0.138884
274,40.89,0.333,1.53,82016,0.138125
275,38.294,0.332,1.52,82315,0.13194
276,36.302,0.331,1.59,82614,0.122467
277,30.34,0.329,1.64,82913,0.10686
278,23.537,0.328,1.75,83212,0.081343
279,28.175,0.327,1.77,83511,0.094091
280,29.727,0.326,1.67,83810,0.105066
281,39.658,0.324,1.63,84109,0.134068
282,19.852,0.323,1.92,84408,0.07306
283,29.183,0.322,1.73,84707,0.097433
284,26.9,0.32,1.73,85006,0.093033
285,18.554,0.319,1.83,85305,0.068165
286,35.05,0.318,1.62,85604,0.117239
287,35.222,0.317,1.64,85903,0.120021
288,43.451,0.315,1.51,86202,0.146323
289,28.896,0.314,1.89,86501,0.097198
290,31.701,0.313,1.68,86800,0.112948
291,29.931,0.312,1.82,87099,0.100306
292,28.93,0.31,1.84,87398,0.098339
293,41.298,0.309,1.65,87697,0.138177
294,43.269,0.308,1.67,87996,0.144617
295,29.362,0.307,1.79,88295,0.104879
296,37.097,0.305,1.7,88594,0.124223
297,42.149,0.304,1.56,88893,0.145192
298,31.639,0.303,1.73,89192,0.110045
299,19.476,0.302,4.08,89491,0.068911
300,34.648,0.3,3.84,89790,0.116248
301,23.853,0.299,4.41,90089,0.089646
302,42.448,0.298,3.49,90388,0.141546
303,27.779,0.297,4.34,90687,0.093118
304,36.507,0.296,3.92,90986,0.122054
305,40.851,0.295,3.3,91285,0.136551
306,38.039,0.293,3.79,91584,0.127201
307,28.304,0.292,4.62,91883,0.094851
308,38.396,0.291,3.69,92182,0.132675
309,30.954,0.29,4.47,92481,0.107607
310,29.578,0.289,4.52,92780,0.099019
311,41.401,0.288,3.61,93079,0.141932
312,43.469,0.286,3.6,93378,0.14529
313,32.695,0.285,3.87,93677,0.11027
314,27.417,0.284,4.65,93976,0.095266
315,31.253,0.283,4.29,94275,0.105373
316,30.449,0.282,4.65,94574,0.104948
317,20.933,0.281,4.68,94873,0.074166
318,34.622,0.28,4.08,95172,0.117784
319,35.151,0.278,3.91,95471,0.127352
320,22.164,0.277,4.77,95770,0.076553
321,28.447,0.276,4.43,96069,0.100002
322,29.381,0.275,4.44,96368,0.102064
323,39.453,0.274,4.07,96667,0.133548
324,38.471,0.273,4.18,96966,0.129309
325,41.286,0.272,3.79,97265,0.139024
326,28.028,0.271,4.87,97564,0.095737
327,24.508,0.27,4.86,97863,0.083939
328,42.012,0.269,3.78,98162,0.141708
329,26.665,0.267,4.8,98461,0.09058
330,31.874,0.266,4.82,98760,0.11062
331,41.508,0.265,4.01,99059,0.138634
332,43.207,0.264,3.79,99358,0.144946
333,44.158,0.263,3.8,99657,0.152205
334,27.697,0.262,4.82,99956,0.096164
335,39.861,0.261,3.99,100255,0.134006
336,28.679,0.26,4.92,100554,0.097993
337,41.92,0.259,3.8,100853,0.140177
338,42.686,0.258,3.89,101152,0.144005
339,26.6,0.257,4.71,101451,0.095446
340,27.033,0.256,4.86,101750,0.094534
341,26.82,0.255,5.02,102049,0.0938
342,22.701,0.254,5.05,102348,0.078861
343,39.355,0.253,4.23,102647,0.134264
344,44.951,0.252,4.16,102946,0.150363
345,38.048,0.251,4.15,103245,0.12849
346,23.82,0.25,5.23,103544,0.080274
347,42.155,0.249,3.92,103843,0.141971
348,38.034,0.248,4.65,104142,0.12819
349,27.91,0.247,5.01,104441,0.10064
350,34.711,0.246,4.67,104740,0.11694
351,35.557,0.245,4.63,105039,0.120857
352,41.972,0.244,4.09,105338,0.140622
353,20.276,0.243,5.29,105637,0.070823
354,28.464,0.242,5.38,105936,0.100432
355,34.751,0.241,4.63,106235,0.118628
356,39.423,0.24,4.26,106534,0.138491
357,24.777,0.239,5.0,106833,0.098318
358,42.637,0.238,4.11,107132,0.143433
359,36.581,0.237,4.52,107431,0.122493
360,28.699,0.236,5.19,107730,0.097175
361,40.71,0.235,4.66,108029,0.138034
362,44.777,0.234,3.98,108328,0.151207
363,26.264,0.233,5.56,108627,0.089138
364,43.121,0.232,4.22,108926,0.143802
365,24.073,0.232,5.43,109225,0.081796
366,41.675,0.231,4.1,109524,0.139472
367,22.225,0.23,5.58,109823,0.075884
368,32.537,0.229,5.02,110122,0.110322
369,25.536,0.228,5.31,110421,0.089678
370,34.936,0.227,4.81,110720,0.117189
371,41.073,0.226,4.24,111019,0.139676
372,41.29,0.225,4.37,111318,0.143215
373,36.559,0.224,4.63,111617,0.128018
374,27.431,0.223,5.42,111916,0.091766
375,44.314,0.222,4.19,112215,0.150294
376,38.765,0.222,4.85,112514,0.130295
377,31.096,0.221,4.88,112813,0.106715
378,42.014,0.22,4.47,113112,0.140098
379,35.105,0.219,5.03,113411,0.118676
380,38.164,0.218,4.75,113710,0.129199
381,24.528,0.217,5.38,114009,0.086646
382,21.307,0.216,5.47,114308,0.081462
383,33.631,0.215,4.93,114607,0.114609
384,25.03,0.215,5.89,114906,0.085161
385,40.631,0.214,4.8,115205,0.135493
386,34.958,0.213,5.4,115504,0.117695
387,26.091,0.212,5.61,115803,0.087392
388,29.795,0.211,5.56,116102,0.099749
389,43.279,0.21,4.45,116401,0.144983
390,24.666,0.209,5.88,116700,0.084704
391,40.177,0.209,5.1,116999,0.13423
392,39.246,0.208,4.87,117298,0.131216
393,33.3,0.207,5.41,117597,0.111416
394,28.698,0.206,5.19,117896,0.101122
395,27.968,0.205,5.43,118195,0.101194
396,29.845,0.205,5.49,118494,0.102241
397,29.889,0.204,5.12,118793,0.101917
398,27.479,0.203,5.6,119092,0.092704
399,34.626,0.202,5.25,119391,0.11616
400,44.041,0.201,4.49,119690,0.150007
401,36.651,0.2,5.1,119989,0.123254
402,23.957,0.2,6.02,120288,0.082144
403,36.378,0.199,4.99,120587,0.122451
404,20.912,0.198,6.02,120886,0.075495
405,35.977,0.197,4.99,121185,0.122207
406,31.122,0.196,5.47,121484,0.105058
407,41.778,0.196,4.64,121783,0.139647
408,21.954,0.195,6.02,122082,0.074664
409,40.194,0.194,4.97,122381,0.134711
410,45.038,0.193,4.46,122680,0.150517
411,31.213,0.193,5.68,122979,0.105618
412,39.83,0.192,5.15,123278,0.134394
413,44.162,0.191,4.67,123577,0.150208
414,29.206,0.19,5.75,123876,0.100658
415,19.016,0.19,6.06,124175,0.070068
416,41.899,0.189,4.82,124474,0.14317
417,22.629,0.188,5.78,124773,0.079737
418,33.518,0.187,5.35,125072,0.113696
419,30.275,0.186,5.48,125371,0.101334
420,33.942,0.186,5.66,125670,0.113893
421,37.692,0.185,5.1,125969,0.12605
422,43.313,0.184,4.79,126268,0.144766
423,28.164,0.184,6.18,126567,0.094955
424,32.407,0.183,5.61,126866,0.111129
425,44.322,0.182,4.72,127165,0.14846
426,22.386,0.181,6.12,127464,0.077855
427,30.438,0.181,5.79,127763,0.103418
428,36.798,0.18,5.75,128062,0.12767
429,42.389,0.179,5.01,128361,0.143081
430,43.305,0.178,4.88,128660,0.144592
431,33.886,0.178,5.79,128959,0.113366
432,40.814,0.177,5.28,129258,0.136114
433,29.815,0.176,6.01,129557,0.09952
434,38.849,0.176,5.45,129856,0.129896
435,32.443,0.175,5.4,130155,0.108671
436,37.674,0.174,5.13,130454,0.125972
437,21.311,0.174,6.13,130753,0.075584
438,43.91,0.173,4.94,131052,0.146411
439,43.396,0.172,5.1,131351,0.144708
440,43.36,0.171,5.11,131650,0.144929
441,36.103,0.171,5.74,131949,0.123762
442,23.11,0.17,6.35,132248,0.078056
443,36.861,0.169,5.44,132547,0.124906
444,39.186,0.169,5.27,132846,0.131686
445,25.072,0.168,6.22,133145,0.085011
446,22.113,0.167,6.31,133444,0.074487
447,43.888,0.167,5.33,133743,0.146885
448,27.859,0.166,6.06,134042,0.093235
449,19.964,0.165,6.59,134341,0.077633
450,28.861,0.165,5.88,134640,0.096294
451,31.447,0.164,6.06,134939,0.105248
452,23.534,0.163,6.43,135238,0.081072
453,26.408,0.163,6.22,135537,0.091294
454,21.991,0.162,6.5,135836,0.075375
455,28.612,0.161,6.41,136135,0.096196
456,19.98,0.161,6.64,136434,0.07092
457,39.789,0.16,5.57,136733,0.132693
458,23.515,0.16,6.58,137032,0.079462
459,44.221,0.159,5.1,137331,0.14779
460,29.215,0.158,6.12,137630,0.097932
461,43.918,0.158,5.18,137929,0.14711
462,28.59,0.157,6.28,138228,0.095865
463,30.344,0.156,5.94,138527,0.101234
464,39.494,0.156,5.71,138826,0.132385
465,33.393,0.155,6.06,139125,0.112948
466,43.178,0.154,5.11,139424,0.146099
467,31.573,0.154,6.03,139723,0.107312
468,43.32,0.153,5.3,140022,0.144464
469,39.853,0.153,5.77,140321,0.132915
470,45.507,0.152,5.48,140620,0.151745
471,24.213,0.151,6.6,140919,0.089615
472,32.167,0.151,6.13,141218,0.107299
473,30.939,0.15,6.31,141517,0.103459
474,45.202,0.15,5.34,141816,0.151219
475,43.203,0.149,5.47,142115,0.144393
476,24.112,0.148,6.93,142414,0.081597
477,44.394,0.148,5.14,142713,0.148371
478,41.527,0.147,5.72,143012,0.138817
479,24.648,0.147,6.76,143311,0.083342
480,44.368,0.146,5.16,143610,0.147943
481,41.616,0.145,5.66,143909,0.141844
482,44.898,0.145,5.61,144208,0.149712
483,27.297,0.144,6.32,144507,0.092186
484,29.089,0.144,6.29,144806,0.099882
485,35.021,0.143,6.04,145105,0.119377
486,38.13,0.143,5.82,145404,0.131681
487,26.206,0.142,6.64,145703,0.087646
488,24.568,0.141,6.6,146002,0.083711
489,46.045,0.141,5.41,146301,0.153881
490,27.785,0.14,6.52,146600,0.092803
491,30.056,0.14,6.43,146899,0.100598
492,35.497,0.139,6.18,147198,0.11838
493,43.062,0.139,5.34,147497,0.143595
494,28.409,0.138,6.35,147796,0.094908
495,35.737,0.138,6.2,148095,0.119203
496,42.264,0.137,5.62,148394,0.141949
497,25.448,0.136,6.82,148693,0.085831
498,43.026,0.136,5.55,148992,0.144372
499,32.529,0.135,6.55,149291,0.113728
500,28.013,0.135,6.72,149590,0.093912
501,38.816,0.134,6.06,149889,0.129445
502,24.194,0.134,6.88,150188,0.082305
503,39.95,0.133,6.01,150487,0.138867
504,42.915,0.133,5.81,150786,0.143433
505,25.239,0.132,6.68,151085,0.084616
506,33.492,0.132,6.29,151384,0.115326
507,45.552,0.131,5.82,151683,0.153407
508,37.84,0.131,6.21,151982,0.129054
509,40.537,0.13,5.89,152281,0.135512
510,33.458,0.129,6.11,152580,0.111605
511,24.018,0.129,6.88,152879,0.092325
512,38.476,0.128,6.39,153178,0.128659
513,44.225,0.128,5.8,153477,0.149007
514,44.407,0.127,6.0,153776,0.149273
515,34.339,0.127,6.32,154075,0.11589
516,43.498,0.126,5.87,154374,0.145043
517,44.275,0.126,5.91,154673,0.147977
518,27.7,0.125,6.97,154972,0.093107
519,33.788,0.125,6.66,155271,0.112693
520,31.858,0.124,6.8,155570,0.106486
521,38.604,0.124,6.27,155869,0.129313
522,35.902,0.123,6.44,156168,0.120071
523,32.716,0.123,6.83,156467,0.109472
524,25.922,0.122,7.27,156766,0.086688
525,33.234,0.122,6.73,157065,0.11304
526,30.794,0.121,6.93,157364,0.103063
527,31.771,0.121,6.69,157663,0.105971
528,42.77,0.12,5.94,157962,0.142953
529,40.449,0.12,6.48,158261,0.13556
530,31.807,0.12,6.99,158560,0.10644
531,40.1,0.119,6.29,158859,0.133895
532,31.524,0.119,6.96,159158,0.105177
533,42.886,0.118,6.12,159457,0.143017
534,41.763,0.118,6.41,159756,0.139263
535,33.94,0.117,6.87,160055,0.113246
536,44.749,0.117,6.11,160354,0.149561
537,39.952,0.116,6.59,160653,0.133584
538,30.439,0.116,7.42,160952,0.103998
539,30.818,0.115,7.32,161251,0.105201
540,38.677,0.115,6.5,161550,0.128995
541,29.113,0.114,7.28,161849,0.100008
542,27.444,0.114,7.34,162148,0.092779
543,44.737,0.113,6.4,162447,0.149185
544,21.959,0.113,7.65,162746,0.078095
545,43.242,0.113,6.17,163045,0.144192
546,38.047,0.112,6.46,163344,0.126876
547,44.357,0.112,6.37,163643,0.148241
548,27.38,0.111,7.23,163942,0.091348
549,43.607,0.111,6.35,164241,0.146298
550,34.066,0.11,6.86,164540,0.113635
551,39.491,0.11,6.68,164839,0.131709
552,40.724,0.109,6.23,165138,0.135811
553,38.518,0.109,6.66,165437,0.128456
554,34.758,0.109,6.94,165736,0.116274
555,33.124,0.108,6.86,166035,0.110683
556,41.359,0.108,6.18,166334,0.138261
557,43.328,0.107,6.29,166633,0.144816
558,40.299,0.107,6.44,166932,0.135058
559,36.027,0.106,6.93,167231,0.123805
560,27.939,0.106,7.39,167530,0.093612
561,41.639,0.106,6.77,167829,0.138856
562,24.408,0.105,7.94,168128,0.083086
563,25.652,0.105,7.54,168427,0.085787
564,27.124,0.104,7.43,168726,0.0936
565,44.484,0.104,6.48,169025,0.148672
566,43.826,0.103,6.5,169324,0.150423
567,30.485,0.103,7.56,169623,0.102025
568,33.886,0.103,7.1,169922,0.114486
569,47.21,0.102,6.43,170221,0.157759
570,44.745,0.102,6.53,170520,0.149199
571,36.679,0.101,7.2,170819,0.122662
572,30.594,0.101,7.55,171118,0.107866
573,36.46,0.101,7.16,171417,0.122275
574,36.878,0.1,6.91,171716,0.123314
575,36.168,0.1,6.99,172015,0.120966
576,31.005,0.099,7.48,172314,0.105972
577,36.186,0.099,7.22,172613,0.121035
578,42.04,0.099,6.87,172912,0.140541
579,30.637,0.098,7.48,173211,0.102444
580,32.363,0.098,7.46,173510,0.10796
581,31.26,0.097,7.6,173809,0.10976
582,35.376,0.097,7.42,174108,0.118005
583,27.666,0.097,7.56,174407,0.092717
584,35.781,0.096,7.47,174706,0.12042
585,35.639,0.096,7.06,175005,0.119858
586,31.277,0.095,7.7,175304,0.104672
587,38.48,0.095,6.9,175603,0.128656
588,28.747,0.095,7.68,175902,0.096063
589,39.23,0.094,7.07,176201,0.1315
590,46.762,0.094,6.44,176500,0.155932
591,46.007,0.094,6.66,176799,0.153411
592,43.882,0.093,6.81,177098,0.146324
593,36.407,0.093,7.42,177397,0.121543
594,27.447,0.092,8.16,177696,0.091695
595,34.846,0.092,7.46,177995,0.116568
596,43.1,0.092,6.75,178294,0.144053
597,26.238,0.091,7.54,178593,0.087717
598,31.263,0.091,7.74,178892,0.104301
599,24.438,0.091,8.15,179191,0.082464
600,44.57,0.09,6.96,179490,0.14895
601,43.645,0.09,6.98,179789,0.146071
602,25.827,0.09,7.89,180088,0.092036
603,27.692,0.089,7.97,180387,0.092596
604,45.115,0.089,6.96,180685,0.150441
605,39.457,0.088,7.11,180984,0.131596
606,31.061,0.088,7.81,181283,0.105833
607,39.402,0.088,7.59,181582,0.131404
608,36.857,0.087,7.34,181881,0.122925
609,30.573,0.087,8.0,182180,0.103188
610,38.578,0.087,7.62,182479,0.128671
611,39.957,0.086,7.44,182778,0.133585
612,36.687,0.086,7.86,183077,0.122694
613,23.549,0.086,8.31,183376,0.080237
614,43.225,0.085,7.38,183675,0.144339
615,41.566,0.085,7.3,183974,0.138945
616,25.685,0.085,8.25,184273,0.086414
617,35.793,0.084,7.59,184572,0.119721
618,39.572,0.084,7.51,184871,0.131971
619,34.784,0.084,7.91,185170,0.116009
620,27.153,0.083,8.49,185469,0.090977
621,46.916,0.083,7.06,185768,0.156773
622,38.54,0.083,7.55,186067,0.128543
623,32.419,0.082,7.79,186366,0.108475
624,29.288,0.082,8.22,186665,0.099044
625,46.562,0.082,7.12,186964,0.155262
626,21.318,0.081,8.55,187263,0.072728
627,44.055,0.081,7.37,187562,0.146904
628,27.203,0.081,8.5,187861,0.091125
629,33.515,0.08,7.79,188160,0.111904
630,28.425,0.08,8.39,188459,0.095071
631,37.705,0.08,7.66,188758,0.125751
632,34.069,0.079,8.13,189057,0.113966
633,24.89,0.079,8.46,189356,0.083626
634,30.434,0.079,8.16,189655,0.101572
635,24.897,0.078,8.51,189954,0.083721
636,38.422,0.078,7.81,190253,0.128139
637,38.632,0.078,7.76,190552,0.128964
638,39.196,0.078,7.6,190851,0.131056
639,39.882,0.077,7.77,191150,0.134554
640,32.164,0.077,8.37,191449,0.107968
641,43.501,0.077,7.35,191748,0.146225
642,43.532,0.076,7.32,192047,0.145162
643,27.157,0.076,8.49,192346,0.09196
644,44.958,0.076,7.54,192645,0.150256
645,29.341,0.075,8.48,192944,0.099208
646,26.478,0.075,8.58,193243,0.088504
647,45.192,0.075,7.5,193542,0.150694
648,46.569,0.074,7.36,193840,0.155605
649,45.285,0.074,7.55,194139,0.151147
650,26.181,0.074,8.44,194438,0.087367
651,44.117,0.074,7.37,194737,0.147442
652,44.732,0.073,7.51,195036,0.149162
653,38.024,0.073,7.74,195335,0.130862
654,42.48,0.073,7.68,195634,0.142332
655,45.984,0.072,7.74,195933,0.153667
656,31.586,0.072,8.36,196232,0.105708
657,30.303,0.072,8.51,196531,0.101596
658,37.135,0.072,8.04,196830,0.12486
659,27.782,0.071,8.9,197129,0.093076
660,45.165,0.071,7.49,197428,0.150602
661,37.57,0.071,8.15,197727,0.125299
662,42.776,0.07,7.91,198026,0.143319
663,33.416,0.07,8.24,198325,0.111532
664,40.635,0.07,7.83,198624,0.136182
665,42.545,0.07,7.95,198923,0.141884
666,30.125,0.069,8.71,199222,0.100598
667,25.987,0.069,8.61,199521,0.086743
668,29.123,0.069,8.55,199820,0.097253
669,45.251,0.068,7.59,200119,0.151225
670,40.36,0.068,7.9,200418,0.134935
671,32.408,0.068,8.39,200717,0.108114
672,45.791,0.068,7.7,201016,0.15269
673,31.101,0.067,8.89,201314,0.104059
674,31.634,0.067,8.36,201613,0.107043
675,24.354,0.067,9.23,201912,0.081732
676,43.956,0.067,7.88,202211,0.146573
677,43.905,0.066,7.59,202510,0.146402
678,42.245,0.066,8.08,202809,0.141316
679,26.363,0.066,8.48,203108,0.088324
680,42.17,0.066,7.84,203407,0.140636
681,45.34,0.065,7.79,203706,0.151533
682,37.108,0.065,8.73,204005,0.124005
683,45.507,0.065,7.97,204304,0.152081
684,26.956,0.064,8.98,204603,0.093223
685,42.778,0.064,7.89,204902,0.144463
686,26.797,0.064,9.1,205201,0.089986
687,27.385,0.064,9.16,205500,0.092554
688,33.538,0.063,8.79,205799,0.112895
689,24.355,0.063,9.13,206098,0.08133
690,26.957,0.063,9.37,206397,0.090288
691,44.296,0.063,7.72,206696,0.14869
692,46.526,0.062,7.87,206995,0.155484
693,26.804,0.062,8.93,207293,0.089754
694,39.071,0.062,8.23,207592,0.130304
695,35.72,0.062,8.53,207891,0.119479
696,46.493,0.061,7.91,208190,0.155364
697,44.88,0.061,7.82,208489,0.149649
698,44.408,0.061,7.78,208788,0.148408
699,29.479,0.061,9.05,209087,0.098364
700,29.77,0.06,8.95,209386,0.100725
701,45.453,0.06,7.84,209685,0.151907
702,26.119,0.06,9.1,209984,0.087704
703,38.795,0.06,8.53,210283,0.129379
704,26.602,0.06,9.25,210582,0.089457
705,25.337,0.059,9.26,210881,0.089806
706,42.774,0.059,8.21,211180,0.14297
707,45.357,0.059,8.0,211479,0.151579
708,24.609,0.059,9.3,211778,0.082696
709,32.249,0.058,8.85,212077,0.108285
710,27.409,0.058,9.29,212376,0.091815
711,40.075,0.058,8.52,212675,0.134557
712,41.724,0.058,8.13,212974,0.139478
713,23.399,0.057,9.15,213273,0.080232
714,45.037,0.057,7.98,213572,0.150185
715,45.289,0.057,8.05,213871,0.151019
716,24.538,0.057,9.33,214170,0.082565
717,25.394,0.056,9.12,214469,0.08551
718,46.31,0.056,8.1,214768,0.154754
719,36.646,0.056,8.87,215067,0.122564
720,42.977,0.056,8.5,215366,0.143317
721,28.043,0.056,9.64,215665,0.094267
722,31.353,0.055,9.23,215964,0.10491
723,33.684,0.055,8.77,216263,0.113353
724,32.098,0.055,9.05,216562,0.10774
725,46.116,0.055,8.23,216861,0.153771
726,31.735,0.054,8.97,217160,0.105868
727,40.359,0.054,8.53,217459,0.134928
728,38.408,0.054,8.71,217758,0.128431
729,39.969,0.054,8.6,218057,0.13363
730,45.004,0.054,8.51,218356,0.150299
731,28.741,0.053,9.46,218655,0.095901
732,36.38,0.053,8.85,218954,0.121336
733,45.733,0.053,8.27,219253,0.1525
734,25.932,0.053,9.48,219552,0.087198
735,48.29,0.053,8.36,219851,0.161025
736,39.108,0.052,8.73,220150,0.130422
737,31.778,0.052,9.05,220449,0.10635
738,38.175,0.052,8.93,220748,0.127316
739,35.527,0.052,8.93,221047,0.118498
740,25.464,0.052,9.66,221346,0.086146
741,36.426,0.051,8.78,221645,0.12149
742,38.565,0.051,8.65,221944,0.128954
743,45.918,0.051,8.51,222243,0.153785
744,31.133,0.051,9.52,222542,0.104196
745,44.665,0.05,8.5,222841,0.148935
746,45.955,0.05,8.42,223140,0.153572
747,44.478,0.05,8.48,223439,0.148643
748,38.988,0.05,8.84,223738,0.130701
749,39.087,0.05,8.61,224037,0.130697
750,44.758,0.05,8.48,224336,0.149587
751,46.076,0.05,8.54,224635,0.153644
752,38.356,0.05,8.76,224934,0.127921
753,34.469,0.05,9.52,225233,0.115314
754,38.997,0.05,9.18,225532,0.130049
755,43.656,0.05,8.77,225831,0.146101
756,33.678,0.05,9.53,226130,0.112668
757,32.804,0.05,9.46,226429,0.109756
758,39.813,0.05,8.97,226728,0.132773
759,37.821,0.05,6.46,227027,0.126365
760,37.32,0.05,4.59,227326,0.12481
761,47.36,0.05,4.65,227625,0.15826
762,39.404,0.05,4.53,227924,0.131753
763,29.641,0.05,4.54,228223,0.09901
764,25.316,0.05,4.72,228522,0.085011
765,33.162,0.05,4.45,228821,0.110955
766,28.799,0.05,4.41,229120,0.096406
767,45.449,0.05,4.13,229419,0.151551
768,44.606,0.05,4.36,229718,0.148734
769,38.33,0.05,4.36,230017,0.127839
770,31.024,0.05,4.43,230316,0.103509
771,26.06,0.05,4.66,230615,0.087569
772,30.225,0.05,4.52,230914,0.100831
773,39.347,0.05,4.48,231213,0.131222
774,46.312,0.05,4.2,231512,0.154428
775,44.377,0.05,4.23,231811,0.14798
776,40.905,0.05,4.35,232110,0.136411
777,42.101,0.05,4.27,232409,0.140733
778,38.519,0.05,4.46,232708,0.128806
779,42.013,0.05,4.27,233007,0.140436
780,30.035,0.05,4.51,233306,0.100193
781,42.996,0.05,4.34,233605,0.143709
782,35.687,0.05,4.4,233904,0.119569
783,24.169,0.05,4.54,234203,0.081554
784,30.756,0.05,4.59,234502,0.102615
785,25.134,0.05,4.59,234801,0.084157
786,23.344,0.05,4.63,235100,0.078622
787,38.217,0.05,4.42,235399,0.127799
788,40.823,0.05,4.33,235698,0.136477
789,44.685,0.05,4.26,235997,0.148999
790,25.659,0.05,4.64,236296,0.086335
791,38.388,0.05,4.5,236595,0.129265
792,44.945,0.05,4.36,236894,0.149868
793,41.466,0.05,4.38,237193,0.138279
794,25.82,0.05,4.63,237492,0.086508
795,30.951,0.05,4.67,237791,0.103591
796,29.375,0.05,4.61,238090,0.098313
797,28.666,0.05,4.67,238389,0.096549
798,37.245,0.05,4.56,238688,0.124546
799,33.131,0.05,4.71,238987,0.110518
800,42.129,0.05,4.44,239286,0.141434
801,44.136,0.05,4.56,239585,0.147507
802,40.698,0.05,4.43,239884,0.136052
803,44.216,0.05,4.5,240183,0.147438
804,40.777,0.05,4.5,240482,0.136327
805,42.531,0.05,4.47,240781,0.141822
806,34.076,0.05,4.51,241080,0.114659
807,40.145,0.05,4.48,241379,0.134555
808,46.325,0.05,4.38,241678,0.154806
809,44.647,0.05,4.47,241977,0.149512
810,33.414,0.05,4.64,242276,0.111737
811,45.222,0.05,4.49,242575,0.151124
812,45.427,0.05,4.48,242874,0.151475
813,46.885,0.05,4.49,243173,0.157002
814,42.899,0.05,4.57,243472,0.143081
815,26.098,0.05,4.7,243771,0.087652
816,34.075,0.05,6.91,244070,0.113997
817,46.33,0.05,9.51,244369,0.154836
818,39.308,0.05,10.17,244668,0.131419
819,33.232,0.05,10.33,244967,0.111179
820,44.743,0.05,9.46,245266,0.149202
821,39.751,0.05,9.56,245565,0.13256
822,28.338,0.05,10.5,245864,0.094899
823,40.587,0.05,10.04,246163,0.135689
824,44.17,0.05,9.8,246462,0.147295
825,32.738,0.05,10.34,246761,0.109537
826,32.193,0.05,10.92,247060,0.107393
827,35.464,0.05,10.03,247359,0.11828
828,25.75,0.05,10.91,247658,0.089349
829,34.804,0.05,10.26,247957,0.116417
830,33.457,0.05,10.53,248256,0.112268
831,37.638,0.05,10.21,248555,0.125858
832,42.5,0.05,10.0,248854,0.142061
833,27.282,0.05,10.82,249153,0.091045
834,30.48,0.05,11.06,249452,0.101688
835,33.224,0.05,10.21,249751,0.110824
836,37.172,0.05,10.36,250050,0.124318
837,41.029,0.05,10.15,250349,0.13773
838,39.817,0.05,10.29,250648,0.13312
839,28.113,0.05,11.09,250947,0.094596
840,26.44,0.05,10.73,251246,0.088624
841,39.072,0.05,10.28,251545,0.130641
842,45.605,0.05,10.11,251844,0.152069
843,25.517,0.05,11.44,252143,0.085902
844,32.649,0.05,10.72,252442,0.109246
845,35.17,0.05,10.91,252741,0.117644
846,26.943,0.05,11.17,253040,0.089937
847,34.271,0.05,10.65,253339,0.114649
848,45.969,0.05,9.95,253638,0.153622
849,30.115,0.05,10.89,253937,0.100805
850,36.17,0.05,10.27,254236,0.120971
851,26.824,0.05,11.36,254535,0.08989
852,45.05,0.05,10.05,254834,0.15021
853,24.247,0.05,11.31,255133,0.081963
854,33.51,0.05,10.53,255432,0.112119
855,30.446,0.05,10.85,255731,0.101573
856,36.295,0.05,10.62,256030,0.121399
857,26.389,0.05,11.38,256329,0.088537
858,42.469,0.05,10.04,256628,0.143515
859,28.937,0.05,11.02,256927,0.096823
860,36.871,0.05,10.44,257226,0.122972
861,45.773,0.05,9.87,257525,0.152632
862,31.755,0.05,10.64,257824,0.106255
863,38.141,0.05,10.47,258123,0.127538
864,45.723,0.05,9.59,258422,0.152472
865,37.456,0.05,10.9,258721,0.125266
866,24.186,0.05,11.44,259020,0.081234
867,33.885,0.05,11.08,259319,0.113356
868,31.449,0.05,10.9,259618,0.105236
869,44.29,0.05,10.4,259917,0.148014
870,45.29,0.05,10.63,260216,0.151348
871,44.325,0.05,10.26,260515,0.147801
872,39.004,0.05,10.76,260814,0.130088
873,41.433,0.05,10.52,261113,0.138837
874,43.941,0.05,10.2,261412,0.146525
875,35.616,0.05,10.67,261711,0.119138
876,31.923,0.05,11.0,262010,0.106825
877,36.134,0.05,11.03,262309,0.120723
878,36.382,0.05,11.02,262608,0.121668
879,46.103,0.05,9.78,262907,0.155107
880,30.156,0.05,11.06,263206,0.100899
881,30.774,0.05,10.9,263505,0.104104
882,41.841,0.05,10.31,263804,0.139528
883,38.278,0.05,10.88,264103,0.127672
884,34.551,0.05,10.54,264402,0.115246
885,24.59,0.05,11.77,264701,0.082901
886,38.045,0.05,10.43,265000,0.12722
887,46.112,0.05,10.21,265299,0.153969
888,36.916,0.05,10.77,265598,0.123452
889,31.17,0.05,11.55,265897,0.104304
890,44.963,0.05,10.26,266196,0.153658
891,36.358,0.05,10.88,266495,0.121598
892,43.962,0.05,10.56,266794,0.147264
893,42.279,0.05,10.94,267093,0.140994
894,28.999,0.05,11.4,267392,0.097109
895,23.64,0.05,12.0,267691,0.080221
896,39.583,0.05,10.56,267990,0.132014
897,44.496,0.05,10.65,268289,0.148706
898,31.101,0.05,11.23,268588,0.104088
899,45.992,0.05,10.32,268887,0.153696
900,29.944,0.05,11.48,269186,0.099899
901,44.754,0.05,10.5,269485,0.149234
902,26.54,0.05,11.76,269784,0.088893
903,30.736,0.05,11.42,270083,0.102887
904,44.247,0.05,10.77,270381,0.147544
905,34.029,0.05,10.98,270680,0.114765
906,44.644,0.05,10.39,270979,0.148878
907,27.111,0.05,11.75,271278,0.091125
908,44.882,0.05,10.32,271577,0.149999
909,45.157,0.05,10.12,271876,0.150577
910,45.175,0.05,10.29,272175,0.150633
911,39.717,0.05,10.77,272474,0.132788
912,31.321,0.05,11.14,272773,0.10449
913,40.971,0.05,11.05,273072,0.136627
914,45.005,0.05,10.63,273371,0.1507
915,44.227,0.05,10.65,273670,0.148487
916,33.462,0.05,11.15,273969,0.111952
917,46.742,0.05,10.74,274268,0.15587
918,47.13,0.05,10.58,274567,0.15715
919,39.343,0.05,11.18,274866,0.131216
920,23.222,0.05,12.09,275165,0.07881
921,43.535,0.05,11.18,275464,0.145515
922,33.231,0.05,10.72,275763,0.110855
923,34.756,0.05,11.16,276062,0.116146
924,36.347,0.05,11.05,276360,0.122296
925,31.275,0.05,11.62,276659,0.104989
926,45.857,0.05,10.85,276958,0.153246
927,32.346,0.05,11.13,277257,0.108231
928,30.781,0.05,11.72,277556,0.103184
929,41.29,0.05,11.02,277855,0.13769
930,25.25,0.05,12.02,278154,0.08453
931,44.807,0.05,10.93,278453,0.149744
932,39.977,0.05,11.23,278752,0.133644
933,36.311,0.05,11.35,279051,0.12144
934,44.935,0.05,10.53,279350,0.150497
935,34.436,0.05,11.18,279649,0.117029
936,27.252,0.05,11.75,279948,0.090937
937,43.415,0.05,11.02,280247,0.144767
938,36.724,0.05,10.69,280546,0.122485
939,40.278,0.05,11.24,280845,0.134326
940,41.186,0.05,11.09,281144,0.138788
941,44.047,0.05,11.02,281442,0.146881
942,46.639,0.05,11.21,281741,0.155597
943,31.83,0.05,11.8,282040,0.106842
944,36.218,0.05,11.69,282339,0.121473
945,38.336,0.05,11.3,282638,0.128182
946,44.581,0.05,11.19,282937,0.148655
947,30.51,0.05,11.61,283236,0.10228
948,30.786,0.05,12.28,283535,0.103035
949,44.779,0.05,11.15,283834,0.149656
950,35.132,0.05,11.7,284133,0.117505
951,30.316,0.05,12.1,284432,0.101806
952,43.538,0.05,11.45,284731,0.145526
953,23.889,0.05,12.25,285030,0.080019
954,44.277,0.05,10.89,285329,0.147975
955,33.961,0.05,12.13,285628,0.11328
956,46.977,0.05,10.69,285927,0.157409
957,24.674,0.05,12.56,286226,0.082816
958,31.307,0.05,12.47,286525,0.104442
959,43.959,0.05,11.15,286824,0.146916
960,31.257,0.05,12.11,287123,0.104767
961,35.69,0.05,11.8,287422,0.11937
962,38.239,0.05,11.92,287721,0.127867
963,44.453,0.05,11.33,288020,0.148922
964,44.416,0.05,11.05,288319,0.148336
965,33.456,0.05,12.17,288618,0.112031
966,26.663,0.05,12.34,288917,0.088955
967,27.025,0.05,12.55,289216,0.090561
968,24.188,0.05,13.16,289515,0.08208
969,44.127,0.05,11.2,289814,0.147479
970,47.009,0.05,11.48,290113,0.157089
971,30.058,0.05,12.66,290412,0.100949
972,41.59,0.05,11.98,290711,0.138695
973,37.992,0.05,12.22,291010,0.127237
974,23.633,0.05,12.61,291309,0.080931
975,31.619,0.05,12.24,291608,0.105815
976,40.861,0.05,11.4,291907,0.136599
977,26.009,0.05,12.71,292206,0.087449
978,35.135,0.05,11.88,292505,0.119382
979,42.61,0.05,11.6,292804,0.142096
980,35.44,0.05,12.86,293103,0.118204
981,26.365,0.05,12.49,293402,0.088517
982,27.814,0.05,12.67,293701,0.093139
983,37.465,0.05,12.13,294000,0.124942
984,33.741,0.05,12.24,294299,0.112882
985,30.927,0.05,12.13,294598,0.103515
986,43.629,0.05,11.32,294897,0.14583
987,45.885,0.05,11.6,295196,0.154099
988,31.088,0.05,12.24,295495,0.104053
989,41.161,0.05,11.77,295794,0.137603
990,44.358,0.05,10.93,296093,0.147912
991,33.653,0.05,11.86,296392,0.11225
992,39.754,0.05,11.93,296691,0.132585
993,25.321,0.05,13.05,296990,0.08505
994,28.877,0.05,12.47,297289,0.096339
995,28.966,0.05,12.5,297588,0.097053
996,29.955,0.05,12.47,297887,0.100265
997,37.402,0.05,12.38,298186,0.125075
998,44.03,0.05,11.43,298485,0.147152
999,30.067,0.05,12.87,298784,0.100312
1000,28.911,0.05,12.6,299083,0.09679
