Episode,Reward,Loss,Duration_s,Epsilon
1,21.27480104,0,0.92,0.995
2,17.45904352,0,1.16,0.99
3,16.10412635,0,1.61,0.985
4,12.81219332,0.005523523,84.59,0.98
5,25.97317876,0.002105923,115.36,0.975
6,26.78504774,0.004039122,72.32,0.97
7,19.48018413,0.002211057,55.55,0.966
8,21.49446828,0.001739902,58.36,0.961
9,28.54384786,0.001456267,60.64,0.956
10,12.80203168,0.002520863,57.5,0.951
11,28.17887617,0.002155865,57.53,0.946
12,18.48641985,0.001896748,57.99,0.942
13,12.38190353,0.001119614,58.64,0.937
14,31.02946775,0.002854702,57.48,0.932
15,26.00933725,0.001631765,58.56,0.928
16,10.1033723,0.001302676,57.58,0.923
17,22.22917873,0.002382872,56.56,0.918
18,25.03671152,0.00146399,57.43,0.914
19,14.64601934,0.001300016,63.33,0.909
20,18.29049351,0.00165845,58.6,0.905
21,16.3443641,0.001902121,58.26,0.9
22,32.47014051,0.001633988,58.47,0.896
23,30.45401068,0.001157249,57.65,0.891
24,16.72747434,0.001425889,59.78,0.887
25,18.14324039,0.004641614,57.33,0.882
26,32.21886228,0.00103572,57.37,0.878
27,17.36153758,0.002588758,58.35,0.873
28,17.20139713,0.002441638,59.63,0.869
29,19.54028337,0.00160074,58.76,0.865
30,27.1968761,0.002914797,62.85,0.86
31,28.05553142,0.002699878,57.98,0.856
32,28.77483018,0.002291638,58.82,0.852
33,10.0286881,0.001749441,59.34,0.848
34,5.27089102,0.001333638,63.93,0.843
35,26.77941125,0.001325936,65.77,0.839
36,16.80472646,0.001708502,72.56,0.835
37,24.99264204,0.001532679,58.76,0.831
38,30.22952632,0.003780407,63.51,0.827
39,21.77434073,0.013341893,66.05,0.822
40,22.98388783,0.002173806,71.63,0.818
41,13.34445239,0.002163473,77.13,0.814
42,15.16555297,0.003557832,72,0.81
43,17.90434914,0.001360932,75.25,0.806
44,25.02960108,0.002547126,67.74,0.802
45,1.853604813,0.002496964,74.17,0.798
46,26.33543388,0.001560849,70.88,0.794
47,30.96102252,0.002946652,74.08,0.79
48,26.88109386,0.002913687,92.49,0.786
49,13.95330902,0.004218083,58.59,0.782
50,16.47766329,0.002324411,69.86,0.778
51,29.79858492,0.001271885,60.58,0.774
52,28.84080932,0.003965371,59.21,0.771
53,19.97815274,0.001648995,59.91,0.767
54,22.15755722,0.003106371,60.39,0.763
55,34.91959661,0.00334518,64.57,0.759
56,36.61662134,0.004066683,62.57,0.755
57,33.1442087,0.003367593,60.34,0.751
58,25.42421623,0.001024319,62.02,0.748
59,-5.508168221,0.00318968,66,0.744
60,17.06885934,0.002585427,64.07,0.74
61,34.62400285,0.001574492,71.92,0.737
62,33.48600987,0.002985134,36.98,0.733
63,22.45937758,0.001922076,36.84,0.729
64,29.08722717,0.001121007,37.4,0.726
65,30.30211262,0.001959836,38.68,0.722
66,12.59171258,0.001061651,39.47,0.718
67,28.49687905,0.002245177,38.94,0.715
68,31.25397359,0.004659804,44.12,0.711
69,17.11012691,0.004905317,46.5,0.708
70,25.11675849,0.003109046,45.37,0.704
71,13.8318641,0.0016137,45.91,0.701
72,-1.305670045,0.001209404,45.79,0.697
73,34.21940648,0.003330238,45.78,0.694
74,32.25342234,0.004202601,45.56,0.69
75,20.77833993,0.002107909,45.32,0.687
76,20.0128835,0.001944782,46.08,0.683
77,35.69139825,0.002563259,45.51,0.68
78,15.56144752,0.000781936,46.42,0.676
79,28.3800661,0.0022058,45.61,0.673
80,31.69631219,0.001080356,46,0.67
81,33.1806256,0.00230528,46.11,0.666
82,32.88724777,0.004189148,46.16,0.663
83,30.59227561,0.00200337,45.94,0.66
84,31.67056933,0.002680881,46.28,0.656
85,30.06661398,0.004500033,46.25,0.653
86,32.84572885,0.001582152,46.48,0.65
87,-2.651319724,0.000996607,47.28,0.647
88,24.05188393,0.000711289,48.12,0.643
89,24.30434031,0.003786173,47.3,0.64
90,8.18465394,0.004007054,46.89,0.637
91,33.45505816,0.002405174,46.91,0.634
92,34.27275847,0.001064934,47.67,0.631
93,34.48883856,0.00216685,46.84,0.627
94,30.83830702,0.001675324,46.99,0.624
95,33.76302153,0.000596254,47.1,0.621
96,38.10072255,0.001628965,47.09,0.618
97,26.55894669,0.002089649,47.31,0.615
98,29.11698777,0.001484985,46.9,0.612
99,37.00508465,0.001160468,47.08,0.609
100,29.79720898,0.004063922,47.44,0.606
101,31.43669563,0.002871048,47.27,0.603
102,33.24536066,0.000433605,47.26,0.6
103,27.24623596,0.000681847,47.61,0.597
104,21.51606891,0.00169247,47.92,0.594
105,33.67001513,0.001520534,47.59,0.591
106,18.9589929,0.002198741,47.97,0.588
107,37.12942626,0.002313227,48.12,0.585
108,30.05468378,0.000644282,47.85,0.582
109,29.80657301,0.004070573,48.08,0.579
110,13.21179982,0.000826046,48.45,0.576
111,21.00112665,0.002606361,48.32,0.573
112,18.14822173,0.003352778,48.22,0.57
113,28.03105472,0.000756523,48.05,0.568
114,24.27595006,0.003441858,48.24,0.565
115,31.54488062,0.001013891,49.16,0.562
116,38.02891944,0.002663886,48.22,0.559
117,18.68133491,0.001450062,49.03,0.556
118,33.80696093,0.001150495,48.67,0.554
119,31.65976431,0.002104145,49.07,0.551
120,29.80767612,0.00315354,49.46,0.548
121,32.43803213,0.003386312,49.17,0.545
122,26.78309405,0.00144369,49.41,0.543
123,30.7776212,0.002582639,50.21,0.54
124,20.83271821,0.002579014,52.94,0.537
125,29.59517847,0.002468117,49.49,0.534
126,30.93820048,0.004452875,49.64,0.532
127,26.2060247,0.002788953,50.57,0.529
128,30.2941722,0.002172057,49.78,0.526
129,27.51093599,0.003259104,49.74,0.524
130,20.46301506,0.000812043,50.37,0.521
131,31.85981758,0.003904905,50.01,0.519
132,28.60815674,0.002268977,50.24,0.516
133,23.42122595,0.002758596,50.5,0.513
134,33.65499017,0.001736437,50.38,0.511
135,33.03467278,0.001044097,50.49,0.508
136,37.72031622,0.0011274,50.85,0.506
137,34.9084128,0.002147257,50.3,0.503
138,33.6855054,0.002425042,50.46,0.501
139,18.89995585,0.001852839,51.25,0.498
140,40.45691972,0.000430214,53.48,0.496
141,26.6484254,0.003089922,50.75,0.493
142,23.0535327,0.012935739,51.66,0.491
143,36.30771291,0.001812935,51.16,0.488
144,19.16171123,0.000942873,51.09,0.486
145,25.91202644,0.001958275,51.16,0.483
146,36.11242289,0.005174784,51.4,0.481
147,34.95619658,0.002429834,51.44,0.479
148,13.13509424,0.005639039,69.48,0.476
149,36.31100722,0.001970629,69.18,0.474
150,40.01278078,0.001350062,68.47,0.471
151,18.16640237,0.003197352,73.52,0.469
152,32.78006758,0.001229649,77.11,0.467
153,38.16990741,0.001473899,69.72,0.464
154,20.55776442,0.001347849,69.84,0.462
155,33.69965153,0.003176105,2722.83,0.46
156,21.33439935,0.001678692,73.34,0.458
157,36.39194715,0.003718404,68.49,0.455
158,31.71649949,0.000520113,72.98,0.453
159,27.37187581,0.000499613,73.36,0.451
160,34.53310112,0.000881665,73.17,0.448
161,24.46093423,0.001310661,72.49,0.446
162,22.69847631,0.001838462,72.68,0.444
163,34.99373926,0.002586515,73.73,0.442
164,40.20984937,0.002714504,73.5,0.44
165,36.78232264,0.002605235,72.38,0.437
166,35.09825793,0.000943074,72.83,0.435
167,35.83891449,0.000600807,72.27,0.433
168,37.96679116,0.000830848,73.69,0.431
169,24.75911387,0.000619378,72.54,0.429
170,34.73908226,0.000866752,79.01,0.427
171,25.04502366,0.002384828,74.07,0.424
172,39.46311365,0.000461063,72.72,0.422
173,32.68201832,0.002891809,71.98,0.42
174,37.50999152,0.001848911,73.63,0.418
175,34.20637258,0.000861491,73.36,0.416
176,37.25517677,0.0021522,74.54,0.414
177,28.65446393,0.001855978,74.12,0.412
178,21.38066033,0.017512729,73.24,0.41
179,36.31204381,0.007609089,74.04,0.408
180,36.45714046,0.001554817,72.58,0.406
181,37.34654912,0.003417017,72.4,0.404
182,38.61513798,0.001319597,72.08,0.402
183,36.11122766,0.001145365,72.96,0.4
184,18.06490429,0.005435199,72.66,0.398
185,15.16837489,0.001781931,73.14,0.396
186,34.44835947,0.001586156,73,0.394
187,40.10045266,0.001133471,72.17,0.392
188,37.09793683,0.000995176,72.64,0.39
189,28.70414812,0.000266982,72.53,0.388
190,37.55941407,0.003378173,74.25,0.386
191,38.34394499,0.002637895,72.67,0.384
192,38.4849565,0.002129563,73.61,0.382
193,37.29580832,0.002037702,77,0.38
194,34.24488004,0.000236834,72.34,0.378
195,27.62248917,0.002180651,72.41,0.376
196,36.79367245,0.004525583,72.99,0.374
197,40.74471875,0.000856814,73.42,0.373
198,36.41985767,0.001658758,73.8,0.371
199,34.87320142,0.004473931,71.18,0.369
200,28.79347996,0.000369083,72.95,0.367
201,33.65613154,0.00091097,73.55,0.365
202,36.49059152,0.001032419,72.6,0.363
203,19.63271232,0.000769656,73.94,0.361
204,31.43158802,0.000490584,72.69,0.36
205,35.69541334,0.001802999,72.85,0.358
206,20.5234613,0.001408264,73.56,0.356
207,37.77213157,0.000678148,72.17,0.354
208,29.93194121,0.001957499,73.08,0.353
209,42.32179811,0.000363736,74.06,0.351
210,27.69567734,0.000955417,72.89,0.349
211,30.56189812,0.001625887,72.87,0.347
212,30.03874291,0.000458875,72.62,0.346
213,37.8812631,0.00079045,73.04,0.344
214,35.04132849,0.000450145,73.01,0.342
215,38.70574686,0.001946197,72.61,0.34
216,29.84143886,0.000649902,74.01,0.339
217,40.42799999,0.00081484,73.7,0.337
218,29.78840356,0.000493351,73.17,0.335
219,37.24852458,0.001735457,74.56,0.334
220,25.95827359,0.002054437,74.25,0.332
221,36.15175973,0.001715986,73.45,0.33
222,27.85829684,0.000940321,73.76,0.329
223,30.75981022,0.001477128,75.38,0.327
224,38.34191272,0.000534871,74.38,0.325
225,34.54668627,0.000346197,72.94,0.324
226,28.40918215,0.000366716,73.64,0.322
227,32.2590085,0.0016758,73.65,0.321
228,23.38234325,0.001048887,77.22,0.319
229,37.90356773,0.000692353,73.78,0.317
230,31.00284694,0.000899422,73.74,0.316
231,24.54057975,0.000332587,73.96,0.314
232,33.28845595,0.000823835,74.21,0.313
233,35.26772827,0.000332036,74.05,0.311
234,28.03100292,0.000764559,74.21,0.309
235,40.13171134,0.000847436,73.08,0.308
236,36.35677551,0.000363402,73.82,0.306
237,32.67516776,0.00035898,72.94,0.305
238,36.10340674,0.001613642,73.04,0.303
239,35.361557,0.000484948,72.73,0.302
240,43.05328548,0.000812824,72.45,0.3
241,22.64655883,0.000708071,74.05,0.299
242,38.12951426,0.002510843,77.02,0.297
243,39.73476078,0.00052315,71.81,0.296
244,21.7085735,0.000335322,72.61,0.294
245,31.68641514,0.002197654,73.06,0.293
246,40.4258029,0.000448694,74.56,0.291
247,25.96055662,0.000328592,73.23,0.29
248,34.80540575,0.002531517,74.6,0.288
249,20.42997339,0.000651672,75.04,0.287
250,37.7723376,0.002101789,73.29,0.286
251,37.42479721,0.000418412,76.17,0.284
252,39.96594205,0.001300254,73.46,0.283
253,28.20067723,0.00110291,75.86,0.281
254,42.21719232,0.001308712,74.17,0.28
255,37.71810971,0.000891043,73.26,0.279
256,36.49843158,0.000575067,74.66,0.277
257,35.29828,0.006617155,73.62,0.276
258,27.32822661,0.001409759,73.98,0.274
259,41.64689465,0.003512389,74.49,0.273
260,37.40334611,0.000321422,73.78,0.272
261,29.46055426,0.000379281,75.13,0.27
262,24.73720097,0.000451024,73.54,0.269
263,22.26710697,0.000381293,74.06,0.268
264,36.30081968,0.000530246,73.43,0.266
265,38.64794183,0.002920405,72.54,0.265
266,37.0659706,0.000454997,74.18,0.264
267,32.55641791,0.00063717,74.53,0.262
268,32.53605902,0.000302342,74.25,0.261
269,35.59245779,0.00053999,74.52,0.26
270,38.79611912,0.000364609,74.07,0.258
271,28.89936162,0.000967745,73.05,0.257
272,31.34328924,0.005008197,74.03,0.256
273,29.2393598,0.000474907,73.29,0.255
274,27.01340503,0.000688598,73.56,0.253
275,26.03503037,0.000588352,74.83,0.252
276,24.35952562,0.000505536,74.53,0.251
277,39.65968013,0.000308776,73.41,0.249
278,41.4931518,0.001732179,74.96,0.248
279,23.64284129,0.001708356,73.98,0.247
280,35.21662635,0.000476524,73.98,0.246
281,22.18200095,0.002061467,72.51,0.245
282,39.5645823,0.000670872,73.68,0.243
283,29.29601728,0.000591959,74.05,0.242
284,40.92590179,0.000533912,72.81,0.241
285,38.25080378,0.001592281,72.3,0.24
286,37.61658279,0.000335475,73.55,0.238
287,40.23878235,0.000125897,73.03,0.237
288,24.33328359,0.002271853,73.64,0.236
289,29.67643068,0.000167875,72.87,0.235
290,38.5953065,0.001231882,72.5,0.234
291,17.96344005,0.001691642,78.22,0.233
292,36.04070631,0.000455013,73.9,0.231
293,38.82733277,0.000255336,73.76,0.23
294,29.70005092,0.00040063,73.62,0.229
295,43.04777937,0.001730763,72.29,0.228
296,32.61256151,0.000629924,72.89,0.227
297,35.96223011,0.000386838,73.33,0.226
298,39.57279968,0.002432886,73.65,0.225
299,40.47692837,0.001910893,73.53,0.223
300,41.53797062,0.00215332,73.04,0.222
301,40.9279735,0.000575258,72.18,0.221
302,37.89657502,0.000586287,74.42,0.22
303,40.43462951,0.000354923,72.7,0.219
304,31.49679163,0.001814321,73.2,0.218
305,26.88796149,0.000457648,73.7,0.217
306,37.5188564,0.000555171,73.42,0.216
307,26.47889972,0.006209238,73.93,0.215
308,29.03987574,0.000661688,74.14,0.214
309,24.45699536,0.000651851,74.43,0.212
310,34.52530697,0.00025159,74.08,0.211
311,41.76906212,0.000336919,74.11,0.21
312,41.00487097,0.000496317,73.48,0.209
313,31.28044342,0.000368793,72.96,0.208
314,20.75567122,0.001755536,75.21,0.207
315,31.16953215,0.000478898,72.53,0.206
316,38.35405571,0.000262008,72.47,0.205
317,40.82992483,0.000404354,74.25,0.204
318,27.84000789,0.000752126,74.57,0.203
319,40.68912022,0.000470076,73.87,0.202
320,35.05338201,0.000409221,74.03,0.201
321,40.6444621,0.000672222,73.51,0.2
322,39.11526336,0.000253162,73.47,0.199
323,24.98864196,0.001423331,74.15,0.198
324,39.45739093,0.001870285,74.07,0.197
325,33.66475154,0.000405652,74.56,0.196
326,39.33525494,0.000888377,73.93,0.195
327,40.57762032,0.000535562,73.23,0.194
328,38.94718661,0.000303414,74.68,0.193
329,23.66053719,0.000259619,73.4,0.192
330,29.1894478,0.000401786,74.39,0.191
331,36.46068052,0.00068898,74.16,0.19
332,22.65441595,0.002841329,75.68,0.189
333,43.77979209,0.000367281,74.85,0.188
334,18.86694244,0.000482654,74.8,0.187
335,40.59894399,0.004710719,74.94,0.187
336,27.20066781,0.00039643,75.95,0.186
337,41.37779573,0.000241591,74.17,0.185
338,26.89590073,0.000566448,75.07,0.184
339,34.14838125,0.000296171,74.65,0.183
340,19.48998581,0.005346733,79.83,0.182
341,32.15829831,0.00031376,74.13,0.181
342,38.7646185,0.005802435,74.08,0.18
343,37.79052295,0.000502073,74.58,0.179
344,31.52578877,0.000393264,72.42,0.178
345,31.95653181,0.002623913,78.06,0.177
346,28.43074657,0.001380535,75.68,0.177
347,42.24163988,0.000266988,78,0.176
348,27.7852726,0.00069436,74.71,0.175
349,46.04758835,0.001772899,77.83,0.174
350,38.30355978,0.006154278,76.24,0.173
351,23.18733047,0.002223456,79.64,0.172
352,35.50512821,0.000653339,75.37,0.171
353,28.50930046,0.000344447,76.29,0.17
354,38.37298215,0.001075871,76.42,0.17
355,33.53328536,0.000403889,95.01,0.169
356,32.41697835,0.000398966,92.22,0.168
357,28.79545013,0.000278695,133.33,0.167
358,24.35662481,0.000356136,140.62,0.166
359,34.83020826,0.000326664,139.91,0.165
360,21.68568082,0.000164712,140.2,0.165
361,29.18033923,0.001608865,139.73,0.164
362,41.12446316,0.002689915,138.97,0.163
363,27.95520178,0.001127454,148.98,0.162
364,43.70787567,0.000293081,139.1,0.161
365,25.99588925,0.013586736,142.86,0.16
366,43.640427,0.000287703,141.6,0.16
367,44.41842522,0.00096961,149.22,0.159
368,34.65286136,0.000175546,144.62,0.158
369,32.61641385,0.000249328,143.07,0.157
370,33.79599845,0.000636852,144.71,0.157
371,24.79224942,0.003961015,142.78,0.156
372,44.47251978,0.00025521,140.89,0.155
373,25.64935868,0.000285838,167.23,0.154
374,27.34379694,0.000599717,111.26,0.153
375,41.64724547,0.000425855,139.92,0.153
376,27.80014157,0.00023602,141.09,0.152
377,29.40579484,0.000615067,141.46,0.151
378,26.96431712,0.000424157,139.33,0.15
379,27.49130259,0.000446656,141.68,0.15
380,20.06393421,0.000383993,140.24,0.149
381,35.8670481,0.000314985,137.42,0.148
382,26.31884345,0.001451354,138.63,0.147
383,30.31274399,0.000381946,140.82,0.147
384,28.67796938,0.000153038,154.46,0.146
385,34.86761202,0.000168611,139.8,0.145
386,32.23983512,0.000515052,156.44,0.144
387,28.48557163,0.000645528,143.97,0.144
388,43.10998211,0.000271155,136.51,0.143
389,32.04097914,0.000257392,147.37,0.142
390,32.96439571,0.005503591,142.23,0.142
391,21.13566139,0.000290517,139.54,0.141
392,38.85630165,0.000186275,139.63,0.14
393,41.40616097,0.00026954,150.59,0.139
394,24.69540628,0.000281262,150.06,0.139
395,38.73789733,0.001855419,145.94,0.138
396,29.575435,0.000779152,143.94,0.137
397,27.05425408,0.001300622,139.13,0.137
398,33.63512926,0.000133984,157.12,0.136
399,33.90246786,0.000959285,146.11,0.135
400,41.58664059,0.000308689,153.66,0.135
401,30.84954646,0.001213953,135.21,0.134
402,44.53088608,0.0246142,141.25,0.133
403,44.43773869,0.000482381,140.14,0.133
404,42.73163188,0.003338524,142.46,0.132
405,45.42056079,0.000278386,142.69,0.131
406,32.72504444,0.000331192,140.7,0.131
407,22.91948712,0.000266136,162.06,0.13
408,45.69155218,0.000458437,159.21,0.129
409,38.2173124,0.00580077,170.97,0.129
410,41.0947314,0.000335116,137.1,0.128
411,27.24426403,0.000316967,139.03,0.127
412,25.4198303,0.000401526,140.47,0.127
413,42.52828842,0.000215839,138.84,0.126
414,28.55457459,0.000836659,114.94,0.126
415,36.92017229,0.004190239,78.7,0.125
416,40.07289091,0.00024709,79.09,0.124
417,28.82064732,0.002192865,79.07,0.124
418,32.59898284,0.000153447,84.71,0.123
419,39.23508688,0.000293847,83.98,0.122
420,37.36902004,0.002725255,84.03,0.122
421,29.86987474,0.021626106,88.45,0.121
422,29.57380654,0.000117385,85.3,0.121
423,27.82476572,0.000411912,83.48,0.12
424,46.16072232,0.00034869,86.56,0.119
425,45.59333457,0.001625691,86.89,0.119
426,32.76649361,0.000330771,86.43,0.118
427,41.59922889,0.00172427,83.99,0.118
428,46.04288102,0.001270852,83.89,0.117
429,27.79852046,0.00033577,90.65,0.116
430,42.81430241,0.00078406,85.66,0.116
431,40.15146747,0.000209625,82.9,0.115
432,38.44793153,0.000175506,79.85,0.115
433,27.44639166,0.000322521,87.26,0.114
434,33.54681341,0.00043457,86.45,0.114
435,40.46331173,0.000272396,82.4,0.113
436,40.04287808,0.0004239,85.89,0.112
437,42.76187928,0.000181792,89.55,0.112
438,27.66296944,0.000154888,89.15,0.111
439,37.87580349,0.000175025,83.41,0.111
440,26.09611529,0.000302385,85.34,0.11
441,33.72454351,0.000139104,96.2,0.11
442,32.96635351,0.000390757,86.23,0.109
443,29.97462003,0.000312123,81.62,0.109
444,26.88688017,0.001315479,78.69,0.108
445,34.46522451,0.000349323,80.71,0.107
446,31.3340497,0.000782541,78.91,0.107
447,36.64174613,0.000938426,85.35,0.106
448,41.49664595,0.000340214,82.96,0.106
449,26.73421805,0.002921446,79.67,0.105
450,28.99027542,0.000253775,81.21,0.105
451,44.07386099,0.000494471,81.07,0.104
452,35.48426309,0.000275438,88.36,0.104
453,38.48102382,0.000303073,84.94,0.103
454,37.41789662,0.000372973,83.75,0.103
455,29.40550846,0.000226573,79.2,0.102
456,30.57344688,0.000317488,83.61,0.102
457,29.65556998,0.000505087,79.74,0.101
458,41.56731858,0.000207936,78.21,0.101
459,24.6145723,0.000205254,89.83,0.1
460,44.88802742,0.012296178,84.97,0.1
461,33.31836253,0.000177583,84.71,0.099
462,26.40847137,0.000623558,86.01,0.099
463,46.27116945,0.000233329,81.61,0.098
464,37.70384586,0.002071923,84.22,0.098
465,42.32171158,0.000419862,81.96,0.097
466,26.25506493,0.000335265,78.92,0.097
467,44.63850186,0.000327124,80.24,0.096
468,33.63843652,0.000992664,80.38,0.096
469,38.19780821,0.000261566,81.12,0.095
470,43.47300099,0.001431463,89.37,0.095
471,33.61871983,0.002958819,86.5,0.094
472,44.8584281,0.000296668,92.42,0.094
473,43.70095477,0.00021298,81.94,0.093
474,26.24044672,0.001232708,83.22,0.093
475,34.90366309,0.000313618,84.8,0.092
476,34.65825946,0.001294032,81.05,0.092
477,35.80196281,0.000179615,77.73,0.092
478,23.76984442,0.000627444,79.96,0.091
479,41.91343829,0.001487893,81.44,0.091
480,41.34501395,0.000168487,86.61,0.09
481,45.90149455,0.0004203,56.46,0.09
482,28.10985761,0.000521461,46.32,0.089
483,31.52049516,0.00069689,47.36,0.089
484,29.23686309,0.003165072,47.06,0.088
485,28.74407507,0.002036464,46.74,0.088
486,22.92703374,0.000413867,51.98,0.088
487,44.69318859,0.000306712,54.3,0.087
488,44.08855366,0.000457489,53.81,0.087
489,24.99464075,0.000309439,54.76,0.086
490,41.83353553,0.022443043,53.9,0.086
491,31.45274187,0.000916132,53.79,0.085
492,28.9898054,0.000136224,54.12,0.085
493,42.88152828,0.000223082,53.83,0.084
494,43.57767535,0.001336595,53.52,0.084
495,28.77111588,0.004445079,54.18,0.084
496,34.4119405,0.000228015,54.68,0.083
497,42.34660621,0.000238497,53.7,0.083
498,41.78774752,0.000229098,53.97,0.082
499,29.88026447,0.000327991,54.1,0.082
500,34.25037408,0.000294344,53.81,0.082
501,42.12826399,0.000256003,53.91,0.081
502,27.89322449,0.00107356,54.2,0.081
503,40.60469497,0.000189146,53.82,0.08
504,40.40142244,0.000294577,53.83,0.08
505,34.98233824,0.000644638,53.83,0.08
506,42.19656589,0.000393532,53.76,0.079
507,39.15656065,0.000318214,54.05,0.079
508,39.12316316,0.000285571,53.85,0.078
509,35.02510654,0.000358874,54.13,0.078
510,43.28762803,0.00040151,53.76,0.078
511,43.66863065,0.000352207,53.74,0.077
512,25.24218614,0.000250327,54.72,0.077
513,44.81873749,0.000514954,53.84,0.076
514,39.9225704,0.000171705,54.01,0.076
515,36.75762815,0.002431762,54.33,0.076
516,42.23295042,0.000260369,53.77,0.075
517,40.57944656,0.000426618,54.74,0.075
518,29.95824209,0.000182056,53.82,0.075
519,28.586205,0.000221267,54.23,0.074
520,31.23377246,0.000256477,54.74,0.074
521,45.87213157,0.000325265,54.71,0.073
522,36.26477449,0.000299976,54.09,0.073
523,45.54678457,0.000388126,53.87,0.073
524,46.06435215,0.019132443,53.58,0.072
525,41.51587907,0.000502705,53.53,0.072
526,23.30558116,0.000229648,54.37,0.072
527,45.2391782,0.000105325,53.66,0.071
528,32.91422059,0.000240093,54.39,0.071
529,40.28281975,0.000445576,54.04,0.071
530,23.79009942,0.000225095,54.1,0.07
531,24.76845995,0.002740835,54.24,0.07
532,41.65824092,0.000613088,53.44,0.069
533,39.21069671,0.01417084,53.49,0.069
534,32.5215603,0.00024413,58.9,0.069
535,27.05522916,0.000210453,53.92,0.068
536,41.24623007,0.000276049,53.68,0.068
537,32.30355478,0.000231486,53.96,0.068
538,29.70879482,0.001044531,53.94,0.067
539,34.02006222,0.00127922,53.65,0.067
540,20.8869199,0.000324828,53.92,0.067
541,42.98900014,0.006488996,53.66,0.066
542,31.6628523,0.000198982,53.72,0.066
543,27.92751201,0.000123572,54.13,0.066
544,30.92883379,0.000477488,53.64,0.065
545,41.87640096,0.000593396,54.24,0.065
546,45.2855781,0.000154198,54.26,0.065
547,34.0448818,0.000573012,54.11,0.064
548,25.85001648,0.000551809,54.45,0.064
549,41.95661599,0.000322063,53.63,0.064
550,36.73605902,0.000670051,53.73,0.063
551,38.34683637,0.000337818,53.92,0.063
552,43.00626722,0.000258373,53.65,0.063
553,23.64360417,0.000531521,54.03,0.063
554,24.30398684,0.000251453,54.85,0.062
555,30.54045143,0.000379375,53.67,0.062
556,45.7187887,0.030683674,53.66,0.062
557,28.33431165,0.013966816,53.81,0.061
558,28.84407802,0.000830378,54.14,0.061
559,39.93160627,0.000468853,53.75,0.061
560,41.04827471,0.00028835,53.73,0.06
561,42.0421105,0.001099611,53.88,0.06
562,41.57625026,0.000808879,53.96,0.06
563,40.09354,0.001070057,54.12,0.059
564,19.80087265,0.00028496,54.02,0.059
565,40.47872136,0.014498202,53.64,0.059
566,26.87623319,0.000175888,54.01,0.059
567,27.15986173,0.001349914,54,0.058
568,30.3939856,0.00172708,53.88,0.058
569,44.14320831,0.000351166,53.47,0.058
570,33.40200637,0.000662781,54.16,0.057
571,22.67399431,0.000422084,54.55,0.057
572,41.75720904,0.000292209,53.53,0.057
573,39.93254073,0.000282968,54.12,0.057
574,27.5068379,0.013988162,53.63,0.056
575,31.69060889,0.000128853,53.97,0.056
576,24.51631348,0.001675641,54,0.056
577,22.65704775,0.000381364,54.36,0.055
578,36.89038668,0.000238747,53.46,0.055
579,36.03415654,0.000554052,54.17,0.055
580,37.55647059,0.00026707,53.44,0.055
581,44.50898407,0.000390099,54.13,0.054
582,43.94151598,0.000353216,53.87,0.054
583,25.20960361,0.000553795,54.24,0.054
584,37.31510236,0.00030446,53.58,0.054
585,43.59920034,0.001678334,53.75,0.053
586,32.00010419,0.000714464,54.14,0.053
587,39.57593829,0.00016416,53.68,0.053
588,27.20622719,0.000666378,53.79,0.052
589,28.62641449,0.000431636,53.42,0.052
590,40.20245373,0.010249054,53.57,0.052
591,39.43647312,0.000640095,53.54,0.052
592,35.27807298,0.001600352,53.62,0.051
593,21.65853906,0.000357174,54.22,0.051
594,22.91224277,0.000115037,53.75,0.051
595,36.66371465,0.000262897,53.79,0.051
596,25.88383191,0.000719286,54.19,0.05
597,37.73663176,0.000504245,53.37,0.05
598,34.54595989,0.000560782,53.84,0.05
599,33.09713952,0.000288387,53.48,0.05
600,32.16857002,0.000343338,58.45,0.05
601,41.31543877,0.00065136,53.65,0.05
602,41.34326187,0.000519332,53.85,0.05
603,35.8839826,0.000220413,53.62,0.05
604,34.55332786,0.000633899,53.6,0.05
605,44.39224559,0.00028774,53.63,0.05
606,38.75095447,0.000353237,54.2,0.05
607,36.29648554,0.001771262,53.61,0.05
608,42.87902098,0.001140881,53.9,0.05
609,18.94300758,0.00025898,54.03,0.05
610,22.29286248,0.00033123,53.78,0.05
611,-9.821363107,0.000477893,54.02,0.05
612,46.31566863,0.001815789,53.97,0.05
613,43.45711956,0.000431591,53.36,0.05
614,22.35281133,0.001296307,53.84,0.05
615,28.94069453,0.000107592,54.21,0.05
616,37.28889065,0.000383263,53.61,0.05
617,37.60364602,0.000705829,53.5,0.05
618,32.53404558,0.000453008,53.64,0.05
619,29.53145735,0.000581146,53.8,0.05
620,19.31828512,0.009725085,54.17,0.05
621,42.00426438,0.004413052,53.58,0.05
622,40.00723641,0.000270497,53.9,0.05
623,42.32346866,0.000531916,53.23,0.05
624,34.13095701,0.000907617,53.16,0.05
625,33.39250606,0.000146959,47.27,0.05
626,31.43563019,0.001235202,48.78,0.05
627,23.25386028,0.000205576,48.9,0.05
628,20.31976967,0.000336377,48.94,0.05
629,43.2666911,0.000748233,59.66,0.05
630,28.18925061,0.000296972,140.82,0.05
631,40.07372796,0.000143873,81.13,0.05
632,36.26232459,0.000811249,147.11,0.05
633,28.59712186,0.000344251,146.92,0.05
634,42.46088095,0.000747003,146.15,0.05
635,35.40508082,0.000220085,143.62,0.05
636,42.2328327,0.000734501,108.83,0.05
637,28.49178763,0.001656973,146.73,0.05
638,37.72814391,0.000424774,146.38,0.05
639,45.35211291,0.000287472,146.14,0.05
640,45.52974147,0.018930979,148.26,0.05
641,46.82572196,0.000693777,118.45,0.05
642,32.69004026,0.000232445,79.87,0.05
643,42.32344217,0.000161821,96.12,0.05
644,25.2222131,0.009643113,78.63,0.05
645,33.29784088,0.000339162,112.01,0.05
646,43.80503226,0.016455285,60.34,0.05
647,21.16376086,0.00070247,108.26,0.05
648,42.47308899,0.00069934,58.59,0.05
649,34.44656707,0.027775548,48.08,0.05
650,27.7514507,0.000297594,49.6,0.05
651,37.54989199,0.00349435,62.56,0.05
652,36.73264345,0.000198745,52.31,0.05
653,28.90645705,0.000199809,65.24,0.05
654,22.69598638,0.00015966,128.39,0.05
655,19.49904965,0.00096287,87.11,0.05
656,33.70815409,0.000603837,49.78,0.05
657,35.62909515,0.001619958,106.68,0.05
658,24.84743501,0.000562608,74.06,0.05
659,39.25778884,0.000198823,76.2,0.05
660,37.66472534,0.000256304,93.79,0.05
661,35.25561736,0.000273471,57.37,0.05
662,27.94075752,0.000312209,84.58,0.05
663,34.396726,0.000415055,86.01,0.05
664,35.92043394,0.000456712,85.32,0.05
665,28.39600551,0.000301148,85.82,0.05
666,45.55973753,0.000494856,81.87,0.05
667,37.6355057,0.02489638,85.92,0.05
668,42.15936404,0.000185208,79.3,0.05
669,24.9514766,0.000783487,80.17,0.05
670,16.68603753,0.000318634,63.24,0.05
671,26.45724347,0.00017655,48.38,0.05
672,30.99962357,0.000276899,46.25,0.05
673,26.08475666,0.000790933,46.73,0.05
674,39.77090897,0.000602373,46.83,0.05
675,45.01308128,0.000656549,46.29,0.05
676,44.84964299,0.000601487,51.69,0.05
677,31.65555703,0.000464157,53.5,0.05
678,42.19520467,0.00128704,53.18,0.05
679,44.00939435,0.029614881,53.52,0.05
680,18.44771962,0.000540105,53.72,0.05
681,27.73767335,0.015365287,54.01,0.05
682,29.10596584,0.000223807,53.76,0.05
683,28.68813014,0.000303435,53.51,0.05
684,39.27299716,0.023358231,53.79,0.05
685,31.71680205,0.001177048,54.28,0.05
686,30.78388341,0.001774376,53.89,0.05
687,32.79912381,0.000454225,53.84,0.05
688,36.24516817,0.001036627,53.82,0.05
689,38.96072261,0.000319066,53.8,0.05
690,39.54963681,0.00143888,54.3,0.05
691,30.43274205,0.000134362,54.21,0.05
692,38.1772533,0.000847549,53.44,0.05
693,26.92968261,0.000526088,54.13,0.05
694,21.45920923,0.000255827,54.01,0.05
695,30.85169969,0.000475486,53.71,0.05
696,33.45263798,0.000537407,54.47,0.05
697,24.09569618,0.000506156,54.16,0.05
698,43.53189706,0.000451647,53.66,0.05
699,40.62295743,0.00067017,54.05,0.05
700,24.31597178,0.011448611,57.13,0.05
701,23.6983424,0.000860602,56.31,0.05
702,26.62486461,0.000478653,54.88,0.05
703,34.26891261,0.000969338,54.28,0.05
704,38.05520149,0.000262572,53.66,0.05
705,25.74966536,0.001032906,54.09,0.05
706,41.5645823,0.000274495,53.53,0.05
707,42.87040333,0.000586659,54.01,0.05
708,33.66033911,0.000352942,53.93,0.05
709,36.33869758,0.000625257,53.47,0.05
710,42.24586718,0.000185791,53.17,0.05
711,38.91242936,0.000973006,53.94,0.05
712,31.27860628,0.002279814,54.78,0.05
713,44.37395399,0.000302418,53.6,0.05
714,28.97701314,0.000674292,53.94,0.05
715,29.69519348,0.000401177,53.84,0.05
716,23.20423348,0.000951714,54.49,0.05
717,28.7328583,0.00042151,54.15,0.05
718,44.39867468,9.96E-05,54.31,0.05
719,25.00411133,0.001012878,53.9,0.05
720,37.47152557,0.001354511,53.65,0.05
721,41.71451196,0.000314705,53.53,0.05
722,33.55660186,0.001629862,53.7,0.05
723,33.70712339,0.000219435,53.75,0.05
724,39.69162899,0.000359769,53.58,0.05
725,33.50637788,0.000237254,54.01,0.05
726,44.07856066,0.014931381,53.49,0.05
727,40.18911287,0.000467255,54.08,0.05
728,45.03331332,0.00039389,53.66,0.05
729,26.03865785,0.027109059,53.87,0.05
730,40.8545325,0.000333785,53.84,0.05
731,28.22588884,0.000318725,53.77,0.05
732,36.35255939,0.000385117,54.21,0.05
733,27.76639884,0.000230401,54.06,0.05
734,26.35203433,0.000280299,54.35,0.05
735,42.14735702,0.000254644,54.1,0.05
736,26.03477814,0.000798165,54.02,0.05
737,41.07207742,0.008134337,53.77,0.05
738,40.01318929,0.000386343,53.81,0.05
739,32.27331444,0.000496911,57.83,0.05
740,29.82375062,0.000351545,54.12,0.05
741,41.34260731,0.000437722,53.96,0.05
742,29.44545837,0.001002062,54.02,0.05
743,21.82419533,0.000204479,54.02,0.05
744,24.56003361,0.000484769,53.77,0.05
745,25.25494337,0.000637194,54.4,0.05
746,20.50198959,0.00041134,53.93,0.05
747,43.28651227,0.000375299,53.81,0.05
748,38.91910127,0.000464737,54.14,0.05
749,35.31042005,0.000213186,54.37,0.05
750,38.80646,0.000497113,53.6,0.05
751,39.02429746,0.000561982,53.93,0.05
752,38.73400879,0.000306308,54.06,0.05
753,38.52411028,0.000561856,53.8,0.05
754,27.62611576,0.002680041,53.61,0.05
755,32.09732406,0.024699757,53.76,0.05
756,39.3847028,0.001315823,53.46,0.05
757,25.58282181,0.000204558,54.23,0.05
758,36.56543318,0.000560836,53.78,0.05
759,33.62436015,0.000501626,53.68,0.05
760,30.41516123,0.002770252,53.74,0.05
761,26.99988963,0.000237311,54.67,0.05
762,32.65544489,0.003060236,54.35,0.05
763,29.54890808,0.000409935,54,0.05
764,29.25549993,0.000651418,54.05,0.05
765,33.19850575,0.001697694,53.67,0.05
766,26.95640349,0.001918302,54.52,0.05
767,32.88540475,0.0007966,54.14,0.05
768,26.61204175,0.000815617,55.41,0.05
769,36.96545349,0.000772361,53.59,0.05
770,26.543022,0.000481364,59.13,0.05
771,31.48675537,0.000359426,54.32,0.05
772,28.57066116,0.000249998,54.37,0.05
773,43.30670899,0.000506855,53.73,0.05
774,35.21378735,0.000424423,54.52,0.05
775,34.50915507,0.000595994,53.69,0.05
776,42.784661,0.000600857,53.84,0.05
777,37.16758111,0.00039859,53.82,0.05
778,41.23758653,0.029150454,53.89,0.05
779,41.58082751,0.00201579,53.6,0.05
780,24.3989328,0.00018138,54.06,0.05
781,36.405605,0.000230989,53.9,0.05
782,35.5832368,0.001641142,54.41,0.05
783,42.03068741,0.000423982,54.03,0.05
784,38.7224359,0.000684436,53.48,0.05
785,10.923275,0.000281933,54.69,0.05
786,43.14282393,0.021445541,53.67,0.05
787,29.82788108,0.000272558,55.09,0.05
788,20.65824386,0.000532298,53.98,0.05
789,27.61372907,0.000381688,54.05,0.05
790,36.80359333,0.000924228,53.99,0.05
791,37.69220968,0.023798842,54.14,0.05
792,37.63672388,0.002961258,53.56,0.05
793,31.08538297,0.000640856,54.12,0.05
794,35.20005533,0.000485179,53.9,0.05
795,37.35511555,0.000261158,54.37,0.05
796,33.70149632,0.00065098,53.92,0.05
797,26.32190995,0.000516699,53.84,0.05
798,34.17443638,0.002197262,53.55,0.05
799,34.82660286,0.00056807,53.69,0.05
800,35.55243902,0.000460568,53.9,0.05
801,37.79392409,0.028133342,53.84,0.05
802,34.93740964,0.000451603,53.87,0.05
803,42.17368175,0.000328883,54.27,0.05
804,20.43351875,0.000412589,54.19,0.05
805,18.8821799,0.000941055,54.47,0.05
806,13.0024711,0.000633365,53.98,0.05
807,28.26429269,0.000396177,54.2,0.05
808,35.76704457,0.001176306,54.16,0.05
809,42.14832327,0.000876976,54.11,0.05
810,27.65075993,0.000230832,54.53,0.05
811,37.93318588,0.000492424,53.55,0.05
812,44.37387747,0.000345582,53.66,0.05
813,29.79593576,0.000723263,54.29,0.05
814,32.22278319,0.000552164,54.45,0.05
815,36.6348423,0.014628502,54.45,0.05
816,36.37170393,0.000851391,54.08,0.05
817,17.6138674,0.00042831,54.21,0.05
818,23.25944821,0.000814936,54.77,0.05
819,33.59053619,0.00048422,53.87,0.05
820,29.25194397,0.000963784,54.07,0.05
821,45.6928669,0.000826953,53.87,0.05
822,31.66856561,0.000343622,54.12,0.05
823,34.86022168,0.000864461,53.85,0.05
824,42.39353412,0.000634151,53.82,0.05
825,43.26410139,0.000725378,53.78,0.05
826,34.09854872,0.000442817,53.97,0.05
827,33.64848867,0.00048763,53.69,0.05
828,34.48049493,0.000682838,53.65,0.05
829,37.21061754,0.000567534,54.25,0.05
830,43.96843994,0.000534306,53.42,0.05
831,12.11043065,0.000476593,54.17,0.05
832,15.87556539,0.002823136,54.56,0.05
833,38.72555597,0.000404732,54.16,0.05
834,41.94550752,0.000769759,53.98,0.05
835,43.5592572,0.000846832,54.06,0.05
836,25.82291505,0.005349139,54.05,0.05
837,31.392162,0.002452933,59.08,0.05
838,34.24878741,0.00027645,53.97,0.05
839,21.25189365,0.001418055,54.31,0.05
840,33.47600039,0.000323085,54.18,0.05
841,26.90727702,0.000449805,54.21,0.05
842,42.19924301,0.00098666,53.79,0.05
843,40.43105855,0.000963028,53.47,0.05
844,41.91701867,0.000522094,53.68,0.05
845,37.73506157,0.000712565,53.92,0.05
846,39.97865043,0.033458266,53.39,0.05
847,25.66045213,0.000896195,54.06,0.05
848,29.19735172,0.000834811,54.73,0.05
849,23.64178057,0.000295913,54.58,0.05
850,10.45795219,0.000133448,54.53,0.05
851,42.81162676,0.000407269,54.39,0.05
852,31.04265204,0.000572982,53.75,0.05
853,40.88241447,0.000891917,53.68,0.05
854,42.3804599,0.00082113,53.51,0.05
855,26.7733421,0.006396187,53.34,0.05
856,38.56074939,0.000476365,53.71,0.05
857,29.62423095,0.000849501,53.93,0.05
858,29.6591536,0.000453258,54.08,0.05
859,34.38414918,0.000422939,53.99,0.05
860,41.87000836,0.002005046,53.73,0.05
861,34.27443638,0.001462973,53.62,0.05
862,24.23482818,0.00032061,54.13,0.05
863,39.57181135,0.03128596,53.73,0.05
864,12.13346813,0.000492236,54.3,0.05
865,41.22819424,0.002766632,53.8,0.05
866,45.04054178,0.001404109,53.55,0.05
867,34.06429269,0.002433382,53.76,0.05
868,27.20199518,0.000340408,54.11,0.05
869,27.5501763,0.000769396,54.18,0.05
870,40.21645064,0.000445864,53.33,0.05
871,27.46439659,0.000507847,54.19,0.05
872,24.25092887,0.001285354,53.8,0.05
873,30.00051241,0.001077546,53.87,0.05
874,32.08103706,0.000825376,53.89,0.05
875,29.35107691,0.000797787,53.84,0.05
876,41.7874173,0.015299904,53.94,0.05
877,42.67478809,0.001251218,53.75,0.05
878,36.37385922,0.000221877,53.53,0.05
879,39.72451761,0.000471965,53.61,0.05
880,24.51072879,0.000414047,53.86,0.05
881,35.27213039,0.001142378,53.85,0.05
882,34.16806527,0.001427913,54.52,0.05
883,43.44213051,0.001512944,58.58,0.05
884,23.94541511,0.000316949,54.26,0.05
885,35.17907749,0.000473104,54.04,0.05
886,28.16037414,0.00079956,54.23,0.05
887,32.06005304,0.000987998,53.97,0.05
888,39.40859969,0.003446491,53.57,0.05
889,38.57499588,0.005316619,53.64,0.05
890,37.42344629,0.000860754,53.6,0.05
891,34.60945145,0.000328069,54.13,0.05
892,40.27948394,0.002264023,53.28,0.05
893,37.1544601,0.001905081,53.92,0.05
894,29.04148036,0.000907969,54.27,0.05
895,42.76596207,0.001653816,53.7,0.05
896,33.59059064,0.000654856,54.16,0.05
897,43.1398051,0.000490199,53.76,0.05
898,46.62292976,0.001081848,53.75,0.05
899,40.72490552,0.000479839,56.82,0.05
900,37.04455746,0.000409341,53.46,0.05
901,39.6372048,0.00054054,54.1,0.05
902,38.47498146,0.000313778,53.56,0.05
903,42.20731617,0.000668426,58.5,0.05
904,-1.805777472,0.000321033,53.92,0.05
905,29.45206111,0.001461156,55.17,0.05
906,41.06894822,0.000420773,53.46,0.05
907,33.08202008,0.000872567,54.11,0.05
908,44.7476531,0.000261482,53.53,0.05
909,41.6525744,0.002351923,53.62,0.05
910,32.85088472,0.000551855,53.95,0.05
911,34.54375603,0.000486452,53.61,0.05
912,40.45856349,0.000704334,53.89,0.05
913,44.30185332,0.000764744,53.33,0.05
914,36.27366703,0.001168826,53.34,0.05
915,27.85024634,0.002032265,53.63,0.05
916,30.76153993,0.002041919,54.25,0.05
917,35.48456094,0.006946295,53.6,0.05
918,40.11254621,0.000912321,53.94,0.05
919,41.56120529,0.001201206,53.89,0.05
920,36.18943014,0.000667958,53.51,0.05
921,43.04754686,0.001136832,53.72,0.05
922,26.82134074,0.000908457,54.2,0.05
923,35.04237892,0.000464734,53.7,0.05
924,34.57214805,0.000284581,53.48,0.05
925,24.29180029,0.000720414,53.5,0.05
926,31.09083787,0.000413818,53.57,0.05
927,41.93210985,0.000572016,53.26,0.05
928,25.28256811,0.001090116,54.04,0.05
929,44.88457359,0.003499413,53.03,0.05
930,23.27649632,0.002378418,53.99,0.05
931,34.09619888,0.002197933,53.6,0.05
932,35.55633638,0.000727274,53.65,0.05
933,42.78250924,0.000610643,54.34,0.05
934,27.31770944,0.001420226,53.99,0.05
935,35.85317864,0.002352863,54.14,0.05
936,30.82696193,0.000653769,53.73,0.05
937,43.06147195,0.000241237,53.39,0.05
938,28.85095447,0.001081176,53.52,0.05
939,37.70210143,0.00072372,54.11,0.05
940,42.96682207,0.000299548,53.19,0.05
941,23.24572767,0.001527248,53.9,0.05
942,40.03488527,0.000696596,54.24,0.05
943,41.98458742,0.000482056,53.35,0.05
944,37.59050941,0.008735473,53.29,0.05
945,27.91934232,0.001137244,53.41,0.05
946,33.54697323,0.00038525,53.61,0.05
947,37.41820154,0.046217546,53.73,0.05
948,42.88943897,0.001805336,53.67,0.05
949,40.23662028,0.025255878,53.89,0.05
950,39.70497428,0.000486098,53.47,0.05
951,41.14188947,0.00197094,54.25,0.05
952,44.10281398,0.000513552,53.89,0.05
953,29.8861529,0.00038044,54.2,0.05
954,39.15808346,0.000369613,45.42,0.05
955,41.5991191,0.000680295,64.26,0.05
956,40.86589673,0.001021409,42.27,0.05
957,35.97754556,0.008480544,37.31,0.05
958,37.86146047,0.00159151,37.88,0.05
959,40.8724824,0.001164514,37.76,0.05
960,22.1736482,0.000985753,37.11,0.05
961,26.38388047,0.001180021,36.74,0.05
962,33.17327029,0.07585793,37.4,0.05
963,26.63356202,0.000485441,37.52,0.05
964,31.17157207,0.000562958,36.59,0.05
965,25.47301482,0.000515071,36.87,0.05
966,45.60553584,0.0002609,36.94,0.05
967,32.12866044,0.000658183,36.52,0.05
968,39.06345241,0.000415815,36.74,0.05
969,32.79343729,0.000157615,36.58,0.05
970,35.68335276,0.000276773,37.08,0.05
971,42.61634851,0.000988735,36.75,0.05
972,42.07919463,0.000766548,37.04,0.05
973,37.17077712,0.000277361,36.7,0.05
974,35.4970418,0.001442399,37.03,0.05
975,32.28342369,0.001001235,36.89,0.05
976,29.90711221,0.002222977,41.12,0.05
977,31.12424066,0.000325677,37.75,0.05
978,2.036680912,0.001923195,37.09,0.05
979,35.94535271,0.000287701,37.24,0.05
980,27.39823968,0.000866666,36.9,0.05
981,27.46275871,0.000883273,37.37,0.05
982,46.07572373,0.000495654,37.03,0.05
983,32.08660969,0.000606991,36.67,0.05
984,42.38638748,0.000507218,36.59,0.05
985,29.5868319,0.000524914,36.7,0.05
986,45.09634839,0.000589223,36.47,0.05
987,23.58554867,0.000344697,36.64,0.05
988,44.40463375,0.001220768,37.02,0.05
989,36.82998046,0.000712315,36.81,0.05
990,30.84308028,0.000582497,37.1,0.05
991,32.04750035,0.000584255,37.06,0.05
992,38.42928351,0.001321092,37.34,0.05
993,32.32047809,0.000355508,36.77,0.05
994,45.00433531,0.004822253,37.16,0.05
995,44.98476608,0.000199221,36.73,0.05
996,45.4617695,0.000871154,36.78,0.05
997,40.50661334,0.00048932,36.5,0.05
998,32.27273846,0.000508681,37.16,0.05
999,27.65891314,0.000528326,37.04,0.05
1000,30.56154965,0.000884531,36.6,0.05
